HomeTeam,AwayTeam,match_date,market,probability_%,pro_tier,real_odds
Ajax,Excelsior,2026-09-19,away_goals_under_25,96.2,PRO_STRONG,
Ajax,Excelsior,2026-09-19,away_win_and_cards_under35,95.0,PRO_STRONG,
Ajax,Excelsior,2026-09-19,away_win_and_under_25,94.2,PRO_STRONG,
Ajax,Excelsior,2026-09-19,away_win_and_under_15,93.4,PRO_STRONG,
Ajax,Excelsior,2026-09-19,home_goals_over_05,92.2,PRO_STRONG,
Ajax,Excelsior,2026-09-19,dc_1x,90.2,PRO_STRONG,1.07
Ajax,Excelsior,2026-09-19,dc_x2_and_under_25,89.5,PRO_STRONG,
Ajax,Excelsior,2026-09-19,dc_12,89.4,PRO_STRONG,1.12
Ajax,Excelsior,2026-09-19,home_win_either_half,85.3,PRO_STRONG,
Ajax,Excelsior,2026-09-19,dc_x2_and_under_15,84.2,PRO_STRONG,
Ajax,Excelsior,2026-09-19,away_goals_under_15,82.1,PRO_STRONG,
Ajax,Excelsior,2026-09-19,home_win,79.6,PRO_STRONG,1.25
Ajax,Excelsior,2026-09-19,dc_1x_and_over_15,75.9,PRO_STRONG,
Ajax,Excelsior,2026-09-19,corners_under_115,75.8,PRO_STRONG,
Ajax,Excelsior,2026-09-19,home_win_and_corners_under95,74.1,PRO_MEDIUM,
Ajax,Excelsior,2026-09-19,home_goals_over_15,70.6,PRO_MEDIUM,
Ajax,Excelsior,2026-09-19,both_teams_carded,70.4,PRO_MEDIUM,
Ajax,Excelsior,2026-09-19,sot_over_65,70.3,PRO_MEDIUM,
Ajax,Excelsior,2026-09-19,goals_over_25,68.7,PRO_MEDIUM,1.25
Ajax,Excelsior,2026-09-19,corners_over_75,68.3,PRO_MEDIUM,
Ajax,Excelsior,2026-09-19,yellows_over_25,66.9,PRO_MEDIUM,
Ajax,Excelsior,2026-09-19,home_win_and_over_15,66.3,PRO_MEDIUM,
Ajax,Excelsior,2026-09-19,dc_12_and_over_25,64.6,PRO_MEDIUM,
Ajax,Excelsior,2026-09-19,sot_under_95,61.9,PRO_MEDIUM,
Ajax,Excelsior,2026-09-19,sot_under_85,59.9,PRO_MEDIUM,
Ajax,Excelsior,2026-09-19,home_win_2h,59.5,PRO_MEDIUM,
Ajax,Excelsior,2026-09-19,dc_1x_and_over_25,58.9,PRO_MEDIUM,
Ajax,Excelsior,2026-09-19,away_goals_over_05,58.7,PRO_MEDIUM,
Ajax,Excelsior,2026-09-19,corners_over_85,57.6,PRO_MEDIUM,
Ajax,Excelsior,2026-09-19,home_win_1h,56.7,PRO_MEDIUM,
Ajax,Excelsior,2026-09-19,btts,55.9,PRO_MEDIUM,1.53
Ajax,Excelsior,2026-09-19,home_win_and_over_25,55.1,PRO_MEDIUM,
Ajax,Willem Ii,2026-09-15,away_goals_under_25,96.7,PRO_STRONG,
Ajax,Willem Ii,2026-09-15,away_win_and_cards_under35,95.9,PRO_STRONG,
Ajax,Willem Ii,2026-09-15,away_win_and_under_25,94.8,PRO_STRONG,
Ajax,Willem Ii,2026-09-15,away_win_and_under_15,94.1,PRO_STRONG,
Ajax,Willem Ii,2026-09-15,home_goals_over_05,93.7,PRO_STRONG,
Ajax,Willem Ii,2026-09-15,dc_1x,93.5,PRO_STRONG,1.02
Ajax,Willem Ii,2026-09-15,dc_x2_and_under_25,92.3,PRO_STRONG,
Ajax,Willem Ii,2026-09-15,home_win_either_half,88.6,PRO_STRONG,
Ajax,Willem Ii,2026-09-15,dc_x2_and_under_15,87.8,PRO_STRONG,
Ajax,Willem Ii,2026-09-15,dc_12,87.6,PRO_STRONG,1.08
Ajax,Willem Ii,2026-09-15,away_goals_under_15,83.9,PRO_STRONG,
Ajax,Willem Ii,2026-09-15,home_win,81.1,PRO_STRONG,1.12
Ajax,Willem Ii,2026-09-15,dc_1x_and_over_15,81.0,PRO_STRONG,
Ajax,Willem Ii,2026-09-15,home_win_and_corners_under95,76.2,PRO_STRONG,
Ajax,Willem Ii,2026-09-15,corners_under_115,75.8,PRO_STRONG,
Ajax,Willem Ii,2026-09-15,home_goals_over_15,75.7,PRO_STRONG,
Ajax,Willem Ii,2026-09-15,home_win_and_over_15,71.9,PRO_MEDIUM,
Ajax,Willem Ii,2026-09-15,both_teams_carded,71.3,PRO_MEDIUM,
Ajax,Willem Ii,2026-09-15,goals_over_25,70.0,PRO_MEDIUM,1.22
Ajax,Willem Ii,2026-09-15,sot_over_65,69.9,PRO_MEDIUM,
Ajax,Willem Ii,2026-09-15,yellows_over_25,67.9,PRO_MEDIUM,
Ajax,Willem Ii,2026-09-15,dc_12_and_over_25,66.0,PRO_MEDIUM,
Ajax,Willem Ii,2026-09-15,corners_over_75,65.9,PRO_MEDIUM,
Ajax,Willem Ii,2026-09-15,home_win_2h,65.4,PRO_MEDIUM,
Ajax,Willem Ii,2026-09-15,sot_under_95,61.9,PRO_MEDIUM,
Ajax,Willem Ii,2026-09-15,dc_1x_and_over_25,61.8,PRO_MEDIUM,
Ajax,Willem Ii,2026-09-15,home_win_1h,60.5,PRO_MEDIUM,
Ajax,Willem Ii,2026-09-15,home_win_and_over_25,60.2,PRO_MEDIUM,
Ajax,Willem Ii,2026-09-15,sot_under_85,59.9,PRO_MEDIUM,
Ajax,Willem Ii,2026-09-15,home_score_both_halves,55.1,PRO_MEDIUM,
Alaves,Valencia,2026-09-15,away_goals_under_25,93.5,PRO_STRONG,
Alaves,Valencia,2026-09-15,away_win_and_under_25,90.6,PRO_STRONG,
Alaves,Valencia,2026-09-15,away_win_and_under_15,88.1,PRO_STRONG,
Alaves,Valencia,2026-09-15,away_win_and_cards_under35,87.2,PRO_STRONG,
Alaves,Valencia,2026-09-15,dc_x2_and_under_25,86.8,PRO_STRONG,
Alaves,Valencia,2026-09-15,both_teams_carded,86.7,PRO_STRONG,
Alaves,Valencia,2026-09-15,dc_1x,85.0,PRO_STRONG,1.17
Alaves,Valencia,2026-09-15,home_goals_over_05,83.7,PRO_STRONG,
Alaves,Valencia,2026-09-15,home_goals_under_25,81.5,PRO_STRONG,
Alaves,Valencia,2026-09-15,away_goals_under_15,77.7,PRO_STRONG,
Alaves,Valencia,2026-09-15,home_win_and_under_25,76.2,PRO_STRONG,
Alaves,Valencia,2026-09-15,sot_under_95,76.2,PRO_STRONG,
Alaves,Valencia,2026-09-15,corners_over_75,76.0,PRO_STRONG,
Alaves,Valencia,2026-09-15,booking_pts_over_35,74.7,PRO_MEDIUM,
Alaves,Valencia,2026-09-15,corners_under_115,73.2,PRO_MEDIUM,
Alaves,Valencia,2026-09-15,home_win_and_corners_under95,72.6,PRO_MEDIUM,
Alaves,Valencia,2026-09-15,dc_12,69.4,PRO_MEDIUM,1.33
Alaves,Valencia,2026-09-15,dc_x2_and_under_15,69.0,PRO_MEDIUM,
Alaves,Valencia,2026-09-15,corners_over_85,65.7,PRO_MEDIUM,
Alaves,Valencia,2026-09-15,dc_1x_and_under_25,65.3,PRO_MEDIUM,
Alaves,Valencia,2026-09-15,sot_over_65,63.9,PRO_MEDIUM,
Alaves,Valencia,2026-09-15,home_win_either_half,63.0,PRO_MEDIUM,
Alaves,Valencia,2026-09-15,dc_12_and_under_25,62.1,PRO_MEDIUM,
Alaves,Valencia,2026-09-15,dc_1x_and_over_15,61.2,PRO_MEDIUM,
Alaves,Valencia,2026-09-15,sot_under_85,61.2,PRO_MEDIUM,
Alaves,Valencia,2026-09-15,home_win_and_under_15,60.4,PRO_MEDIUM,
Alaves,Valencia,2026-09-15,away_goals_over_05,59.1,PRO_MEDIUM,
Alaves,Valencia,2026-09-15,goals_under_25,57.6,PRO_MEDIUM,1.67
Alverca,Rio Ave,2026-09-19,away_goals_under_25,88.8,PRO_STRONG,
Alverca,Rio Ave,2026-09-19,both_teams_carded,87.7,PRO_STRONG,
Alverca,Rio Ave,2026-09-19,away_win_and_under_25,86.2,PRO_STRONG,
Alverca,Rio Ave,2026-09-19,away_win_and_cards_under35,84.3,PRO_STRONG,
Alverca,Rio Ave,2026-09-19,home_goals_under_25,83.9,PRO_STRONG,
Alverca,Rio Ave,2026-09-19,away_win_and_under_15,82.2,PRO_STRONG,
Alverca,Rio Ave,2026-09-19,home_win_and_corners_under95,81.3,PRO_STRONG,
Alverca,Rio Ave,2026-09-19,dc_x2_and_under_25,80.5,PRO_STRONG,
Alverca,Rio Ave,2026-09-19,home_goals_over_05,79.6,PRO_STRONG,
Alverca,Rio Ave,2026-09-19,booking_pts_over_35,77.1,PRO_STRONG,
Alverca,Rio Ave,2026-09-19,dc_1x,76.9,PRO_STRONG,1.27
Alverca,Rio Ave,2026-09-19,home_win_and_under_25,75.3,PRO_STRONG,
Alverca,Rio Ave,2026-09-19,dc_12,72.5,PRO_MEDIUM,1.32
Alverca,Rio Ave,2026-09-19,corners_under_115,71.3,PRO_MEDIUM,
Alverca,Rio Ave,2026-09-19,sot_under_95,71.0,PRO_MEDIUM,
Alverca,Rio Ave,2026-09-19,away_goals_under_15,70.3,PRO_MEDIUM,
Alverca,Rio Ave,2026-09-19,sot_over_65,68.7,PRO_MEDIUM,
Alverca,Rio Ave,2026-09-19,dc_1x_and_under_25,67.0,PRO_MEDIUM,
Alverca,Rio Ave,2026-09-19,corners_over_75,66.3,PRO_MEDIUM,
Alverca,Rio Ave,2026-09-19,home_win_and_under_15,64.0,PRO_MEDIUM,
Alverca,Rio Ave,2026-09-19,away_goals_over_05,63.8,PRO_MEDIUM,
Alverca,Rio Ave,2026-09-19,dc_x2_and_under_15,63.3,PRO_MEDIUM,
Alverca,Rio Ave,2026-09-19,sot_under_85,62.5,PRO_MEDIUM,
Alverca,Rio Ave,2026-09-19,home_win_either_half,61.6,PRO_MEDIUM,
Alverca,Rio Ave,2026-09-19,dc_12_and_under_25,56.7,PRO_MEDIUM,
Alverca,Rio Ave,2026-09-19,corners_over_85,56.7,PRO_MEDIUM,
Alverca,Rio Ave,2026-09-19,dc_1x_and_over_15,56.3,PRO_MEDIUM,
Alverca,Rio Ave,2026-09-19,corners_under_95,55.0,PRO_MEDIUM,
Amedspor,Besiktas,2026-09-20,home_goals_under_25,90.6,PRO_STRONG,
Amedspor,Besiktas,2026-09-20,home_win_and_corners_under95,88.9,PRO_STRONG,
Amedspor,Besiktas,2026-09-20,home_win_and_cards_under35,86.4,PRO_MEDIUM,
Amedspor,Besiktas,2026-09-20,home_win_and_under_25,86.2,PRO_STRONG,
Amedspor,Besiktas,2026-09-20,away_goals_over_05,84.3,PRO_STRONG,
Amedspor,Besiktas,2026-09-20,home_win_and_under_15,83.6,PRO_STRONG,
Amedspor,Besiktas,2026-09-20,dc_1x_and_under_25,80.4,PRO_STRONG,
Amedspor,Besiktas,2026-09-20,dc_x2,78.4,PRO_STRONG,1.2
Amedspor,Besiktas,2026-09-20,corners_under_115,77.7,PRO_STRONG,
Amedspor,Besiktas,2026-09-20,away_win_and_cards_under35,76.0,PRO_STRONG,
Amedspor,Besiktas,2026-09-20,sot_over_65,75.9,PRO_STRONG,
Amedspor,Besiktas,2026-09-20,dc_12,75.5,PRO_STRONG,1.25
Amedspor,Besiktas,2026-09-20,away_goals_under_25,73.1,PRO_MEDIUM,
Amedspor,Besiktas,2026-09-20,corners_over_75,71.5,PRO_MEDIUM,
Amedspor,Besiktas,2026-09-20,home_goals_under_15,70.7,PRO_MEDIUM,
Amedspor,Besiktas,2026-09-20,both_teams_carded,69.6,PRO_MEDIUM,
Amedspor,Besiktas,2026-09-20,yellows_over_25,68.9,PRO_MEDIUM,
Amedspor,Besiktas,2026-09-20,away_win_either_half,68.8,PRO_MEDIUM,
Amedspor,Besiktas,2026-09-20,dc_1x_and_under_15,66.8,PRO_MEDIUM,
Amedspor,Besiktas,2026-09-20,dc_x2_and_over_15,63.9,PRO_MEDIUM,
Amedspor,Besiktas,2026-09-20,corners_under_95,63.8,PRO_MEDIUM,
Amedspor,Besiktas,2026-09-20,corners_over_85,62.7,PRO_MEDIUM,
Amedspor,Besiktas,2026-09-20,home_goals_over_05,62.5,PRO_MEDIUM,
Amedspor,Besiktas,2026-09-20,away_win_and_under_25,62.2,PRO_MEDIUM,
Amedspor,Besiktas,2026-09-20,sot_under_95,61.9,PRO_MEDIUM,
Amedspor,Besiktas,2026-09-20,sot_under_85,60.2,PRO_MEDIUM,
Amedspor,Besiktas,2026-09-20,goals_over_25,57.1,PRO_MEDIUM,1.7
Amedspor,Besiktas,2026-09-20,dc_x2_and_under_25,56.9,PRO_MEDIUM,
Amedspor,Besiktas,2026-09-20,away_goals_over_15,55.7,PRO_MEDIUM,
Amedspor,Besiktas,2026-09-20,sot_over_75,55.0,PRO_MEDIUM,
Amedspor,Besiktas,2026-09-20,away_win_and_under_15,55.0,PRO_MEDIUM,
Anderlecht,Waregem,2026-09-19,away_goals_under_25,91.5,PRO_STRONG,
Anderlecht,Waregem,2026-09-19,away_win_and_under_25,90.7,PRO_STRONG,
Anderlecht,Waregem,2026-09-19,home_goals_over_05,88.1,PRO_STRONG,
Anderlecht,Waregem,2026-09-19,away_win_and_under_15,87.4,PRO_STRONG,
Anderlecht,Waregem,2026-09-19,away_win_and_cards_under35,86.7,PRO_STRONG,
Anderlecht,Waregem,2026-09-19,dc_x2_and_under_25,85.1,PRO_STRONG,
Anderlecht,Waregem,2026-09-19,dc_1x,81.2,PRO_STRONG,1.2
Anderlecht,Waregem,2026-09-19,sot_over_65,80.0,PRO_STRONG,
Anderlecht,Waregem,2026-09-19,home_goals_under_25,76.8,PRO_STRONG,
Anderlecht,Waregem,2026-09-19,corners_over_75,75.9,PRO_STRONG,
Anderlecht,Waregem,2026-09-19,corners_under_115,75.3,PRO_STRONG,
Anderlecht,Waregem,2026-09-19,home_win_and_corners_under95,75.0,PRO_STRONG,
Anderlecht,Waregem,2026-09-19,away_goals_under_15,72.7,PRO_MEDIUM,
Anderlecht,Waregem,2026-09-19,dc_12,72.7,PRO_MEDIUM,1.29
Anderlecht,Waregem,2026-09-19,both_teams_carded,69.8,PRO_MEDIUM,
Anderlecht,Waregem,2026-09-19,home_win_and_under_25,68.8,PRO_MEDIUM,
Anderlecht,Waregem,2026-09-19,yellows_over_25,67.9,PRO_MEDIUM,
Anderlecht,Waregem,2026-09-19,dc_1x_and_over_15,67.6,PRO_MEDIUM,
Anderlecht,Waregem,2026-09-19,home_win_either_half,67.5,PRO_MEDIUM,
Anderlecht,Waregem,2026-09-19,dc_x2_and_under_15,64.8,PRO_MEDIUM,
Anderlecht,Waregem,2026-09-19,corners_over_85,64.4,PRO_MEDIUM,
Anderlecht,Waregem,2026-09-19,sot_over_75,63.0,PRO_MEDIUM,
Anderlecht,Waregem,2026-09-19,dc_1x_and_under_25,62.5,PRO_MEDIUM,
Anderlecht,Waregem,2026-09-19,sot_under_95,62.5,PRO_MEDIUM,
Anderlecht,Waregem,2026-09-19,btts,59.0,PRO_MEDIUM,1.65
Anderlecht,Waregem,2026-09-19,goals_over_25,57.7,PRO_MEDIUM,
Anderlecht,Waregem,2026-09-19,home_win_and_under_15,55.9,PRO_MEDIUM,
Angers,Troyes,2026-09-19,away_goals_under_25,92.6,PRO_STRONG,
Angers,Troyes,2026-09-19,home_goals_under_25,89.2,PRO_STRONG,
Angers,Troyes,2026-09-19,away_win_and_under_25,88.3,PRO_STRONG,
Angers,Troyes,2026-09-19,away_win_and_cards_under35,85.2,PRO_STRONG,
Angers,Troyes,2026-09-19,away_win_and_under_15,83.5,PRO_STRONG,
Angers,Troyes,2026-09-19,dc_x2_and_under_25,82.2,PRO_STRONG,
Angers,Troyes,2026-09-19,home_win_and_corners_under95,81.2,PRO_STRONG,
Angers,Troyes,2026-09-19,home_win_and_under_25,79.6,PRO_STRONG,
Angers,Troyes,2026-09-19,dc_1x_and_under_25,75.9,PRO_STRONG,
Angers,Troyes,2026-09-19,sot_under_95,75.6,PRO_STRONG,
Angers,Troyes,2026-09-19,home_goals_over_05,73.2,PRO_MEDIUM,
Angers,Troyes,2026-09-19,both_teams_carded,71.8,PRO_MEDIUM,
Angers,Troyes,2026-09-19,away_goals_under_15,71.7,PRO_MEDIUM,
Angers,Troyes,2026-09-19,corners_under_115,71.3,PRO_MEDIUM,
Angers,Troyes,2026-09-19,corners_over_75,70.5,PRO_MEDIUM,
Angers,Troyes,2026-09-19,home_win_and_under_15,70.3,PRO_MEDIUM,
Angers,Troyes,2026-09-19,sot_over_65,69.6,PRO_MEDIUM,
Angers,Troyes,2026-09-19,dc_12,69.4,PRO_MEDIUM,1.36
Angers,Troyes,2026-09-19,yellows_over_25,66.9,PRO_MEDIUM,
Angers,Troyes,2026-09-19,dc_12_and_under_25,65.7,PRO_MEDIUM,
Angers,Troyes,2026-09-19,home_goals_under_15,63.0,PRO_MEDIUM,
Angers,Troyes,2026-09-19,corners_over_85,61.7,PRO_MEDIUM,
Angers,Troyes,2026-09-19,dc_x2_and_under_15,61.4,PRO_MEDIUM,
Angers,Troyes,2026-09-19,goals_under_25,60.0,PRO_MEDIUM,1.73
Angers,Troyes,2026-09-19,sot_under_85,59.9,PRO_MEDIUM,
Angers,Troyes,2026-09-19,dc_x2,59.5,PRO_MEDIUM,1.67
Angers,Troyes,2026-09-19,home_win_either_half,58.3,PRO_MEDIUM,
Angers,Troyes,2026-09-19,cards_range_3_5,57.5,PRO_MEDIUM,
Antwerp,Royale Union SG,2026-09-20,home_goals_under_25,93.7,PRO_STRONG,
Antwerp,Royale Union SG,2026-09-20,home_win_and_corners_under95,91.8,PRO_STRONG,
Antwerp,Royale Union SG,2026-09-20,home_win_and_under_25,88.6,PRO_STRONG,
Antwerp,Royale Union SG,2026-09-20,home_win_and_cards_under35,87.7,PRO_MEDIUM,
Antwerp,Royale Union SG,2026-09-20,away_goals_over_05,87.2,PRO_STRONG,
Antwerp,Royale Union SG,2026-09-20,home_win_and_under_15,86.5,PRO_STRONG,
Antwerp,Royale Union SG,2026-09-20,dc_12,83.1,PRO_STRONG,1.22
Antwerp,Royale Union SG,2026-09-20,both_teams_carded,80.5,PRO_STRONG,
Antwerp,Royale Union SG,2026-09-20,dc_x2,79.5,PRO_STRONG,1.17
Antwerp,Royale Union SG,2026-09-20,dc_1x_and_under_25,79.1,PRO_STRONG,
Antwerp,Royale Union SG,2026-09-20,corners_under_115,75.8,PRO_STRONG,
Antwerp,Royale Union SG,2026-09-20,yellows_over_25,75.1,PRO_STRONG,
Antwerp,Royale Union SG,2026-09-20,away_win_either_half,74.2,PRO_MEDIUM,
Antwerp,Royale Union SG,2026-09-20,away_win_and_cards_under35,71.6,PRO_MEDIUM,
Antwerp,Royale Union SG,2026-09-20,home_goals_under_15,71.1,PRO_MEDIUM,
Antwerp,Royale Union SG,2026-09-20,sot_over_65,69.9,PRO_MEDIUM,
Antwerp,Royale Union SG,2026-09-20,away_goals_under_25,69.4,PRO_MEDIUM,
Antwerp,Royale Union SG,2026-09-20,corners_over_75,67.2,PRO_MEDIUM,
Antwerp,Royale Union SG,2026-09-20,dc_1x_and_under_15,64.4,PRO_MEDIUM,
Antwerp,Royale Union SG,2026-09-20,dc_x2_and_over_15,64.0,PRO_MEDIUM,
Antwerp,Royale Union SG,2026-09-20,home_goals_over_05,63.4,PRO_MEDIUM,
Antwerp,Royale Union SG,2026-09-20,sot_under_85,62.5,PRO_MEDIUM,
Antwerp,Royale Union SG,2026-09-20,away_win,62.5,PRO_MEDIUM,1.62
Antwerp,Royale Union SG,2026-09-20,sot_under_95,61.9,PRO_MEDIUM,
Antwerp,Royale Union SG,2026-09-20,away_win_and_under_25,61.1,PRO_MEDIUM,
Antwerp,Royale Union SG,2026-09-20,booking_pts_over_35,61.0,PRO_MEDIUM,
Antwerp,Royale Union SG,2026-09-20,away_goals_over_15,56.8,PRO_MEDIUM,
Antwerp,Royale Union SG,2026-09-20,booking_pts_under_45,56.3,PRO_MEDIUM,
Antwerp,Royale Union SG,2026-09-20,goals_over_25,56.2,PRO_MEDIUM,
Antwerp,Royale Union SG,2026-09-20,dc_x2_and_under_25,56.1,PRO_MEDIUM,
Antwerp,Royale Union SG,2026-09-20,yellows_over_35,55.6,PRO_MEDIUM,
Antwerp,Royale Union SG,2026-09-20,btts,55.4,PRO_MEDIUM,1.8
Antwerp,Royale Union SG,2026-09-20,corners_over_85,55.3,PRO_MEDIUM,
Aris,Iraklis,2026-09-19,away_goals_under_25,93.8,PRO_STRONG,
Aris,Iraklis,2026-09-19,away_win_and_cards_under35,93.2,PRO_STRONG,
Aris,Iraklis,2026-09-19,away_win_and_under_15,91.9,PRO_STRONG,
Aris,Iraklis,2026-09-19,away_win_and_under_25,91.3,PRO_STRONG,
Aris,Iraklis,2026-09-19,home_goals_over_05,89.4,PRO_STRONG,
Aris,Iraklis,2026-09-19,dc_1x,87.2,PRO_STRONG,1.17
Aris,Iraklis,2026-09-19,dc_x2_and_under_25,87.0,PRO_STRONG,
Aris,Iraklis,2026-09-19,away_goals_under_15,80.0,PRO_STRONG,
Aris,Iraklis,2026-09-19,dc_12,79.9,PRO_STRONG,1.28
Aris,Iraklis,2026-09-19,home_win_either_half,79.6,PRO_STRONG,
Aris,Iraklis,2026-09-19,sot_over_65,78.2,PRO_STRONG,
Aris,Iraklis,2026-09-19,both_teams_carded,77.5,PRO_STRONG,
Aris,Iraklis,2026-09-19,home_goals_under_25,76.9,PRO_STRONG,
Aris,Iraklis,2026-09-19,corners_under_115,76.8,PRO_STRONG,
Aris,Iraklis,2026-09-19,yellows_over_25,75.4,PRO_STRONG,
Aris,Iraklis,2026-09-19,corners_over_75,73.3,PRO_MEDIUM,
Aris,Iraklis,2026-09-19,sot_under_95,72.4,PRO_MEDIUM,
Aris,Iraklis,2026-09-19,dc_1x_and_over_15,71.5,PRO_MEDIUM,
Aris,Iraklis,2026-09-19,dc_x2_and_under_15,71.0,PRO_MEDIUM,
Aris,Iraklis,2026-09-19,home_win_and_corners_under95,69.9,PRO_MEDIUM,
Aris,Iraklis,2026-09-19,home_win,67.1,PRO_MEDIUM,1.6
Aris,Iraklis,2026-09-19,home_win_and_under_25,64.8,PRO_MEDIUM,
Aris,Iraklis,2026-09-19,booking_pts_over_35,62.3,PRO_MEDIUM,
Aris,Iraklis,2026-09-19,corners_over_85,62.0,PRO_MEDIUM,
Aris,Iraklis,2026-09-19,home_goals_over_15,61.5,PRO_MEDIUM,
Aris,Iraklis,2026-09-19,yellows_over_35,59.9,PRO_MEDIUM,
Aris,Iraklis,2026-09-19,dc_1x_and_under_25,59.7,PRO_MEDIUM,
Aris,Iraklis,2026-09-19,yellows_under_45,58.5,PRO_MEDIUM,
Aris,Iraklis,2026-09-19,sot_over_75,57.8,PRO_MEDIUM,
Aris,Iraklis,2026-09-19,home_win_and_over_15,55.7,PRO_MEDIUM,
Aris,Iraklis,2026-09-19,away_goals_over_05,55.6,PRO_MEDIUM,
Ath Bilbao,Alaves,2026-09-19,away_goals_under_25,94.3,PRO_STRONG,
Ath Bilbao,Alaves,2026-09-19,away_win_and_cards_under35,91.4,PRO_STRONG,
Ath Bilbao,Alaves,2026-09-19,away_win_and_under_25,90.6,PRO_STRONG,
Ath Bilbao,Alaves,2026-09-19,away_win_and_under_15,88.7,PRO_STRONG,
Ath Bilbao,Alaves,2026-09-19,dc_x2_and_under_25,87.6,PRO_STRONG,
Ath Bilbao,Alaves,2026-09-19,home_goals_over_05,86.3,PRO_STRONG,
Ath Bilbao,Alaves,2026-09-19,dc_1x,83.5,PRO_STRONG,1.18
Ath Bilbao,Alaves,2026-09-19,home_goals_under_25,79.1,PRO_STRONG,
Ath Bilbao,Alaves,2026-09-19,away_goals_under_15,78.8,PRO_STRONG,
Ath Bilbao,Alaves,2026-09-19,dc_12,77.3,PRO_STRONG,1.28
Ath Bilbao,Alaves,2026-09-19,corners_over_75,77.2,PRO_STRONG,
Ath Bilbao,Alaves,2026-09-19,sot_over_65,73.8,PRO_MEDIUM,
Ath Bilbao,Alaves,2026-09-19,corners_under_115,73.6,PRO_MEDIUM,
Ath Bilbao,Alaves,2026-09-19,home_win_either_half,72.9,PRO_MEDIUM,
Ath Bilbao,Alaves,2026-09-19,dc_x2_and_under_15,71.4,PRO_MEDIUM,
Ath Bilbao,Alaves,2026-09-19,home_win_and_corners_under95,69.3,PRO_MEDIUM,
Ath Bilbao,Alaves,2026-09-19,sot_under_95,68.7,PRO_MEDIUM,
Ath Bilbao,Alaves,2026-09-19,corners_over_85,66.0,PRO_MEDIUM,
Ath Bilbao,Alaves,2026-09-19,home_win_and_under_25,64.8,PRO_MEDIUM,
Ath Bilbao,Alaves,2026-09-19,dc_1x_and_over_15,63.2,PRO_MEDIUM,
Ath Bilbao,Alaves,2026-09-19,sot_over_75,61.5,PRO_MEDIUM,
Ath Bilbao,Alaves,2026-09-19,away_goals_over_05,61.3,PRO_MEDIUM,
Ath Bilbao,Alaves,2026-09-19,dc_1x_and_under_25,61.0,PRO_MEDIUM,
Ath Bilbao,Alaves,2026-09-19,home_win,60.7,PRO_MEDIUM,1.62
Ath Bilbao,Alaves,2026-09-19,home_goals_over_15,56.2,PRO_MEDIUM,
Ath Bilbao,Alaves,2026-09-19,dc_12_and_under_25,56.1,PRO_MEDIUM,
Ath Madrid,Osasuna,2026-09-16,away_goals_under_25,97.0,PRO_STRONG,
Ath Madrid,Osasuna,2026-09-16,away_win_and_cards_under35,95.9,PRO_STRONG,
Ath Madrid,Osasuna,2026-09-16,away_win_and_under_25,95.3,PRO_STRONG,
Ath Madrid,Osasuna,2026-09-16,away_win_and_under_15,94.8,PRO_STRONG,
Ath Madrid,Osasuna,2026-09-16,dc_1x,91.9,PRO_STRONG,1.1
Ath Madrid,Osasuna,2026-09-16,home_goals_over_05,91.3,PRO_STRONG,
Ath Madrid,Osasuna,2026-09-16,dc_x2_and_under_25,90.8,PRO_STRONG,
Ath Madrid,Osasuna,2026-09-16,away_goals_under_15,84.6,PRO_STRONG,
Ath Madrid,Osasuna,2026-09-16,dc_12,83.9,PRO_STRONG,1.18
Ath Madrid,Osasuna,2026-09-16,home_win_either_half,83.8,PRO_STRONG,
Ath Madrid,Osasuna,2026-09-16,dc_x2_and_under_15,79.6,PRO_STRONG,
Ath Madrid,Osasuna,2026-09-16,sot_over_65,78.5,PRO_STRONG,
Ath Madrid,Osasuna,2026-09-16,both_teams_carded,77.4,PRO_STRONG,
Ath Madrid,Osasuna,2026-09-16,home_win,75.8,PRO_STRONG,1.4
Ath Madrid,Osasuna,2026-09-16,corners_over_75,75.7,PRO_STRONG,
Ath Madrid,Osasuna,2026-09-16,yellows_over_25,75.3,PRO_STRONG,
Ath Madrid,Osasuna,2026-09-16,dc_1x_and_over_15,73.8,PRO_MEDIUM,
Ath Madrid,Osasuna,2026-09-16,corners_under_115,73.0,PRO_MEDIUM,
Ath Madrid,Osasuna,2026-09-16,sot_under_95,66.6,PRO_MEDIUM,
Ath Madrid,Osasuna,2026-09-16,home_win_and_corners_under95,66.4,PRO_MEDIUM,
Ath Madrid,Osasuna,2026-09-16,sot_over_75,65.8,PRO_MEDIUM,
Ath Madrid,Osasuna,2026-09-16,corners_over_85,65.6,PRO_MEDIUM,
Ath Madrid,Osasuna,2026-09-16,home_goals_over_15,65.1,PRO_MEDIUM,
Ath Madrid,Osasuna,2026-09-16,home_goals_under_25,64.0,PRO_MEDIUM,
Ath Madrid,Osasuna,2026-09-16,home_win_and_over_15,61.7,PRO_MEDIUM,
Ath Madrid,Osasuna,2026-09-16,home_win_2h,60.2,PRO_MEDIUM,
Ath Madrid,Osasuna,2026-09-16,booking_pts_over_35,60.0,PRO_MEDIUM,
Ath Madrid,Osasuna,2026-09-16,yellows_over_35,56.6,PRO_MEDIUM,
Ath Madrid,Real Madrid,2026-09-20,home_goals_under_25,90.5,PRO_STRONG,
Ath Madrid,Real Madrid,2026-09-20,home_win_and_corners_under95,88.9,PRO_STRONG,
Ath Madrid,Real Madrid,2026-09-20,home_win_and_under_25,87.1,PRO_STRONG,
Ath Madrid,Real Madrid,2026-09-20,home_win_and_cards_under35,85.1,PRO_MEDIUM,
Ath Madrid,Real Madrid,2026-09-20,away_goals_over_05,85.1,PRO_STRONG,
Ath Madrid,Real Madrid,2026-09-20,home_win_and_under_15,82.0,PRO_STRONG,
Ath Madrid,Real Madrid,2026-09-20,corners_over_75,79.7,PRO_STRONG,
Ath Madrid,Real Madrid,2026-09-20,dc_1x_and_under_25,79.7,PRO_STRONG,
Ath Madrid,Real Madrid,2026-09-20,dc_12,79.5,PRO_STRONG,1.25
Ath Madrid,Real Madrid,2026-09-20,sot_over_65,78.2,PRO_STRONG,
Ath Madrid,Real Madrid,2026-09-20,dc_x2,75.4,PRO_STRONG,1.3
Ath Madrid,Real Madrid,2026-09-20,corners_under_115,71.7,PRO_MEDIUM,
Ath Madrid,Real Madrid,2026-09-20,away_goals_under_25,71.5,PRO_MEDIUM,
Ath Madrid,Real Madrid,2026-09-20,home_goals_over_05,69.6,PRO_MEDIUM,
Ath Madrid,Real Madrid,2026-09-20,sot_under_95,69.1,PRO_MEDIUM,
Ath Madrid,Real Madrid,2026-09-20,away_win_either_half,67.0,PRO_MEDIUM,
Ath Madrid,Real Madrid,2026-09-20,home_goals_under_15,66.8,PRO_MEDIUM,
Ath Madrid,Real Madrid,2026-09-20,corners_over_85,66.0,PRO_MEDIUM,
Ath Madrid,Real Madrid,2026-09-20,dc_x2_and_over_15,65.3,PRO_MEDIUM,
Ath Madrid,Real Madrid,2026-09-20,dc_1x_and_under_15,64.9,PRO_MEDIUM,
Ath Madrid,Real Madrid,2026-09-20,sot_over_75,64.0,PRO_MEDIUM,
Ath Madrid,Real Madrid,2026-09-20,away_win_and_cards_under35,62.5,PRO_MEDIUM,
Ath Madrid,Real Madrid,2026-09-20,away_win_and_under_25,60.8,PRO_MEDIUM,
Ath Madrid,Real Madrid,2026-09-20,away_goals_over_15,58.0,PRO_MEDIUM,
Ath Madrid,Real Madrid,2026-09-20,goals_over_25,57.1,PRO_MEDIUM,1.5
Atromitos,Kifisia,2026-09-19,away_goals_under_25,92.4,PRO_STRONG,
Atromitos,Kifisia,2026-09-19,away_win_and_under_25,89.8,PRO_STRONG,
Atromitos,Kifisia,2026-09-19,home_goals_under_25,89.2,PRO_STRONG,
Atromitos,Kifisia,2026-09-19,away_win_and_under_15,85.8,PRO_STRONG,
Atromitos,Kifisia,2026-09-19,dc_x2_and_under_25,85.6,PRO_STRONG,
Atromitos,Kifisia,2026-09-19,away_win_and_cards_under35,84.2,PRO_STRONG,
Atromitos,Kifisia,2026-09-19,home_goals_over_05,83.6,PRO_STRONG,
Atromitos,Kifisia,2026-09-19,both_teams_carded,79.2,PRO_STRONG,
Atromitos,Kifisia,2026-09-19,yellows_over_25,78.2,PRO_STRONG,
Atromitos,Kifisia,2026-09-19,home_win_and_under_25,78.0,PRO_STRONG,
Atromitos,Kifisia,2026-09-19,corners_under_115,77.5,PRO_STRONG,
Atromitos,Kifisia,2026-09-19,sot_under_95,76.9,PRO_STRONG,
Atromitos,Kifisia,2026-09-19,home_win_and_corners_under95,76.8,PRO_STRONG,
Atromitos,Kifisia,2026-09-19,dc_1x,76.5,PRO_STRONG,1.2
Atromitos,Kifisia,2026-09-19,away_goals_under_15,74.2,PRO_MEDIUM,
Atromitos,Kifisia,2026-09-19,dc_12,72.0,PRO_MEDIUM,1.3
Atromitos,Kifisia,2026-09-19,dc_1x_and_under_25,69.4,PRO_MEDIUM,
Atromitos,Kifisia,2026-09-19,sot_over_65,68.7,PRO_MEDIUM,
Atromitos,Kifisia,2026-09-19,home_win_and_under_15,68.2,PRO_MEDIUM,
Atromitos,Kifisia,2026-09-19,corners_over_75,66.3,PRO_MEDIUM,
Atromitos,Kifisia,2026-09-19,booking_pts_over_35,65.1,PRO_MEDIUM,
Atromitos,Kifisia,2026-09-19,corners_under_95,64.1,PRO_MEDIUM,
Atromitos,Kifisia,2026-09-19,dc_12_and_under_25,63.6,PRO_MEDIUM,
Atromitos,Kifisia,2026-09-19,dc_x2_and_under_15,63.0,PRO_MEDIUM,
Atromitos,Kifisia,2026-09-19,sot_under_85,62.5,PRO_MEDIUM,
Atromitos,Kifisia,2026-09-19,goals_under_25,61.8,PRO_MEDIUM,1.75
Atromitos,Kifisia,2026-09-19,yellows_over_35,61.7,PRO_MEDIUM,
Atromitos,Kifisia,2026-09-19,home_win_either_half,61.2,PRO_MEDIUM,
Atromitos,Kifisia,2026-09-19,away_goals_over_05,61.1,PRO_MEDIUM,
Atromitos,Kifisia,2026-09-19,home_goals_under_15,59.9,PRO_MEDIUM,
Atromitos,Kifisia,2026-09-19,corners_over_85,56.7,PRO_MEDIUM,
Atromitos,Kifisia,2026-09-19,dc_1x_and_over_15,55.1,PRO_MEDIUM,
Auxerre,Brest,2026-09-20,home_goals_under_25,88.0,PRO_STRONG,
Auxerre,Brest,2026-09-20,away_goals_under_25,86.8,PRO_STRONG,
Auxerre,Brest,2026-09-20,away_win_and_cards_under35,82.4,PRO_STRONG,
Auxerre,Brest,2026-09-20,home_win_and_cards_under35,81.0,PRO_MEDIUM,
Auxerre,Brest,2026-09-20,home_win_and_corners_under95,80.3,PRO_STRONG,
Auxerre,Brest,2026-09-20,home_win_and_under_25,79.9,PRO_STRONG,
Auxerre,Brest,2026-09-20,corners_over_75,77.6,PRO_STRONG,
Auxerre,Brest,2026-09-20,away_win_and_under_25,76.4,PRO_STRONG,
Auxerre,Brest,2026-09-20,home_win_and_under_15,74.6,PRO_MEDIUM,
Auxerre,Brest,2026-09-20,home_goals_over_05,74.4,PRO_MEDIUM,
Auxerre,Brest,2026-09-20,dc_12,74.0,PRO_MEDIUM,1.3
Auxerre,Brest,2026-09-20,dc_x2_and_under_25,74.0,PRO_MEDIUM,
Auxerre,Brest,2026-09-20,away_win_and_under_15,73.6,PRO_MEDIUM,
Auxerre,Brest,2026-09-20,both_teams_carded,72.1,PRO_MEDIUM,
Auxerre,Brest,2026-09-20,sot_under_95,72.0,PRO_MEDIUM,
Auxerre,Brest,2026-09-20,away_goals_over_05,71.6,PRO_MEDIUM,
Auxerre,Brest,2026-09-20,dc_1x_and_under_25,71.5,PRO_MEDIUM,
Auxerre,Brest,2026-09-20,sot_over_65,71.1,PRO_MEDIUM,
Auxerre,Brest,2026-09-20,corners_under_115,70.5,PRO_MEDIUM,
Auxerre,Brest,2026-09-20,corners_over_85,67.5,PRO_MEDIUM,
Auxerre,Brest,2026-09-20,away_goals_under_15,66.9,PRO_MEDIUM,
Auxerre,Brest,2026-09-20,yellows_over_25,66.9,PRO_MEDIUM,
Auxerre,Brest,2026-09-20,dc_x2,63.2,PRO_MEDIUM,1.4
Auxerre,Brest,2026-09-20,dc_1x,62.8,PRO_MEDIUM,1.53
Auxerre,Brest,2026-09-20,home_goals_under_15,61.1,PRO_MEDIUM,
Auxerre,Brest,2026-09-20,dc_12_and_under_25,58.4,PRO_MEDIUM,
Auxerre,Brest,2026-09-20,cards_range_3_5,57.2,PRO_MEDIUM,
Auxerre,Brest,2026-09-20,away_win_either_half,56.4,PRO_MEDIUM,
Auxerre,Brest,2026-09-20,sot_over_75,56.1,PRO_MEDIUM,
Auxerre,Brest,2026-09-20,sot_under_85,56.1,PRO_MEDIUM,
Auxerre,Brest,2026-09-20,corners_over_95,55.3,PRO_MEDIUM,
Az Alkmaar,Telstar,2026-09-20,away_win_and_cards_under35,95.0,PRO_STRONG,
Az Alkmaar,Telstar,2026-09-20,away_goals_under_25,94.9,PRO_STRONG,
Az Alkmaar,Telstar,2026-09-20,away_win_and_under_25,94.3,PRO_STRONG,
Az Alkmaar,Telstar,2026-09-20,away_win_and_under_15,93.3,PRO_STRONG,
Az Alkmaar,Telstar,2026-09-20,home_goals_over_05,90.4,PRO_STRONG,
Az Alkmaar,Telstar,2026-09-20,dc_x2_and_under_25,89.5,PRO_STRONG,
Az Alkmaar,Telstar,2026-09-20,dc_12,88.2,PRO_STRONG,1.14
Az Alkmaar,Telstar,2026-09-20,dc_1x,87.7,PRO_STRONG,1.07
Az Alkmaar,Telstar,2026-09-20,home_win_either_half,80.6,PRO_STRONG,
Az Alkmaar,Telstar,2026-09-20,sot_over_65,80.5,PRO_STRONG,
Az Alkmaar,Telstar,2026-09-20,dc_x2_and_under_15,79.7,PRO_STRONG,
Az Alkmaar,Telstar,2026-09-20,away_goals_under_15,77.6,PRO_STRONG,
Az Alkmaar,Telstar,2026-09-20,corners_over_75,76.5,PRO_STRONG,
Az Alkmaar,Telstar,2026-09-20,home_win,75.9,PRO_STRONG,1.27
Az Alkmaar,Telstar,2026-09-20,corners_under_115,75.1,PRO_STRONG,
Az Alkmaar,Telstar,2026-09-20,dc_1x_and_over_15,74.7,PRO_MEDIUM,
Az Alkmaar,Telstar,2026-09-20,both_teams_carded,70.7,PRO_MEDIUM,
Az Alkmaar,Telstar,2026-09-20,home_goals_over_15,68.8,PRO_MEDIUM,
Az Alkmaar,Telstar,2026-09-20,home_win_and_corners_under95,67.0,PRO_MEDIUM,
Az Alkmaar,Telstar,2026-09-20,yellows_over_25,66.9,PRO_MEDIUM,
Az Alkmaar,Telstar,2026-09-20,home_win_and_over_15,66.8,PRO_MEDIUM,
Az Alkmaar,Telstar,2026-09-20,goals_over_25,66.3,PRO_MEDIUM,1.28
Az Alkmaar,Telstar,2026-09-20,sot_over_75,65.8,PRO_MEDIUM,
Az Alkmaar,Telstar,2026-09-20,dc_12_and_over_25,64.7,PRO_MEDIUM,
Az Alkmaar,Telstar,2026-09-20,corners_over_85,63.7,PRO_MEDIUM,
Az Alkmaar,Telstar,2026-09-20,away_goals_over_05,61.2,PRO_MEDIUM,
Az Alkmaar,Telstar,2026-09-20,dc_1x_and_over_25,59.3,PRO_MEDIUM,
Az Alkmaar,Telstar,2026-09-20,home_win_2h,58.2,PRO_MEDIUM,
Az Alkmaar,Telstar,2026-09-20,home_win_and_over_25,57.1,PRO_MEDIUM,
Az Alkmaar,Telstar,2026-09-20,sot_under_95,56.8,PRO_MEDIUM,
Az Alkmaar,Telstar,2026-09-20,home_score_both_halves,55.7,PRO_MEDIUM,
Az Alkmaar,Telstar,2026-09-20,yellows_under_35,55.2,PRO_MEDIUM,
Barcelona,Racing Santander,2026-09-16,away_goals_under_25,96.3,PRO_STRONG,
Barcelona,Racing Santander,2026-09-16,away_win_and_under_25,95.8,PRO_STRONG,
Barcelona,Racing Santander,2026-09-16,away_win_and_cards_under35,95.7,PRO_STRONG,
Barcelona,Racing Santander,2026-09-16,away_win_and_under_15,95.6,PRO_STRONG,
Barcelona,Racing Santander,2026-09-16,home_goals_over_05,93.7,PRO_STRONG,
Barcelona,Racing Santander,2026-09-16,dc_x2_and_under_25,93.5,PRO_STRONG,
Barcelona,Racing Santander,2026-09-16,dc_1x,92.8,PRO_STRONG,1.01
Barcelona,Racing Santander,2026-09-16,dc_12,90.9,PRO_STRONG,1.04
Barcelona,Racing Santander,2026-09-16,dc_x2_and_under_15,89.8,PRO_STRONG,
Barcelona,Racing Santander,2026-09-16,both_teams_carded,87.7,PRO_STRONG,
Barcelona,Racing Santander,2026-09-16,home_win_either_half,87.6,PRO_STRONG,
Barcelona,Racing Santander,2026-09-16,away_goals_under_15,85.2,PRO_STRONG,
Barcelona,Racing Santander,2026-09-16,home_win,83.7,PRO_STRONG,1.06
Barcelona,Racing Santander,2026-09-16,corners_over_75,80.5,PRO_STRONG,
Barcelona,Racing Santander,2026-09-16,dc_1x_and_over_15,79.7,PRO_STRONG,
Barcelona,Racing Santander,2026-09-16,sot_over_65,78.5,PRO_STRONG,
Barcelona,Racing Santander,2026-09-16,home_goals_over_15,76.0,PRO_STRONG,
Barcelona,Racing Santander,2026-09-16,booking_pts_over_35,74.8,PRO_MEDIUM,
Barcelona,Racing Santander,2026-09-16,home_win_and_over_15,72.8,PRO_MEDIUM,
Barcelona,Racing Santander,2026-09-16,corners_under_115,71.7,PRO_MEDIUM,
Barcelona,Racing Santander,2026-09-16,corners_over_85,68.1,PRO_MEDIUM,
Barcelona,Racing Santander,2026-09-16,home_win_2h,67.1,PRO_MEDIUM,
Barcelona,Racing Santander,2026-09-16,sot_over_75,66.6,PRO_MEDIUM,
Barcelona,Racing Santander,2026-09-16,home_win_and_corners_under95,66.4,PRO_MEDIUM,
Barcelona,Racing Santander,2026-09-16,dc_1x_and_over_25,63.4,PRO_MEDIUM,
Barcelona,Racing Santander,2026-09-16,home_win_1h,63.2,PRO_MEDIUM,
Barcelona,Racing Santander,2026-09-16,sot_under_95,61.1,PRO_MEDIUM,
Barcelona,Racing Santander,2026-09-16,dc_12_and_over_25,61.1,PRO_MEDIUM,
Barcelona,Racing Santander,2026-09-16,goals_over_25,60.7,PRO_MEDIUM,1.12
Barcelona,Racing Santander,2026-09-16,home_win_and_over_25,59.6,PRO_MEDIUM,
Barcelona,Racing Santander,2026-09-16,away_goals_under_05,56.5,PRO_MEDIUM,
Barcelona,Racing Santander,2026-09-16,home_score_both_halves,56.2,PRO_MEDIUM,
Basaksehir,Genclerbirligi,2026-09-19,away_win_and_cards_under35,92.9,PRO_STRONG,
Basaksehir,Genclerbirligi,2026-09-19,away_win_and_under_25,92.7,PRO_STRONG,
Basaksehir,Genclerbirligi,2026-09-19,away_win_and_under_15,92.2,PRO_STRONG,
Basaksehir,Genclerbirligi,2026-09-19,away_goals_under_25,91.7,PRO_STRONG,
Basaksehir,Genclerbirligi,2026-09-19,home_goals_over_05,88.9,PRO_STRONG,
Basaksehir,Genclerbirligi,2026-09-19,dc_x2_and_under_25,85.6,PRO_STRONG,
Basaksehir,Genclerbirligi,2026-09-19,dc_1x,84.4,PRO_STRONG,1.15
Basaksehir,Genclerbirligi,2026-09-19,home_win_either_half,78.6,PRO_STRONG,
Basaksehir,Genclerbirligi,2026-09-19,corners_under_115,77.5,PRO_STRONG,
Basaksehir,Genclerbirligi,2026-09-19,both_teams_carded,77.2,PRO_STRONG,
Basaksehir,Genclerbirligi,2026-09-19,away_goals_under_15,76.9,PRO_STRONG,
Basaksehir,Genclerbirligi,2026-09-19,home_win_and_corners_under95,76.2,PRO_STRONG,
Basaksehir,Genclerbirligi,2026-09-19,yellows_over_25,75.4,PRO_STRONG,
Basaksehir,Genclerbirligi,2026-09-19,dc_12,75.4,PRO_STRONG,1.22
Basaksehir,Genclerbirligi,2026-09-19,dc_1x_and_over_15,71.5,PRO_MEDIUM,
Basaksehir,Genclerbirligi,2026-09-19,sot_over_65,69.9,PRO_MEDIUM,
Basaksehir,Genclerbirligi,2026-09-19,dc_x2_and_under_15,68.9,PRO_MEDIUM,
Basaksehir,Genclerbirligi,2026-09-19,home_goals_under_25,68.2,PRO_MEDIUM,
Basaksehir,Genclerbirligi,2026-09-19,corners_over_75,68.2,PRO_MEDIUM,
Basaksehir,Genclerbirligi,2026-09-19,home_goals_over_15,63.4,PRO_MEDIUM,
Basaksehir,Genclerbirligi,2026-09-19,corners_under_95,63.3,PRO_MEDIUM,
Basaksehir,Genclerbirligi,2026-09-19,away_goals_over_05,63.2,PRO_MEDIUM,
Basaksehir,Genclerbirligi,2026-09-19,sot_under_95,61.9,PRO_MEDIUM,
Basaksehir,Genclerbirligi,2026-09-19,booking_pts_over_35,61.6,PRO_MEDIUM,
Basaksehir,Genclerbirligi,2026-09-19,sot_under_85,59.9,PRO_MEDIUM,
Basaksehir,Genclerbirligi,2026-09-19,home_win,59.7,PRO_MEDIUM,1.5
Basaksehir,Genclerbirligi,2026-09-19,goals_over_25,59.4,PRO_MEDIUM,
Basaksehir,Genclerbirligi,2026-09-19,corners_over_85,58.9,PRO_MEDIUM,
Basaksehir,Genclerbirligi,2026-09-19,yellows_over_35,57.1,PRO_MEDIUM,
Basaksehir,Genclerbirligi,2026-09-19,btts,56.9,PRO_MEDIUM,1.7
Basaksehir,Genclerbirligi,2026-09-19,home_win_and_under_25,56.7,PRO_MEDIUM,
Basaksehir,Genclerbirligi,2026-09-19,home_win_and_over_15,55.5,PRO_MEDIUM,
Basaksehir,Genclerbirligi,2026-09-19,home_win_2h,55.5,PRO_MEDIUM,
Bayern Munich,Union Berlin,2026-09-18,away_win_and_cards_under35,95.9,PRO_STRONG,
Bayern Munich,Union Berlin,2026-09-18,away_goals_under_25,95.8,PRO_STRONG,
Bayern Munich,Union Berlin,2026-09-18,away_win_and_under_25,95.5,PRO_STRONG,
Bayern Munich,Union Berlin,2026-09-18,home_goals_over_05,94.9,PRO_STRONG,
Bayern Munich,Union Berlin,2026-09-18,away_win_and_under_15,94.5,PRO_STRONG,
Bayern Munich,Union Berlin,2026-09-18,dc_1x,93.3,PRO_STRONG,1.01
Bayern Munich,Union Berlin,2026-09-18,dc_x2_and_under_25,91.7,PRO_STRONG,
Bayern Munich,Union Berlin,2026-09-18,dc_12,91.5,PRO_STRONG,1.04
Bayern Munich,Union Berlin,2026-09-18,home_win_either_half,89.6,PRO_STRONG,
Bayern Munich,Union Berlin,2026-09-18,dc_x2_and_under_15,87.7,PRO_STRONG,
Bayern Munich,Union Berlin,2026-09-18,home_win,84.8,PRO_STRONG,1.07
Bayern Munich,Union Berlin,2026-09-18,dc_1x_and_over_15,83.3,PRO_STRONG,
Bayern Munich,Union Berlin,2026-09-18,away_goals_under_15,82.9,PRO_STRONG,
Bayern Munich,Union Berlin,2026-09-18,sot_over_65,80.5,PRO_STRONG,
Bayern Munich,Union Berlin,2026-09-18,home_goals_over_15,77.2,PRO_STRONG,
Bayern Munich,Union Berlin,2026-09-18,corners_over_75,77.0,PRO_STRONG,
Bayern Munich,Union Berlin,2026-09-18,corners_under_115,75.1,PRO_STRONG,
Bayern Munich,Union Berlin,2026-09-18,home_win_and_over_15,73.6,PRO_MEDIUM,
Bayern Munich,Union Berlin,2026-09-18,goals_over_25,71.7,PRO_MEDIUM,1.14
Bayern Munich,Union Berlin,2026-09-18,both_teams_carded,70.2,PRO_MEDIUM,
Bayern Munich,Union Berlin,2026-09-18,sot_over_75,68.0,PRO_MEDIUM,
Bayern Munich,Union Berlin,2026-09-18,dc_12_and_over_25,67.8,PRO_MEDIUM,
Bayern Munich,Union Berlin,2026-09-18,home_win_2h,67.0,PRO_MEDIUM,
Bayern Munich,Union Berlin,2026-09-18,yellows_over_25,66.9,PRO_MEDIUM,
Bayern Munich,Union Berlin,2026-09-18,home_win_and_corners_under95,66.4,PRO_MEDIUM,
Bayern Munich,Union Berlin,2026-09-18,corners_over_85,64.7,PRO_MEDIUM,
Bayern Munich,Union Berlin,2026-09-18,dc_1x_and_over_25,64.2,PRO_MEDIUM,
Bayern Munich,Union Berlin,2026-09-18,home_win_1h,62.9,PRO_MEDIUM,
Bayern Munich,Union Berlin,2026-09-18,home_win_and_over_25,61.2,PRO_MEDIUM,
Bayern Munich,Union Berlin,2026-09-18,home_score_both_halves,59.9,PRO_MEDIUM,
Bayern Munich,Union Berlin,2026-09-18,sot_over_85,55.1,PRO_MEDIUM,
Betis,Getafe,2026-09-17,away_goals_under_25,93.4,PRO_STRONG,
Betis,Getafe,2026-09-17,away_win_and_under_25,91.6,PRO_STRONG,
Betis,Getafe,2026-09-17,away_win_and_cards_under35,90.6,PRO_STRONG,
Betis,Getafe,2026-09-17,both_teams_carded,89.2,PRO_STRONG,
Betis,Getafe,2026-09-17,away_win_and_under_15,88.0,PRO_STRONG,
Betis,Getafe,2026-09-17,dc_x2_and_under_25,87.1,PRO_STRONG,
Betis,Getafe,2026-09-17,home_goals_under_25,87.0,PRO_STRONG,
Betis,Getafe,2026-09-17,dc_1x,83.7,PRO_STRONG,1.18
Betis,Getafe,2026-09-17,home_goals_over_05,83.2,PRO_STRONG,
Betis,Getafe,2026-09-17,booking_pts_over_35,78.5,PRO_STRONG,
Betis,Getafe,2026-09-17,away_goals_under_15,77.8,PRO_STRONG,
Betis,Getafe,2026-09-17,home_win_and_under_25,77.4,PRO_STRONG,
Betis,Getafe,2026-09-17,home_win_and_corners_under95,74.1,PRO_MEDIUM,
Betis,Getafe,2026-09-17,corners_under_115,73.7,PRO_MEDIUM,
Betis,Getafe,2026-09-17,sot_under_95,70.9,PRO_MEDIUM,
Betis,Getafe,2026-09-17,dc_1x_and_under_25,68.8,PRO_MEDIUM,
Betis,Getafe,2026-09-17,sot_over_65,68.7,PRO_MEDIUM,
Betis,Getafe,2026-09-17,dc_12,68.0,PRO_MEDIUM,1.28
Betis,Getafe,2026-09-17,dc_x2_and_under_15,67.6,PRO_MEDIUM,
Betis,Getafe,2026-09-17,corners_over_75,66.3,PRO_MEDIUM,
Betis,Getafe,2026-09-17,home_win_either_half,65.3,PRO_MEDIUM,
Betis,Getafe,2026-09-17,away_goals_over_05,62.5,PRO_MEDIUM,
Betis,Getafe,2026-09-17,dc_12_and_under_25,61.4,PRO_MEDIUM,
Betis,Getafe,2026-09-17,dc_1x_and_over_15,59.5,PRO_MEDIUM,
Betis,Getafe,2026-09-17,home_win_and_under_15,58.4,PRO_MEDIUM,
Betis,Getafe,2026-09-17,goals_under_25,57.8,PRO_MEDIUM,1.62
Betis,Getafe,2026-09-17,sot_under_85,57.7,PRO_MEDIUM,
Betis,Getafe,2026-09-17,corners_over_85,56.7,PRO_MEDIUM,
Betis,Getafe,2026-09-17,yellows_over_45,55.3,PRO_MEDIUM,
Betis,Getafe,2026-09-17,sot_over_75,55.2,PRO_MEDIUM,
Birmingham,Middlesbrough,2026-09-19,home_goals_under_25,89.7,PRO_STRONG,
Birmingham,Middlesbrough,2026-09-19,home_win_and_corners_under95,85.1,PRO_STRONG,
Birmingham,Middlesbrough,2026-09-19,away_goals_under_25,82.6,PRO_STRONG,
Birmingham,Middlesbrough,2026-09-19,home_win_and_under_25,82.5,PRO_STRONG,
Birmingham,Middlesbrough,2026-09-19,home_win_and_cards_under35,82.2,PRO_MEDIUM,
Birmingham,Middlesbrough,2026-09-19,away_win_and_cards_under35,80.4,PRO_STRONG,
Birmingham,Middlesbrough,2026-09-19,home_win_and_under_15,77.9,PRO_STRONG,
Birmingham,Middlesbrough,2026-09-19,dc_12,77.2,PRO_STRONG,1.3
Birmingham,Middlesbrough,2026-09-19,corners_over_75,76.4,PRO_STRONG,
Birmingham,Middlesbrough,2026-09-19,away_win_and_under_25,76.0,PRO_STRONG,
Birmingham,Middlesbrough,2026-09-19,away_goals_over_05,74.1,PRO_MEDIUM,
Birmingham,Middlesbrough,2026-09-19,dc_1x_and_under_25,73.8,PRO_MEDIUM,
Birmingham,Middlesbrough,2026-09-19,sot_under_95,73.8,PRO_MEDIUM,
Birmingham,Middlesbrough,2026-09-19,both_teams_carded,71.5,PRO_MEDIUM,
Birmingham,Middlesbrough,2026-09-19,home_goals_over_05,71.3,PRO_MEDIUM,
Birmingham,Middlesbrough,2026-09-19,corners_under_115,70.5,PRO_MEDIUM,
Birmingham,Middlesbrough,2026-09-19,dc_x2_and_under_25,70.5,PRO_MEDIUM,
Birmingham,Middlesbrough,2026-09-19,dc_x2,69.4,PRO_MEDIUM,1.4
Birmingham,Middlesbrough,2026-09-19,sot_over_65,68.4,PRO_MEDIUM,
Birmingham,Middlesbrough,2026-09-19,yellows_over_25,66.9,PRO_MEDIUM,
Birmingham,Middlesbrough,2026-09-19,away_win_and_under_15,66.3,PRO_MEDIUM,
Birmingham,Middlesbrough,2026-09-19,corners_over_85,64.6,PRO_MEDIUM,
Birmingham,Middlesbrough,2026-09-19,home_goals_under_15,61.2,PRO_MEDIUM,
Birmingham,Middlesbrough,2026-09-19,away_win_either_half,58.6,PRO_MEDIUM,
Birmingham,Middlesbrough,2026-09-19,dc_1x_and_under_15,57.6,PRO_MEDIUM,
Birmingham,Middlesbrough,2026-09-19,away_goals_under_15,57.2,PRO_MEDIUM,
Birmingham,Middlesbrough,2026-09-19,dc_12_and_under_25,55.6,PRO_MEDIUM,
Birmingham,Middlesbrough,2026-09-19,sot_under_85,55.5,PRO_MEDIUM,
Birmingham,Middlesbrough,2026-09-19,corners_over_95,55.3,PRO_MEDIUM,
Birmingham,Middlesbrough,2026-09-19,yellows_under_35,55.0,PRO_MEDIUM,
Bologna,Torino,2026-09-19,away_goals_under_25,91.0,PRO_STRONG,
Bologna,Torino,2026-09-19,away_win_and_under_25,88.1,PRO_STRONG,
Bologna,Torino,2026-09-19,away_win_and_cards_under35,87.7,PRO_STRONG,
Bologna,Torino,2026-09-19,away_win_and_under_15,83.4,PRO_STRONG,
Bologna,Torino,2026-09-19,dc_x2_and_under_25,82.4,PRO_STRONG,
Bologna,Torino,2026-09-19,home_goals_under_25,81.8,PRO_STRONG,
Bologna,Torino,2026-09-19,dc_1x,81.4,PRO_STRONG,1.22
Bologna,Torino,2026-09-19,home_goals_over_05,80.3,PRO_STRONG,
Bologna,Torino,2026-09-19,corners_over_75,77.6,PRO_STRONG,
Bologna,Torino,2026-09-19,both_teams_carded,77.4,PRO_STRONG,
Bologna,Torino,2026-09-19,home_win_and_under_25,76.5,PRO_STRONG,
Bologna,Torino,2026-09-19,sot_over_65,75.8,PRO_STRONG,
Bologna,Torino,2026-09-19,home_win_and_corners_under95,75.3,PRO_STRONG,
Bologna,Torino,2026-09-19,yellows_over_25,75.3,PRO_STRONG,
Bologna,Torino,2026-09-19,away_goals_under_15,73.5,PRO_MEDIUM,
Bologna,Torino,2026-09-19,sot_over_75,69.2,PRO_MEDIUM,
Bologna,Torino,2026-09-19,corners_under_115,68.9,PRO_MEDIUM,
Bologna,Torino,2026-09-19,dc_12,68.5,PRO_MEDIUM,1.28
Bologna,Torino,2026-09-19,corners_over_85,68.4,PRO_MEDIUM,
Bologna,Torino,2026-09-19,dc_1x_and_under_25,68.1,PRO_MEDIUM,
Bologna,Torino,2026-09-19,dc_x2_and_under_15,64.1,PRO_MEDIUM,
Bologna,Torino,2026-09-19,home_win_either_half,63.4,PRO_MEDIUM,
Bologna,Torino,2026-09-19,booking_pts_over_35,61.9,PRO_MEDIUM,
Bologna,Torino,2026-09-19,sot_under_95,61.6,PRO_MEDIUM,
Bologna,Torino,2026-09-19,away_goals_over_05,61.2,PRO_MEDIUM,
Bologna,Torino,2026-09-19,yellows_over_35,60.0,PRO_MEDIUM,
Bologna,Torino,2026-09-19,yellows_under_45,59.8,PRO_MEDIUM,
Bologna,Torino,2026-09-19,home_win_and_under_15,59.0,PRO_MEDIUM,
Bologna,Torino,2026-09-19,dc_12_and_under_25,57.8,PRO_MEDIUM,
Bologna,Torino,2026-09-19,cards_range_3_5,57.5,PRO_MEDIUM,
Bologna,Torino,2026-09-19,dc_1x_and_over_15,56.9,PRO_MEDIUM,
Bologna,Torino,2026-09-19,corners_over_95,55.3,PRO_MEDIUM,
Bologna,Torino,2026-09-19,booking_pts_under_45,55.2,PRO_MEDIUM,
Bournemouth,Liverpool,2026-09-20,home_win_and_corners_under95,87.6,PRO_STRONG,
Bournemouth,Liverpool,2026-09-20,both_teams_carded,85.5,PRO_STRONG,
Bournemouth,Liverpool,2026-09-20,away_goals_over_05,85.5,PRO_STRONG,
Bournemouth,Liverpool,2026-09-20,home_goals_under_25,84.4,PRO_STRONG,
Bournemouth,Liverpool,2026-09-20,sot_over_65,83.5,PRO_STRONG,
Bournemouth,Liverpool,2026-09-20,home_win_and_cards_under35,82.9,PRO_MEDIUM,
Bournemouth,Liverpool,2026-09-20,dc_12,82.6,PRO_STRONG,1.28
Bournemouth,Liverpool,2026-09-20,home_win_and_under_25,82.5,PRO_STRONG,
Bournemouth,Liverpool,2026-09-20,corners_over_75,81.4,PRO_STRONG,
Bournemouth,Liverpool,2026-09-20,home_win_and_under_15,78.1,PRO_STRONG,
Bournemouth,Liverpool,2026-09-20,home_goals_over_05,76.9,PRO_STRONG,
Bournemouth,Liverpool,2026-09-20,dc_1x_and_under_25,75.4,PRO_STRONG,
Bournemouth,Liverpool,2026-09-20,dc_x2,72.2,PRO_MEDIUM,1.36
Bournemouth,Liverpool,2026-09-20,corners_under_115,71.7,PRO_MEDIUM,
Bournemouth,Liverpool,2026-09-20,away_goals_under_25,71.3,PRO_MEDIUM,
Bournemouth,Liverpool,2026-09-20,corners_over_85,68.9,PRO_MEDIUM,
Bournemouth,Liverpool,2026-09-20,away_win_and_cards_under35,67.4,PRO_MEDIUM,
Bournemouth,Liverpool,2026-09-20,away_win_either_half,66.9,PRO_MEDIUM,
Bournemouth,Liverpool,2026-09-20,sot_over_75,65.1,PRO_MEDIUM,
Bournemouth,Liverpool,2026-09-20,home_goals_under_15,64.4,PRO_MEDIUM,
Bournemouth,Liverpool,2026-09-20,away_win_and_under_25,61.2,PRO_MEDIUM,
Bournemouth,Liverpool,2026-09-20,sot_under_95,60.5,PRO_MEDIUM,
Bournemouth,Liverpool,2026-09-20,dc_x2_and_over_15,60.4,PRO_MEDIUM,
Bournemouth,Liverpool,2026-09-20,dc_1x_and_under_15,60.2,PRO_MEDIUM,
Bournemouth,Liverpool,2026-09-20,corners_over_95,60.1,PRO_MEDIUM,
Bournemouth,Liverpool,2026-09-20,goals_over_25,59.8,PRO_MEDIUM,1.5
Bournemouth,Liverpool,2026-09-20,away_goals_over_15,57.5,PRO_MEDIUM,
Bournemouth,Liverpool,2026-09-20,dc_x2_and_under_25,56.1,PRO_MEDIUM,
Bournemouth,Liverpool,2026-09-20,booking_pts_over_45,55.0,PRO_MEDIUM,
Brentford,Chelsea,2026-09-18,home_win_and_corners_under95,85.1,PRO_STRONG,
Brentford,Chelsea,2026-09-18,away_goals_over_05,84.3,PRO_STRONG,
Brentford,Chelsea,2026-09-18,home_goals_under_25,84.1,PRO_STRONG,
Brentford,Chelsea,2026-09-18,home_win_and_cards_under35,81.9,PRO_MEDIUM,
Brentford,Chelsea,2026-09-18,dc_12,79.3,PRO_STRONG,1.28
Brentford,Chelsea,2026-09-18,home_win_and_under_25,78.6,PRO_STRONG,
Brentford,Chelsea,2026-09-18,both_teams_carded,78.3,PRO_STRONG,
Brentford,Chelsea,2026-09-18,yellows_over_25,78.2,PRO_STRONG,
Brentford,Chelsea,2026-09-18,away_win_and_cards_under35,78.2,PRO_STRONG,
Brentford,Chelsea,2026-09-18,corners_over_75,77.9,PRO_STRONG,
Brentford,Chelsea,2026-09-18,home_win_and_under_15,77.4,PRO_STRONG,
Brentford,Chelsea,2026-09-18,sot_over_65,77.4,PRO_STRONG,
Brentford,Chelsea,2026-09-18,away_goals_under_25,75.9,PRO_STRONG,
Brentford,Chelsea,2026-09-18,home_goals_over_05,73.9,PRO_MEDIUM,
Brentford,Chelsea,2026-09-18,corners_under_115,73.4,PRO_MEDIUM,
Brentford,Chelsea,2026-09-18,dc_1x_and_under_25,72.0,PRO_MEDIUM,
Brentford,Chelsea,2026-09-18,dc_x2,70.7,PRO_MEDIUM,1.4
Brentford,Chelsea,2026-09-18,corners_over_85,67.1,PRO_MEDIUM,
Brentford,Chelsea,2026-09-18,away_win_and_under_25,65.9,PRO_MEDIUM,
Brentford,Chelsea,2026-09-18,sot_over_75,65.5,PRO_MEDIUM,
Brentford,Chelsea,2026-09-18,booking_pts_over_35,64.2,PRO_MEDIUM,
Brentford,Chelsea,2026-09-18,away_win_either_half,63.2,PRO_MEDIUM,
Brentford,Chelsea,2026-09-18,dc_x2_and_under_25,61.6,PRO_MEDIUM,
Brentford,Chelsea,2026-09-18,goals_over_25,61.2,PRO_MEDIUM,1.5
Brentford,Chelsea,2026-09-18,yellows_over_35,61.0,PRO_MEDIUM,
Brentford,Chelsea,2026-09-18,sot_under_95,60.5,PRO_MEDIUM,
Brentford,Chelsea,2026-09-18,yellows_under_45,58.3,PRO_MEDIUM,
Brentford,Chelsea,2026-09-18,home_goals_under_15,58.0,PRO_MEDIUM,
Brentford,Chelsea,2026-09-18,away_win_and_under_15,57.9,PRO_MEDIUM,
Brentford,Chelsea,2026-09-18,dc_x2_and_over_15,57.2,PRO_MEDIUM,
Brentford,Chelsea,2026-09-18,dc_12_and_over_25,56.4,PRO_MEDIUM,
Brentford,Chelsea,2026-09-18,dc_1x_and_under_15,55.1,PRO_MEDIUM,
Brighton,Arsenal,2026-09-19,home_goals_under_25,93.2,PRO_STRONG,
Brighton,Arsenal,2026-09-19,home_win_and_corners_under95,91.8,PRO_STRONG,
Brighton,Arsenal,2026-09-19,home_win_and_under_25,89.6,PRO_STRONG,
Brighton,Arsenal,2026-09-19,home_win_and_under_15,88.5,PRO_STRONG,
Brighton,Arsenal,2026-09-19,home_win_and_cards_under35,87.0,PRO_MEDIUM,
Brighton,Arsenal,2026-09-19,away_goals_over_05,86.0,PRO_STRONG,
Brighton,Arsenal,2026-09-19,dc_1x_and_under_25,83.5,PRO_STRONG,
Brighton,Arsenal,2026-09-19,dc_x2,82.1,PRO_STRONG,1.18
Brighton,Arsenal,2026-09-19,dc_12,80.2,PRO_STRONG,1.25
Brighton,Arsenal,2026-09-19,both_teams_carded,77.7,PRO_STRONG,
Brighton,Arsenal,2026-09-19,yellows_over_25,75.9,PRO_STRONG,
Brighton,Arsenal,2026-09-19,home_goals_under_15,75.0,PRO_STRONG,
Brighton,Arsenal,2026-09-19,corners_under_115,73.7,PRO_MEDIUM,
Brighton,Arsenal,2026-09-19,away_win_and_cards_under35,73.1,PRO_MEDIUM,
Brighton,Arsenal,2026-09-19,away_win_either_half,72.7,PRO_MEDIUM,
Brighton,Arsenal,2026-09-19,away_goals_under_25,70.5,PRO_MEDIUM,
Brighton,Arsenal,2026-09-19,sot_over_65,69.9,PRO_MEDIUM,
Brighton,Arsenal,2026-09-19,dc_x2_and_over_15,68.9,PRO_MEDIUM,
Brighton,Arsenal,2026-09-19,dc_1x_and_under_15,68.6,PRO_MEDIUM,
Brighton,Arsenal,2026-09-19,corners_over_75,68.2,PRO_MEDIUM,
Brighton,Arsenal,2026-09-19,away_win,62.4,PRO_MEDIUM,1.65
Brighton,Arsenal,2026-09-19,goals_over_25,62.2,PRO_MEDIUM,1.8
Brighton,Arsenal,2026-09-19,booking_pts_over_35,61.3,PRO_MEDIUM,
Brighton,Arsenal,2026-09-19,home_goals_over_05,61.2,PRO_MEDIUM,
Brighton,Arsenal,2026-09-19,away_win_and_under_25,60.9,PRO_MEDIUM,
Brighton,Arsenal,2026-09-19,sot_under_95,60.4,PRO_MEDIUM,
Brighton,Arsenal,2026-09-19,corners_over_85,58.9,PRO_MEDIUM,
Brighton,Arsenal,2026-09-19,away_goals_over_15,57.8,PRO_MEDIUM,
Brighton,Arsenal,2026-09-19,yellows_over_35,56.7,PRO_MEDIUM,
Brighton,Arsenal,2026-09-19,sot_over_75,56.7,PRO_MEDIUM,
Brighton,Arsenal,2026-09-19,sot_under_85,56.1,PRO_MEDIUM,
Brighton,Arsenal,2026-09-19,dc_12_and_over_25,55.7,PRO_MEDIUM,
Brighton,Arsenal,2026-09-19,cards_range_3_5,55.4,PRO_MEDIUM,
Bristol City,Lincoln,2026-09-15,away_goals_under_25,90.9,PRO_STRONG,
Bristol City,Lincoln,2026-09-15,away_win_and_under_25,86.2,PRO_STRONG,
Bristol City,Lincoln,2026-09-15,away_win_and_cards_under35,85.2,PRO_STRONG,
Bristol City,Lincoln,2026-09-15,home_goals_under_25,83.9,PRO_STRONG,
Bristol City,Lincoln,2026-09-15,home_win_and_corners_under95,81.3,PRO_STRONG,
Bristol City,Lincoln,2026-09-15,away_win_and_under_15,80.7,PRO_STRONG,
Bristol City,Lincoln,2026-09-15,dc_x2_and_under_25,78.8,PRO_STRONG,
Bristol City,Lincoln,2026-09-15,home_goals_over_05,77.4,PRO_STRONG,
Bristol City,Lincoln,2026-09-15,home_win_and_under_25,74.0,PRO_MEDIUM,
Bristol City,Lincoln,2026-09-15,corners_under_115,71.5,PRO_MEDIUM,
Bristol City,Lincoln,2026-09-15,sot_under_95,71.4,PRO_MEDIUM,
Bristol City,Lincoln,2026-09-15,dc_12,71.1,PRO_MEDIUM,1.28
Bristol City,Lincoln,2026-09-15,sot_over_65,70.0,PRO_MEDIUM,
Bristol City,Lincoln,2026-09-15,corners_over_75,69.2,PRO_MEDIUM,
Bristol City,Lincoln,2026-09-15,both_teams_carded,69.1,PRO_MEDIUM,
Bristol City,Lincoln,2026-09-15,away_goals_under_15,68.4,PRO_MEDIUM,
Bristol City,Lincoln,2026-09-15,yellows_over_25,66.9,PRO_MEDIUM,
Bristol City,Lincoln,2026-09-15,dc_1x_and_under_25,64.9,PRO_MEDIUM,
Bristol City,Lincoln,2026-09-15,home_win_and_under_15,64.8,PRO_MEDIUM,
Bristol City,Lincoln,2026-09-15,dc_x2_and_under_15,60.6,PRO_MEDIUM,
Bristol City,Lincoln,2026-09-15,sot_under_85,60.2,PRO_MEDIUM,
Bristol City,Lincoln,2026-09-15,corners_over_85,59.6,PRO_MEDIUM,
Bristol City,Lincoln,2026-09-15,home_win_either_half,59.5,PRO_MEDIUM,
Bristol City,Lincoln,2026-09-15,dc_12_and_under_25,59.0,PRO_MEDIUM,
Bristol City,Lincoln,2026-09-15,dc_1x_and_over_15,58.2,PRO_MEDIUM,
Bristol City,Lincoln,2026-09-15,dc_x2,56.5,PRO_MEDIUM,1.8
Bristol City,Lincoln,2026-09-15,sot_over_75,55.0,PRO_MEDIUM,
Bristol City,Watford,2026-09-18,away_goals_under_25,90.4,PRO_STRONG,
Bristol City,Watford,2026-09-18,away_win_and_cards_under35,86.3,PRO_STRONG,
Bristol City,Watford,2026-09-18,away_win_and_under_25,86.1,PRO_STRONG,
Bristol City,Watford,2026-09-18,away_win_and_under_15,82.6,PRO_STRONG,
Bristol City,Watford,2026-09-18,home_goals_under_25,82.4,PRO_STRONG,
Bristol City,Watford,2026-09-18,home_win_and_corners_under95,81.0,PRO_STRONG,
Bristol City,Watford,2026-09-18,home_goals_over_05,80.6,PRO_STRONG,
Bristol City,Watford,2026-09-18,dc_x2_and_under_25,80.0,PRO_STRONG,
Bristol City,Watford,2026-09-18,dc_1x,77.3,PRO_STRONG,1.25
Bristol City,Watford,2026-09-18,both_teams_carded,75.2,PRO_STRONG,
Bristol City,Watford,2026-09-18,home_win_and_under_25,74.5,PRO_MEDIUM,
Bristol City,Watford,2026-09-18,sot_under_95,73.6,PRO_MEDIUM,
Bristol City,Watford,2026-09-18,away_goals_under_15,71.8,PRO_MEDIUM,
Bristol City,Watford,2026-09-18,corners_under_115,71.3,PRO_MEDIUM,
Bristol City,Watford,2026-09-18,yellows_over_25,70.6,PRO_MEDIUM,
Bristol City,Watford,2026-09-18,dc_12,69.4,PRO_MEDIUM,1.3
Bristol City,Watford,2026-09-18,sot_over_65,68.7,PRO_MEDIUM,
Bristol City,Watford,2026-09-18,corners_over_75,66.3,PRO_MEDIUM,
Bristol City,Watford,2026-09-18,dc_1x_and_under_25,65.7,PRO_MEDIUM,
Bristol City,Watford,2026-09-18,away_goals_over_05,62.8,PRO_MEDIUM,
Bristol City,Watford,2026-09-18,sot_under_85,62.5,PRO_MEDIUM,
Bristol City,Watford,2026-09-18,home_win_either_half,61.4,PRO_MEDIUM,
Bristol City,Watford,2026-09-18,dc_x2_and_under_15,60.1,PRO_MEDIUM,
Bristol City,Watford,2026-09-18,home_win_and_under_15,58.6,PRO_MEDIUM,
Bristol City,Watford,2026-09-18,booking_pts_over_35,58.3,PRO_MEDIUM,
Bristol City,Watford,2026-09-18,dc_1x_and_over_15,56.8,PRO_MEDIUM,
Bristol City,Watford,2026-09-18,corners_over_85,56.7,PRO_MEDIUM,
Bristol City,Watford,2026-09-18,dc_12_and_under_25,56.0,PRO_MEDIUM,
Burnley,Derby,2026-09-19,away_goals_under_25,93.7,PRO_STRONG,
Burnley,Derby,2026-09-19,away_win_and_under_25,88.4,PRO_STRONG,
Burnley,Derby,2026-09-19,away_win_and_cards_under35,86.9,PRO_STRONG,
Burnley,Derby,2026-09-19,away_win_and_under_15,86.1,PRO_STRONG,
Burnley,Derby,2026-09-19,dc_x2_and_under_25,84.7,PRO_STRONG,
Burnley,Derby,2026-09-19,home_goals_over_05,81.9,PRO_STRONG,
Burnley,Derby,2026-09-19,home_goals_under_25,79.9,PRO_STRONG,
Burnley,Derby,2026-09-19,away_goals_under_15,76.0,PRO_STRONG,
Burnley,Derby,2026-09-19,dc_1x,75.5,PRO_STRONG,1.2
Burnley,Derby,2026-09-19,both_teams_carded,75.5,PRO_STRONG,
Burnley,Derby,2026-09-19,dc_12,75.4,PRO_STRONG,1.25
Burnley,Derby,2026-09-19,corners_over_75,74.6,PRO_MEDIUM,
Burnley,Derby,2026-09-19,sot_under_95,73.8,PRO_MEDIUM,
Burnley,Derby,2026-09-19,home_win_and_corners_under95,73.6,PRO_MEDIUM,
Burnley,Derby,2026-09-19,home_win_and_under_25,73.5,PRO_MEDIUM,
Burnley,Derby,2026-09-19,sot_over_65,73.5,PRO_MEDIUM,
Burnley,Derby,2026-09-19,corners_under_115,70.9,PRO_MEDIUM,
Burnley,Derby,2026-09-19,yellows_over_25,70.6,PRO_MEDIUM,
Burnley,Derby,2026-09-19,dc_x2_and_under_15,68.1,PRO_MEDIUM,
Burnley,Derby,2026-09-19,home_win_either_half,65.4,PRO_MEDIUM,
Burnley,Derby,2026-09-19,dc_1x_and_under_25,64.2,PRO_MEDIUM,
Burnley,Derby,2026-09-19,corners_over_85,63.2,PRO_MEDIUM,
Burnley,Derby,2026-09-19,home_win_and_under_15,62.6,PRO_MEDIUM,
Burnley,Derby,2026-09-19,dc_1x_and_over_15,62.4,PRO_MEDIUM,
Burnley,Derby,2026-09-19,away_goals_over_05,62.1,PRO_MEDIUM,
Burnley,Derby,2026-09-19,dc_12_and_under_25,59.4,PRO_MEDIUM,
Burnley,Derby,2026-09-19,sot_under_85,57.6,PRO_MEDIUM,
Burnley,Derby,2026-09-19,booking_pts_over_35,57.0,PRO_MEDIUM,
Burnley,Derby,2026-09-19,sot_over_75,56.7,PRO_MEDIUM,
Cardiff,Charlton,2026-09-19,away_goals_under_25,94.3,PRO_STRONG,
Cardiff,Charlton,2026-09-19,away_win_and_under_25,90.6,PRO_STRONG,
Cardiff,Charlton,2026-09-19,away_win_and_cards_under35,90.5,PRO_STRONG,
Cardiff,Charlton,2026-09-19,away_win_and_under_15,87.1,PRO_STRONG,
Cardiff,Charlton,2026-09-19,dc_x2_and_under_25,86.9,PRO_STRONG,
Cardiff,Charlton,2026-09-19,home_goals_over_05,85.3,PRO_STRONG,
Cardiff,Charlton,2026-09-19,dc_1x,81.1,PRO_STRONG,1.2
Cardiff,Charlton,2026-09-19,home_win_and_corners_under95,78.7,PRO_STRONG,
Cardiff,Charlton,2026-09-19,away_goals_under_15,78.1,PRO_STRONG,
Cardiff,Charlton,2026-09-19,dc_12,77.2,PRO_STRONG,1.25
Cardiff,Charlton,2026-09-19,both_teams_carded,75.2,PRO_STRONG,
Cardiff,Charlton,2026-09-19,home_goals_under_25,74.0,PRO_MEDIUM,
Cardiff,Charlton,2026-09-19,sot_under_95,71.4,PRO_MEDIUM,
Cardiff,Charlton,2026-09-19,corners_under_115,71.3,PRO_MEDIUM,
Cardiff,Charlton,2026-09-19,yellows_over_25,70.6,PRO_MEDIUM,
Cardiff,Charlton,2026-09-19,sot_over_65,69.5,PRO_MEDIUM,
Cardiff,Charlton,2026-09-19,home_win_either_half,68.8,PRO_MEDIUM,
Cardiff,Charlton,2026-09-19,dc_x2_and_under_15,66.9,PRO_MEDIUM,
Cardiff,Charlton,2026-09-19,corners_over_75,66.3,PRO_MEDIUM,
Cardiff,Charlton,2026-09-19,dc_1x_and_over_15,63.5,PRO_MEDIUM,
Cardiff,Charlton,2026-09-19,home_win_and_under_25,62.6,PRO_MEDIUM,
Cardiff,Charlton,2026-09-19,sot_under_85,62.5,PRO_MEDIUM,
Cardiff,Charlton,2026-09-19,dc_1x_and_under_25,61.1,PRO_MEDIUM,
Cardiff,Charlton,2026-09-19,away_goals_over_05,59.8,PRO_MEDIUM,
Cardiff,Charlton,2026-09-19,home_win,58.3,PRO_MEDIUM,1.7
Cardiff,Charlton,2026-09-19,booking_pts_over_35,58.3,PRO_MEDIUM,
Cardiff,Charlton,2026-09-19,home_goals_over_15,58.2,PRO_MEDIUM,
Cardiff,Charlton,2026-09-19,corners_over_85,56.7,PRO_MEDIUM,
Celta,Racing Santander,2026-09-19,away_goals_under_25,92.4,PRO_STRONG,
Celta,Racing Santander,2026-09-19,both_teams_carded,89.2,PRO_STRONG,
Celta,Racing Santander,2026-09-19,away_win_and_under_25,88.8,PRO_STRONG,
Celta,Racing Santander,2026-09-19,away_win_and_cards_under35,86.5,PRO_STRONG,
Celta,Racing Santander,2026-09-19,away_win_and_under_15,84.8,PRO_STRONG,
Celta,Racing Santander,2026-09-19,home_goals_over_05,83.7,PRO_STRONG,
Celta,Racing Santander,2026-09-19,home_goals_under_25,82.9,PRO_STRONG,
Celta,Racing Santander,2026-09-19,dc_1x,80.8,PRO_STRONG,1.22
Celta,Racing Santander,2026-09-19,dc_x2_and_under_25,80.7,PRO_STRONG,
Celta,Racing Santander,2026-09-19,booking_pts_over_35,78.5,PRO_STRONG,
Celta,Racing Santander,2026-09-19,home_win_and_corners_under95,77.0,PRO_STRONG,
Celta,Racing Santander,2026-09-19,home_win_and_under_25,74.9,PRO_MEDIUM,
Celta,Racing Santander,2026-09-19,corners_under_115,74.0,PRO_MEDIUM,
Celta,Racing Santander,2026-09-19,away_goals_under_15,71.8,PRO_MEDIUM,
Celta,Racing Santander,2026-09-19,sot_over_65,70.7,PRO_MEDIUM,
Celta,Racing Santander,2026-09-19,dc_12,68.4,PRO_MEDIUM,1.28
Celta,Racing Santander,2026-09-19,corners_over_75,67.4,PRO_MEDIUM,
Celta,Racing Santander,2026-09-19,sot_under_95,67.1,PRO_MEDIUM,
Celta,Racing Santander,2026-09-19,home_win_either_half,66.2,PRO_MEDIUM,
Celta,Racing Santander,2026-09-19,dc_1x_and_under_25,66.1,PRO_MEDIUM,
Celta,Racing Santander,2026-09-19,away_goals_over_05,63.3,PRO_MEDIUM,
Celta,Racing Santander,2026-09-19,dc_x2_and_under_15,63.0,PRO_MEDIUM,
Celta,Racing Santander,2026-09-19,home_win_and_under_15,61.9,PRO_MEDIUM,
Celta,Racing Santander,2026-09-19,dc_12_and_under_25,59.6,PRO_MEDIUM,
Celta,Racing Santander,2026-09-19,dc_1x_and_over_15,59.1,PRO_MEDIUM,
Celta,Racing Santander,2026-09-19,corners_over_85,57.8,PRO_MEDIUM,
Celta,Racing Santander,2026-09-19,sot_over_75,56.8,PRO_MEDIUM,
Celta,Racing Santander,2026-09-19,sot_under_85,55.6,PRO_MEDIUM,
Celta,Racing Santander,2026-09-19,yellows_over_45,55.3,PRO_MEDIUM,
Celtic,Rangers,2026-09-20,away_goals_under_25,89.5,PRO_STRONG,
Celtic,Rangers,2026-09-20,home_goals_over_05,83.1,PRO_STRONG,
Celtic,Rangers,2026-09-20,sot_over_65,83.1,PRO_STRONG,
Celtic,Rangers,2026-09-20,away_win_and_under_25,82.6,PRO_STRONG,
Celtic,Rangers,2026-09-20,corners_over_75,81.1,PRO_STRONG,
Celtic,Rangers,2026-09-20,away_win_and_under_15,80.8,PRO_STRONG,
Celtic,Rangers,2026-09-20,both_teams_carded,79.5,PRO_STRONG,
Celtic,Rangers,2026-09-20,away_win_and_cards_under35,78.5,PRO_STRONG,
Celtic,Rangers,2026-09-20,home_win_and_corners_under95,78.5,PRO_STRONG,
Celtic,Rangers,2026-09-20,home_goals_under_25,78.3,PRO_STRONG,
Celtic,Rangers,2026-09-20,dc_x2_and_under_25,78.1,PRO_STRONG,
Celtic,Rangers,2026-09-20,yellows_over_25,75.9,PRO_STRONG,
Celtic,Rangers,2026-09-20,dc_12,74.1,PRO_MEDIUM,1.25
Celtic,Rangers,2026-09-20,home_win_and_under_25,72.4,PRO_MEDIUM,
Celtic,Rangers,2026-09-20,away_goals_over_05,70.3,PRO_MEDIUM,
Celtic,Rangers,2026-09-20,corners_under_115,69.2,PRO_MEDIUM,
Celtic,Rangers,2026-09-20,away_goals_under_15,68.4,PRO_MEDIUM,
Celtic,Rangers,2026-09-20,corners_over_85,68.0,PRO_MEDIUM,
Celtic,Rangers,2026-09-20,sot_under_95,67.4,PRO_MEDIUM,
Celtic,Rangers,2026-09-20,home_win_and_under_15,65.0,PRO_MEDIUM,
Celtic,Rangers,2026-09-20,dc_1x_and_under_25,64.4,PRO_MEDIUM,
Celtic,Rangers,2026-09-20,dc_1x_and_over_15,63.9,PRO_MEDIUM,
Celtic,Rangers,2026-09-20,home_win_either_half,61.1,PRO_MEDIUM,
Celtic,Rangers,2026-09-20,sot_over_75,61.0,PRO_MEDIUM,
Celtic,Rangers,2026-09-20,corners_over_95,60.1,PRO_MEDIUM,
Celtic,Rangers,2026-09-20,booking_pts_over_35,59.7,PRO_MEDIUM,
Celtic,Rangers,2026-09-20,goals_over_25,59.2,PRO_MEDIUM,1.53
Celtic,Rangers,2026-09-20,dc_x2_and_under_15,58.6,PRO_MEDIUM,
Celtic,Rangers,2026-09-20,booking_pts_under_45,56.7,PRO_MEDIUM,
Celtic,Rangers,2026-09-20,sot_under_85,56.6,PRO_MEDIUM,
Celtic,Rangers,2026-09-20,dc_x2,55.7,PRO_MEDIUM,1.91
Celtic,Rangers,2026-09-20,btts,55.6,PRO_MEDIUM,1.5
Charleroi,Cercle Brugge,2026-09-19,away_goals_under_25,91.6,PRO_STRONG,
Charleroi,Cercle Brugge,2026-09-19,away_win_and_cards_under35,89.0,PRO_STRONG,
Charleroi,Cercle Brugge,2026-09-19,away_win_and_under_25,88.5,PRO_STRONG,
Charleroi,Cercle Brugge,2026-09-19,home_goals_over_05,86.5,PRO_STRONG,
Charleroi,Cercle Brugge,2026-09-19,away_win_and_under_15,85.1,PRO_STRONG,
Charleroi,Cercle Brugge,2026-09-19,sot_over_65,83.8,PRO_STRONG,
Charleroi,Cercle Brugge,2026-09-19,dc_x2_and_under_25,83.0,PRO_STRONG,
Charleroi,Cercle Brugge,2026-09-19,dc_1x,81.8,PRO_STRONG,1.22
Charleroi,Cercle Brugge,2026-09-19,corners_over_75,81.0,PRO_STRONG,
Charleroi,Cercle Brugge,2026-09-19,dc_12,74.8,PRO_MEDIUM,1.22
Charleroi,Cercle Brugge,2026-09-19,corners_under_115,73.6,PRO_MEDIUM,
Charleroi,Cercle Brugge,2026-09-19,home_win_and_corners_under95,73.0,PRO_MEDIUM,
Charleroi,Cercle Brugge,2026-09-19,away_goals_under_15,72.7,PRO_MEDIUM,
Charleroi,Cercle Brugge,2026-09-19,home_goals_under_25,72.6,PRO_MEDIUM,
Charleroi,Cercle Brugge,2026-09-19,both_teams_carded,69.4,PRO_MEDIUM,
Charleroi,Cercle Brugge,2026-09-19,corners_over_85,68.1,PRO_MEDIUM,
Charleroi,Cercle Brugge,2026-09-19,yellows_over_25,66.9,PRO_MEDIUM,
Charleroi,Cercle Brugge,2026-09-19,dc_x2_and_under_15,65.4,PRO_MEDIUM,
Charleroi,Cercle Brugge,2026-09-19,dc_1x_and_over_15,65.1,PRO_MEDIUM,
Charleroi,Cercle Brugge,2026-09-19,sot_over_75,64.7,PRO_MEDIUM,
Charleroi,Cercle Brugge,2026-09-19,home_win_either_half,64.5,PRO_MEDIUM,
Charleroi,Cercle Brugge,2026-09-19,home_win_and_under_25,64.2,PRO_MEDIUM,
Charleroi,Cercle Brugge,2026-09-19,away_goals_over_05,63.9,PRO_MEDIUM,
Charleroi,Cercle Brugge,2026-09-19,sot_under_95,61.3,PRO_MEDIUM,
Charleroi,Cercle Brugge,2026-09-19,dc_1x_and_under_25,59.3,PRO_MEDIUM,
Charleroi,Cercle Brugge,2026-09-19,home_goals_over_15,59.0,PRO_MEDIUM,
Charleroi,Cercle Brugge,2026-09-19,cards_range_3_5,57.2,PRO_MEDIUM,
Charleroi,Cercle Brugge,2026-09-19,home_win,56.6,PRO_MEDIUM,1.73
Club Brugge,Genk,2026-09-20,away_goals_under_25,92.4,PRO_STRONG,
Club Brugge,Genk,2026-09-20,away_win_and_cards_under35,92.0,PRO_STRONG,
Club Brugge,Genk,2026-09-20,away_win_and_under_25,91.8,PRO_STRONG,
Club Brugge,Genk,2026-09-20,away_win_and_under_15,91.3,PRO_STRONG,
Club Brugge,Genk,2026-09-20,home_goals_over_05,90.2,PRO_STRONG,
Club Brugge,Genk,2026-09-20,dc_x2_and_under_25,85.4,PRO_STRONG,
Club Brugge,Genk,2026-09-20,dc_1x,84.2,PRO_STRONG,1.14
Club Brugge,Genk,2026-09-20,dc_12,84.1,PRO_STRONG,1.2
Club Brugge,Genk,2026-09-20,sot_over_65,80.5,PRO_STRONG,
Club Brugge,Genk,2026-09-20,home_win_either_half,78.5,PRO_STRONG,
Club Brugge,Genk,2026-09-20,dc_x2_and_under_15,78.0,PRO_STRONG,
Club Brugge,Genk,2026-09-20,corners_over_75,76.5,PRO_STRONG,
Club Brugge,Genk,2026-09-20,dc_1x_and_over_15,75.2,PRO_STRONG,
Club Brugge,Genk,2026-09-20,corners_under_115,75.1,PRO_STRONG,
Club Brugge,Genk,2026-09-20,away_goals_under_15,74.7,PRO_MEDIUM,
Club Brugge,Genk,2026-09-20,both_teams_carded,71.5,PRO_MEDIUM,
Club Brugge,Genk,2026-09-20,home_goals_over_15,70.9,PRO_MEDIUM,
Club Brugge,Genk,2026-09-20,home_win,68.3,PRO_MEDIUM,1.44
Club Brugge,Genk,2026-09-20,home_win_and_corners_under95,67.0,PRO_MEDIUM,
Club Brugge,Genk,2026-09-20,yellows_over_25,66.9,PRO_MEDIUM,
Club Brugge,Genk,2026-09-20,sot_over_75,65.8,PRO_MEDIUM,
Club Brugge,Genk,2026-09-20,away_goals_over_05,65.5,PRO_MEDIUM,
Club Brugge,Genk,2026-09-20,goals_over_25,64.3,PRO_MEDIUM,
Club Brugge,Genk,2026-09-20,corners_over_85,64.2,PRO_MEDIUM,
Club Brugge,Genk,2026-09-20,home_goals_under_25,60.2,PRO_MEDIUM,
Club Brugge,Genk,2026-09-20,dc_12_and_over_25,59.8,PRO_MEDIUM,
Club Brugge,Genk,2026-09-20,home_win_and_over_15,59.2,PRO_MEDIUM,
Club Brugge,Genk,2026-09-20,btts,56.9,PRO_MEDIUM,1.53
Club Brugge,Genk,2026-09-20,sot_under_95,56.8,PRO_MEDIUM,
Club Brugge,Genk,2026-09-20,home_win_2h,56.0,PRO_MEDIUM,
Como,Parma,2026-09-14,away_goals_under_25,96.2,PRO_STRONG,
Como,Parma,2026-09-14,away_win_and_cards_under35,95.9,PRO_STRONG,
Como,Parma,2026-09-14,away_win_and_under_25,95.6,PRO_STRONG,
Como,Parma,2026-09-14,away_win_and_under_15,94.4,PRO_STRONG,
Como,Parma,2026-09-14,home_goals_over_05,94.1,PRO_STRONG,
Como,Parma,2026-09-14,dc_1x,92.5,PRO_STRONG,1.04
Como,Parma,2026-09-14,dc_x2_and_under_25,92.3,PRO_STRONG,
Como,Parma,2026-09-14,dc_12,89.5,PRO_STRONG,1.12
Como,Parma,2026-09-14,home_win_either_half,88.9,PRO_STRONG,
Como,Parma,2026-09-14,away_goals_under_15,84.7,PRO_STRONG,
Como,Parma,2026-09-14,dc_x2_and_under_15,84.1,PRO_STRONG,
Como,Parma,2026-09-14,home_win,82.0,PRO_STRONG,1.22
Como,Parma,2026-09-14,dc_1x_and_over_15,80.7,PRO_STRONG,
Como,Parma,2026-09-14,sot_over_65,80.5,PRO_STRONG,
Como,Parma,2026-09-14,corners_over_75,78.5,PRO_STRONG,
Como,Parma,2026-09-14,both_teams_carded,76.8,PRO_STRONG,
Como,Parma,2026-09-14,yellows_over_25,75.3,PRO_STRONG,
Como,Parma,2026-09-14,home_goals_over_15,75.2,PRO_STRONG,
Como,Parma,2026-09-14,sot_over_75,74.2,PRO_MEDIUM,
Como,Parma,2026-09-14,corners_under_115,68.9,PRO_MEDIUM,
Como,Parma,2026-09-14,home_win_and_over_15,68.6,PRO_MEDIUM,
Como,Parma,2026-09-14,corners_over_85,68.4,PRO_MEDIUM,
Como,Parma,2026-09-14,home_win_and_corners_under95,66.4,PRO_MEDIUM,
Como,Parma,2026-09-14,home_win_2h,65.7,PRO_MEDIUM,
Como,Parma,2026-09-14,goals_over_25,64.5,PRO_MEDIUM,1.67
Como,Parma,2026-09-14,sot_over_85,64.1,PRO_MEDIUM,
Como,Parma,2026-09-14,dc_1x_and_over_25,60.4,PRO_MEDIUM,
Como,Parma,2026-09-14,booking_pts_over_35,60.0,PRO_MEDIUM,
Como,Parma,2026-09-14,dc_12_and_over_25,59.4,PRO_MEDIUM,
Como,Parma,2026-09-14,yellows_over_35,57.6,PRO_MEDIUM,
Como,Parma,2026-09-14,home_win_1h,57.6,PRO_MEDIUM,
Como,Parma,2026-09-14,sot_under_95,57.4,PRO_MEDIUM,
Como,Parma,2026-09-14,home_win_and_over_25,56.4,PRO_MEDIUM,
Como,Parma,2026-09-14,cards_range_3_5,56.2,PRO_MEDIUM,
Como,Parma,2026-09-14,corners_over_95,55.3,PRO_MEDIUM,
Como,Parma,2026-09-14,home_goals_under_25,55.1,PRO_MEDIUM,
Corum,Alanyaspor,2026-09-19,away_goals_under_25,92.4,PRO_STRONG,
Corum,Alanyaspor,2026-09-19,home_goals_under_25,87.9,PRO_STRONG,
Corum,Alanyaspor,2026-09-19,away_win_and_under_25,86.4,PRO_STRONG,
Corum,Alanyaspor,2026-09-19,away_win_and_cards_under35,83.6,PRO_STRONG,
Corum,Alanyaspor,2026-09-19,dc_x2_and_under_25,83.2,PRO_STRONG,
Corum,Alanyaspor,2026-09-19,away_win_and_under_15,82.3,PRO_STRONG,
Corum,Alanyaspor,2026-09-19,home_win_and_under_25,81.3,PRO_STRONG,
Corum,Alanyaspor,2026-09-19,both_teams_carded,78.7,PRO_STRONG,
Corum,Alanyaspor,2026-09-19,home_win_and_corners_under95,78.6,PRO_STRONG,
Corum,Alanyaspor,2026-09-19,yellows_over_25,78.2,PRO_STRONG,
Corum,Alanyaspor,2026-09-19,corners_over_75,77.6,PRO_STRONG,
Corum,Alanyaspor,2026-09-19,corners_under_115,77.2,PRO_STRONG,
Corum,Alanyaspor,2026-09-19,away_goals_under_15,74.9,PRO_MEDIUM,
Corum,Alanyaspor,2026-09-19,dc_1x_and_under_25,73.6,PRO_MEDIUM,
Corum,Alanyaspor,2026-09-19,home_goals_over_05,73.1,PRO_MEDIUM,
Corum,Alanyaspor,2026-09-19,sot_over_65,71.1,PRO_MEDIUM,
Corum,Alanyaspor,2026-09-19,home_win_and_under_15,69.6,PRO_MEDIUM,
Corum,Alanyaspor,2026-09-19,dc_12,67.7,PRO_MEDIUM,1.35
Corum,Alanyaspor,2026-09-19,sot_under_95,67.2,PRO_MEDIUM,
Corum,Alanyaspor,2026-09-19,dc_x2_and_under_15,66.4,PRO_MEDIUM,
Corum,Alanyaspor,2026-09-19,corners_over_85,66.2,PRO_MEDIUM,
Corum,Alanyaspor,2026-09-19,dc_12_and_under_25,66.0,PRO_MEDIUM,
Corum,Alanyaspor,2026-09-19,booking_pts_over_35,64.5,PRO_MEDIUM,
Corum,Alanyaspor,2026-09-19,away_goals_over_05,63.5,PRO_MEDIUM,
Corum,Alanyaspor,2026-09-19,sot_under_85,63.3,PRO_MEDIUM,
Corum,Alanyaspor,2026-09-19,home_goals_under_15,63.2,PRO_MEDIUM,
Corum,Alanyaspor,2026-09-19,yellows_over_35,61.0,PRO_MEDIUM,
Corum,Alanyaspor,2026-09-19,goals_under_25,60.7,PRO_MEDIUM,
Corum,Alanyaspor,2026-09-19,dc_x2,58.2,PRO_MEDIUM,1.67
Corum,Alanyaspor,2026-09-19,yellows_under_45,57.7,PRO_MEDIUM,
Den Haag,Cambuur,2026-09-19,away_goals_under_25,88.0,PRO_STRONG,
Den Haag,Cambuur,2026-09-19,away_win_and_cards_under35,87.5,PRO_STRONG,
Den Haag,Cambuur,2026-09-19,away_win_and_under_25,84.7,PRO_STRONG,
Den Haag,Cambuur,2026-09-19,home_goals_over_05,83.5,PRO_STRONG,
Den Haag,Cambuur,2026-09-19,home_win_and_corners_under95,81.7,PRO_STRONG,
Den Haag,Cambuur,2026-09-19,away_win_and_under_15,81.2,PRO_STRONG,
Den Haag,Cambuur,2026-09-19,dc_x2_and_under_25,78.4,PRO_STRONG,
Den Haag,Cambuur,2026-09-19,dc_1x,76.9,PRO_STRONG,1.22
Den Haag,Cambuur,2026-09-19,home_goals_under_25,76.8,PRO_STRONG,
Den Haag,Cambuur,2026-09-19,sot_over_65,75.6,PRO_STRONG,
Den Haag,Cambuur,2026-09-19,corners_under_115,75.1,PRO_STRONG,
Den Haag,Cambuur,2026-09-19,dc_12,74.4,PRO_MEDIUM,1.25
Den Haag,Cambuur,2026-09-19,both_teams_carded,71.5,PRO_MEDIUM,
Den Haag,Cambuur,2026-09-19,corners_over_75,71.0,PRO_MEDIUM,
Den Haag,Cambuur,2026-09-19,home_win_and_under_25,67.8,PRO_MEDIUM,
Den Haag,Cambuur,2026-09-19,away_goals_under_15,67.7,PRO_MEDIUM,
Den Haag,Cambuur,2026-09-19,yellows_over_25,66.9,PRO_MEDIUM,
Den Haag,Cambuur,2026-09-19,dc_1x_and_under_25,62.8,PRO_MEDIUM,
Den Haag,Cambuur,2026-09-19,dc_x2_and_under_15,62.8,PRO_MEDIUM,
Den Haag,Cambuur,2026-09-19,home_win_either_half,62.4,PRO_MEDIUM,
Den Haag,Cambuur,2026-09-19,sot_under_95,62.0,PRO_MEDIUM,
Den Haag,Cambuur,2026-09-19,sot_over_75,61.3,PRO_MEDIUM,
Den Haag,Cambuur,2026-09-19,corners_over_85,59.8,PRO_MEDIUM,
Den Haag,Cambuur,2026-09-19,dc_1x_and_over_15,59.4,PRO_MEDIUM,
Den Haag,Cambuur,2026-09-19,home_win_and_under_15,59.0,PRO_MEDIUM,
Den Haag,Cambuur,2026-09-19,goals_over_25,58.5,PRO_MEDIUM,1.48
Den Haag,Cambuur,2026-09-19,yellows_under_35,55.2,PRO_MEDIUM,
Den Haag,Cambuur,2026-09-19,btts,55.0,PRO_MEDIUM,1.5
Dundee,Motherwell,2026-09-19,home_goals_under_25,89.6,PRO_STRONG,
Dundee,Motherwell,2026-09-19,home_win_and_corners_under95,86.2,PRO_STRONG,
Dundee,Motherwell,2026-09-19,home_win_and_under_25,84.5,PRO_STRONG,
Dundee,Motherwell,2026-09-19,home_win_and_under_15,81.6,PRO_STRONG,
Dundee,Motherwell,2026-09-19,home_win_and_cards_under35,80.9,PRO_MEDIUM,
Dundee,Motherwell,2026-09-19,away_goals_under_25,80.4,PRO_STRONG,
Dundee,Motherwell,2026-09-19,away_goals_over_05,80.1,PRO_STRONG,
Dundee,Motherwell,2026-09-19,away_win_and_cards_under35,79.0,PRO_STRONG,
Dundee,Motherwell,2026-09-19,dc_1x_and_under_25,78.3,PRO_STRONG,
Dundee,Motherwell,2026-09-19,both_teams_carded,75.2,PRO_STRONG,
Dundee,Motherwell,2026-09-19,dc_x2,74.6,PRO_MEDIUM,1.36
Dundee,Motherwell,2026-09-19,dc_12,73.3,PRO_MEDIUM,1.28
Dundee,Motherwell,2026-09-19,home_goals_over_05,71.6,PRO_MEDIUM,
Dundee,Motherwell,2026-09-19,away_win_and_under_25,71.5,PRO_MEDIUM,
Dundee,Motherwell,2026-09-19,corners_under_115,71.3,PRO_MEDIUM,
Dundee,Motherwell,2026-09-19,sot_under_95,71.0,PRO_MEDIUM,
Dundee,Motherwell,2026-09-19,dc_x2_and_under_25,70.7,PRO_MEDIUM,
Dundee,Motherwell,2026-09-19,yellows_over_25,70.6,PRO_MEDIUM,
Dundee,Motherwell,2026-09-19,sot_over_65,69.6,PRO_MEDIUM,
Dundee,Motherwell,2026-09-19,corners_over_75,68.7,PRO_MEDIUM,
Dundee,Motherwell,2026-09-19,home_goals_under_15,67.3,PRO_MEDIUM,
Dundee,Motherwell,2026-09-19,away_win_and_under_15,65.8,PRO_MEDIUM,
Dundee,Motherwell,2026-09-19,sot_under_85,62.5,PRO_MEDIUM,
Dundee,Motherwell,2026-09-19,dc_1x_and_under_15,61.9,PRO_MEDIUM,
Dundee,Motherwell,2026-09-19,away_win_either_half,60.1,PRO_MEDIUM,
Dundee,Motherwell,2026-09-19,corners_over_85,59.9,PRO_MEDIUM,
Dundee,Motherwell,2026-09-19,booking_pts_over_35,59.0,PRO_MEDIUM,
Dundee,Motherwell,2026-09-19,away_goals_under_15,56.0,PRO_MEDIUM,
Ein Frankfurt,Freiburg,2026-09-19,home_goals_under_25,84.3,PRO_STRONG,
Ein Frankfurt,Freiburg,2026-09-19,away_win_and_cards_under35,80.0,PRO_STRONG,
Ein Frankfurt,Freiburg,2026-09-19,home_win_and_corners_under95,79.9,PRO_STRONG,
Ein Frankfurt,Freiburg,2026-09-19,away_goals_under_25,79.1,PRO_STRONG,
Ein Frankfurt,Freiburg,2026-09-19,home_goals_over_05,79.0,PRO_STRONG,
Ein Frankfurt,Freiburg,2026-09-19,away_goals_over_05,78.4,PRO_STRONG,
Ein Frankfurt,Freiburg,2026-09-19,sot_over_65,77.1,PRO_STRONG,
Ein Frankfurt,Freiburg,2026-09-19,corners_under_115,75.1,PRO_STRONG,
Ein Frankfurt,Freiburg,2026-09-19,home_win_and_under_25,75.1,PRO_STRONG,
Ein Frankfurt,Freiburg,2026-09-19,corners_over_75,74.8,PRO_MEDIUM,
Ein Frankfurt,Freiburg,2026-09-19,away_win_and_under_25,74.5,PRO_MEDIUM,
Ein Frankfurt,Freiburg,2026-09-19,dc_12,74.3,PRO_MEDIUM,1.28
Ein Frankfurt,Freiburg,2026-09-19,home_win_and_under_15,73.7,PRO_MEDIUM,
Ein Frankfurt,Freiburg,2026-09-19,both_teams_carded,72.8,PRO_MEDIUM,
Ein Frankfurt,Freiburg,2026-09-19,away_win_and_under_15,69.2,PRO_MEDIUM,
Ein Frankfurt,Freiburg,2026-09-19,yellows_over_25,68.4,PRO_MEDIUM,
Ein Frankfurt,Freiburg,2026-09-19,dc_1x_and_under_25,68.0,PRO_MEDIUM,
Ein Frankfurt,Freiburg,2026-09-19,dc_x2_and_under_25,66.4,PRO_MEDIUM,
Ein Frankfurt,Freiburg,2026-09-19,sot_over_75,65.5,PRO_MEDIUM,
Ein Frankfurt,Freiburg,2026-09-19,dc_x2,64.7,PRO_MEDIUM,1.62
Ein Frankfurt,Freiburg,2026-09-19,corners_over_85,62.1,PRO_MEDIUM,
Ein Frankfurt,Freiburg,2026-09-19,sot_under_95,61.9,PRO_MEDIUM,
Ein Frankfurt,Freiburg,2026-09-19,dc_1x,61.0,PRO_MEDIUM,1.4
Ein Frankfurt,Freiburg,2026-09-19,away_goals_under_15,61.0,PRO_MEDIUM,
Ein Frankfurt,Freiburg,2026-09-19,home_goals_under_15,56.6,PRO_MEDIUM,
Ein Frankfurt,Freiburg,2026-09-19,btts,56.2,PRO_MEDIUM,1.4
Ein Frankfurt,Freiburg,2026-09-19,goals_over_25,55.2,PRO_MEDIUM,1.5
Elche,Real Madrid,2026-09-15,home_goals_under_25,94.7,PRO_STRONG,
Elche,Real Madrid,2026-09-15,home_win_and_under_25,93.1,PRO_STRONG,
Elche,Real Madrid,2026-09-15,home_win_and_corners_under95,91.8,PRO_STRONG,
Elche,Real Madrid,2026-09-15,home_win_and_under_15,91.5,PRO_STRONG,
Elche,Real Madrid,2026-09-15,home_win_and_cards_under35,90.7,PRO_MEDIUM,
Elche,Real Madrid,2026-09-15,away_goals_over_05,89.4,PRO_STRONG,
Elche,Real Madrid,2026-09-15,dc_1x_and_under_25,88.7,PRO_STRONG,
Elche,Real Madrid,2026-09-15,dc_x2,87.6,PRO_STRONG,1.05
Elche,Real Madrid,2026-09-15,dc_12,84.3,PRO_STRONG,1.12
Elche,Real Madrid,2026-09-15,home_goals_under_15,82.8,PRO_STRONG,
Elche,Real Madrid,2026-09-15,corners_over_75,79.7,PRO_STRONG,
Elche,Real Madrid,2026-09-15,dc_1x_and_under_15,79.7,PRO_STRONG,
Elche,Real Madrid,2026-09-15,away_win_either_half,78.7,PRO_STRONG,
Elche,Real Madrid,2026-09-15,sot_over_65,78.2,PRO_STRONG,
Elche,Real Madrid,2026-09-15,dc_x2_and_over_15,74.1,PRO_MEDIUM,
Elche,Real Madrid,2026-09-15,away_win,71.9,PRO_MEDIUM,1.22
Elche,Real Madrid,2026-09-15,corners_under_115,71.7,PRO_MEDIUM,
Elche,Real Madrid,2026-09-15,corners_over_85,66.0,PRO_MEDIUM,
Elche,Real Madrid,2026-09-15,sot_under_95,65.5,PRO_MEDIUM,
Elche,Real Madrid,2026-09-15,goals_over_25,64.9,PRO_MEDIUM,1.33
Elche,Real Madrid,2026-09-15,sot_over_75,64.8,PRO_MEDIUM,
Elche,Real Madrid,2026-09-15,away_goals_under_25,64.5,PRO_MEDIUM,
Elche,Real Madrid,2026-09-15,away_goals_over_15,64.0,PRO_MEDIUM,
Elche,Real Madrid,2026-09-15,away_win_and_cards_under35,62.5,PRO_MEDIUM,
Elche,Real Madrid,2026-09-15,dc_12_and_over_25,62.1,PRO_MEDIUM,
Elche,Real Madrid,2026-09-15,away_win_and_over_15,61.4,PRO_MEDIUM,
Elche,Real Madrid,2026-09-15,away_win_2h,56.6,PRO_MEDIUM,
Erzurum Bb,Samsunspor,2026-09-20,home_goals_under_25,90.6,PRO_STRONG,
Erzurum Bb,Samsunspor,2026-09-20,home_win_and_corners_under95,85.1,PRO_STRONG,
Erzurum Bb,Samsunspor,2026-09-20,away_goals_under_25,84.5,PRO_STRONG,
Erzurum Bb,Samsunspor,2026-09-20,away_win_and_cards_under35,83.2,PRO_STRONG,
Erzurum Bb,Samsunspor,2026-09-20,home_win_and_under_25,82.9,PRO_STRONG,
Erzurum Bb,Samsunspor,2026-09-20,home_win_and_cards_under35,81.7,PRO_MEDIUM,
Erzurum Bb,Samsunspor,2026-09-20,home_win_and_under_15,79.2,PRO_STRONG,
Erzurum Bb,Samsunspor,2026-09-20,away_win_and_under_25,79.1,PRO_STRONG,
Erzurum Bb,Samsunspor,2026-09-20,corners_under_115,77.7,PRO_STRONG,
Erzurum Bb,Samsunspor,2026-09-20,dc_x2_and_under_25,76.8,PRO_STRONG,
Erzurum Bb,Samsunspor,2026-09-20,away_win_and_under_15,76.3,PRO_STRONG,
Erzurum Bb,Samsunspor,2026-09-20,dc_1x_and_under_25,76.0,PRO_STRONG,
Erzurum Bb,Samsunspor,2026-09-20,dc_12,75.2,PRO_STRONG,1.36
Erzurum Bb,Samsunspor,2026-09-20,corners_over_75,71.5,PRO_MEDIUM,
Erzurum Bb,Samsunspor,2026-09-20,sot_over_65,71.0,PRO_MEDIUM,
Erzurum Bb,Samsunspor,2026-09-20,home_goals_over_05,69.9,PRO_MEDIUM,
Erzurum Bb,Samsunspor,2026-09-20,sot_under_95,69.8,PRO_MEDIUM,
Erzurum Bb,Samsunspor,2026-09-20,both_teams_carded,69.6,PRO_MEDIUM,
Erzurum Bb,Samsunspor,2026-09-20,home_goals_under_15,69.2,PRO_MEDIUM,
Erzurum Bb,Samsunspor,2026-09-20,yellows_over_25,68.9,PRO_MEDIUM,
Erzurum Bb,Samsunspor,2026-09-20,away_goals_under_15,66.1,PRO_MEDIUM,
Erzurum Bb,Samsunspor,2026-09-20,dc_x2,65.6,PRO_MEDIUM,1.44
Erzurum Bb,Samsunspor,2026-09-20,corners_under_95,63.8,PRO_MEDIUM,
Erzurum Bb,Samsunspor,2026-09-20,corners_over_85,62.7,PRO_MEDIUM,
Erzurum Bb,Samsunspor,2026-09-20,sot_under_85,60.8,PRO_MEDIUM,
Erzurum Bb,Samsunspor,2026-09-20,dc_12_and_under_25,60.2,PRO_MEDIUM,
Erzurum Bb,Samsunspor,2026-09-20,dc_1x,59.2,PRO_MEDIUM,1.44
Erzurum Bb,Samsunspor,2026-09-20,dc_x2_and_under_15,59.2,PRO_MEDIUM,
Erzurum Bb,Samsunspor,2026-09-20,dc_1x_and_under_15,58.7,PRO_MEDIUM,
Erzurum Bb,Samsunspor,2026-09-20,goals_under_25,57.8,PRO_MEDIUM,
Erzurum Bb,Samsunspor,2026-09-20,cards_range_3_5,57.3,PRO_MEDIUM,
Espanol,Elche,2026-09-18,away_goals_under_25,93.2,PRO_STRONG,
Espanol,Elche,2026-09-18,away_win_and_under_25,90.9,PRO_STRONG,
Espanol,Elche,2026-09-18,away_win_and_under_15,87.8,PRO_STRONG,
Espanol,Elche,2026-09-18,home_goals_under_25,85.7,PRO_STRONG,
Espanol,Elche,2026-09-18,dc_x2_and_under_25,85.6,PRO_STRONG,
Espanol,Elche,2026-09-18,away_win_and_cards_under35,85.1,PRO_STRONG,
Espanol,Elche,2026-09-18,dc_1x,82.7,PRO_STRONG,1.22
Espanol,Elche,2026-09-18,home_goals_over_05,81.1,PRO_STRONG,
Espanol,Elche,2026-09-18,home_win_and_corners_under95,78.4,PRO_STRONG,
Espanol,Elche,2026-09-18,away_goals_under_15,76.7,PRO_STRONG,
Espanol,Elche,2026-09-18,home_win_and_under_25,75.6,PRO_STRONG,
Espanol,Elche,2026-09-18,corners_under_115,73.7,PRO_MEDIUM,
Espanol,Elche,2026-09-18,sot_under_95,72.2,PRO_MEDIUM,
Espanol,Elche,2026-09-18,dc_12,71.1,PRO_MEDIUM,1.3
Espanol,Elche,2026-09-18,sot_over_65,69.1,PRO_MEDIUM,
Espanol,Elche,2026-09-18,dc_x2_and_under_15,67.1,PRO_MEDIUM,
Espanol,Elche,2026-09-18,dc_1x_and_under_25,66.6,PRO_MEDIUM,
Espanol,Elche,2026-09-18,home_win_either_half,66.2,PRO_MEDIUM,
Espanol,Elche,2026-09-18,corners_over_75,65.8,PRO_MEDIUM,
Espanol,Elche,2026-09-18,away_goals_over_05,61.1,PRO_MEDIUM,
Espanol,Elche,2026-09-18,dc_1x_and_over_15,59.9,PRO_MEDIUM,
Espanol,Elche,2026-09-18,home_win_and_under_15,59.8,PRO_MEDIUM,
Espanol,Elche,2026-09-18,sot_under_85,59.1,PRO_MEDIUM,
Espanol,Elche,2026-09-18,dc_12_and_under_25,58.9,PRO_MEDIUM,
Espanol,Elche,2026-09-18,corners_over_85,55.7,PRO_MEDIUM,
Espanol,Elche,2026-09-18,sot_over_75,55.2,PRO_MEDIUM,
Estoril,Casa Pia,2026-09-20,away_goals_under_25,93.8,PRO_STRONG,
Estoril,Casa Pia,2026-09-20,away_win_and_under_25,90.9,PRO_STRONG,
Estoril,Casa Pia,2026-09-20,away_win_and_cards_under35,89.7,PRO_STRONG,
Estoril,Casa Pia,2026-09-20,both_teams_carded,87.7,PRO_STRONG,
Estoril,Casa Pia,2026-09-20,away_win_and_under_15,86.7,PRO_STRONG,
Estoril,Casa Pia,2026-09-20,dc_x2_and_under_25,86.6,PRO_STRONG,
Estoril,Casa Pia,2026-09-20,home_goals_over_05,85.4,PRO_STRONG,
Estoril,Casa Pia,2026-09-20,dc_1x,83.4,PRO_STRONG,1.21
Estoril,Casa Pia,2026-09-20,home_goals_under_25,80.8,PRO_STRONG,
Estoril,Casa Pia,2026-09-20,home_win_and_corners_under95,79.1,PRO_STRONG,
Estoril,Casa Pia,2026-09-20,booking_pts_over_35,77.1,PRO_STRONG,
Estoril,Casa Pia,2026-09-20,away_goals_under_15,75.4,PRO_STRONG,
Estoril,Casa Pia,2026-09-20,dc_12,74.0,PRO_MEDIUM,1.3
Estoril,Casa Pia,2026-09-20,corners_under_115,71.3,PRO_MEDIUM,
Estoril,Casa Pia,2026-09-20,dc_x2_and_under_15,70.0,PRO_MEDIUM,
Estoril,Casa Pia,2026-09-20,sot_over_65,69.5,PRO_MEDIUM,
Estoril,Casa Pia,2026-09-20,home_win_either_half,69.2,PRO_MEDIUM,
Estoril,Casa Pia,2026-09-20,sot_under_95,68.6,PRO_MEDIUM,
Estoril,Casa Pia,2026-09-20,home_win_and_under_25,66.6,PRO_MEDIUM,
Estoril,Casa Pia,2026-09-20,corners_over_75,66.3,PRO_MEDIUM,
Estoril,Casa Pia,2026-09-20,sot_under_85,62.5,PRO_MEDIUM,
Estoril,Casa Pia,2026-09-20,dc_1x_and_over_15,62.4,PRO_MEDIUM,
Estoril,Casa Pia,2026-09-20,dc_1x_and_under_25,62.1,PRO_MEDIUM,
Estoril,Casa Pia,2026-09-20,away_goals_over_05,59.6,PRO_MEDIUM,
Estoril,Casa Pia,2026-09-20,home_win,57.3,PRO_MEDIUM,1.8
Estoril,Casa Pia,2026-09-20,dc_12_and_under_25,57.1,PRO_MEDIUM,
Estoril,Casa Pia,2026-09-20,corners_over_85,56.7,PRO_MEDIUM,
Estoril,Casa Pia,2026-09-20,home_goals_over_15,56.3,PRO_MEDIUM,
Estoril,Casa Pia,2026-09-20,corners_under_95,55.0,PRO_MEDIUM,
Everton,Ipswich,2026-09-19,away_goals_under_25,92.3,PRO_STRONG,
Everton,Ipswich,2026-09-19,home_win_and_cards_under35,91.5,PRO_MEDIUM,
Everton,Ipswich,2026-09-19,away_win_and_cards_under35,91.0,PRO_STRONG,
Everton,Ipswich,2026-09-19,away_win_and_under_25,90.0,PRO_STRONG,
Everton,Ipswich,2026-09-19,away_win_and_under_15,86.5,PRO_STRONG,
Everton,Ipswich,2026-09-19,sot_under_65,86.3,PRO_STRONG,
Everton,Ipswich,2026-09-19,dc_x2_and_under_25,85.8,PRO_STRONG,
Everton,Ipswich,2026-09-19,home_goals_over_05,83.7,PRO_STRONG,
Everton,Ipswich,2026-09-19,dc_1x,81.9,PRO_STRONG,1.18
Everton,Ipswich,2026-09-19,corners_under_115,79.6,PRO_STRONG,
Everton,Ipswich,2026-09-19,away_goals_under_15,77.2,PRO_STRONG,
Everton,Ipswich,2026-09-19,home_win_and_corners_under95,77.0,PRO_STRONG,
Everton,Ipswich,2026-09-19,dc_12,76.6,PRO_STRONG,1.28
Everton,Ipswich,2026-09-19,home_goals_under_25,75.5,PRO_STRONG,
Everton,Ipswich,2026-09-19,dc_x2_and_under_15,69.1,PRO_MEDIUM,
Everton,Ipswich,2026-09-19,corners_under_95,65.3,PRO_MEDIUM,
Everton,Ipswich,2026-09-19,home_win_and_under_25,64.9,PRO_MEDIUM,
Everton,Ipswich,2026-09-19,home_win_either_half,64.6,PRO_MEDIUM,
Everton,Ipswich,2026-09-19,dc_1x_and_over_15,62.9,PRO_MEDIUM,
Everton,Ipswich,2026-09-19,corners_over_75,62.2,PRO_MEDIUM,
Everton,Ipswich,2026-09-19,sot_under_95,60.4,PRO_MEDIUM,
Everton,Ipswich,2026-09-19,home_goals_over_15,60.2,PRO_MEDIUM,
Everton,Ipswich,2026-09-19,dc_1x_and_under_25,58.6,PRO_MEDIUM,
Everton,Ipswich,2026-09-19,home_win,58.5,PRO_MEDIUM,1.7
Everton,Ipswich,2026-09-19,sot_under_85,58.4,PRO_MEDIUM,
Everton,Ipswich,2026-09-19,goals_over_25,55.7,PRO_MEDIUM,1.73
Everton,Ipswich,2026-09-19,away_goals_over_05,55.6,PRO_MEDIUM,
Falkirk,Hearts,2026-09-15,home_goals_under_25,91.5,PRO_STRONG,
Falkirk,Hearts,2026-09-15,home_win_and_corners_under95,88.9,PRO_STRONG,
Falkirk,Hearts,2026-09-15,home_win_and_under_25,88.8,PRO_STRONG,
Falkirk,Hearts,2026-09-15,home_win_and_cards_under35,86.9,PRO_MEDIUM,
Falkirk,Hearts,2026-09-15,home_win_and_under_15,85.3,PRO_STRONG,
Falkirk,Hearts,2026-09-15,dc_1x_and_under_25,82.2,PRO_STRONG,
Falkirk,Hearts,2026-09-15,away_goals_over_05,81.6,PRO_STRONG,
Falkirk,Hearts,2026-09-15,dc_12,79.0,PRO_STRONG,1.28
Falkirk,Hearts,2026-09-15,both_teams_carded,78.5,PRO_STRONG,
Falkirk,Hearts,2026-09-15,dc_x2,76.5,PRO_STRONG,1.28
Falkirk,Hearts,2026-09-15,sot_over_65,75.5,PRO_STRONG,
Falkirk,Hearts,2026-09-15,yellows_over_25,75.1,PRO_STRONG,
Falkirk,Hearts,2026-09-15,away_goals_under_25,73.7,PRO_MEDIUM,
Falkirk,Hearts,2026-09-15,corners_under_115,71.5,PRO_MEDIUM,
Falkirk,Hearts,2026-09-15,corners_over_75,69.8,PRO_MEDIUM,
Falkirk,Hearts,2026-09-15,home_goals_under_15,69.2,PRO_MEDIUM,
Falkirk,Hearts,2026-09-15,home_goals_over_05,69.1,PRO_MEDIUM,
Falkirk,Hearts,2026-09-15,sot_under_95,68.6,PRO_MEDIUM,
Falkirk,Hearts,2026-09-15,away_win_and_cards_under35,67.4,PRO_MEDIUM,
Falkirk,Hearts,2026-09-15,away_win_either_half,66.4,PRO_MEDIUM,
Falkirk,Hearts,2026-09-15,dc_1x_and_under_15,65.1,PRO_MEDIUM,
Falkirk,Hearts,2026-09-15,dc_x2_and_over_15,63.5,PRO_MEDIUM,
Falkirk,Hearts,2026-09-15,away_win_and_under_25,63.0,PRO_MEDIUM,
Falkirk,Hearts,2026-09-15,sot_under_85,62.8,PRO_MEDIUM,
Falkirk,Hearts,2026-09-15,booking_pts_over_35,60.9,PRO_MEDIUM,
Falkirk,Hearts,2026-09-15,corners_over_85,58.7,PRO_MEDIUM,
Falkirk,Hearts,2026-09-15,dc_x2_and_under_25,58.4,PRO_MEDIUM,
Falkirk,Hearts,2026-09-15,goals_over_25,57.5,PRO_MEDIUM,1.73
Falkirk,Hearts,2026-09-15,booking_pts_under_45,56.3,PRO_MEDIUM,
Falkirk,Hearts,2026-09-15,away_goals_over_15,56.0,PRO_MEDIUM,
Falkirk,Hearts,2026-09-15,yellows_over_35,55.6,PRO_MEDIUM,
Falkirk,Hearts,2026-09-15,away_win,55.5,PRO_MEDIUM,1.8
Fenerbahce,Eyupspor,2026-09-20,away_goals_under_25,96.4,PRO_STRONG,
Fenerbahce,Eyupspor,2026-09-20,away_win_and_cards_under35,95.7,PRO_STRONG,
Fenerbahce,Eyupspor,2026-09-20,away_win_and_under_25,95.6,PRO_STRONG,
Fenerbahce,Eyupspor,2026-09-20,away_win_and_under_15,95.3,PRO_STRONG,
Fenerbahce,Eyupspor,2026-09-20,home_goals_over_05,93.9,PRO_STRONG,
Fenerbahce,Eyupspor,2026-09-20,dc_x2_and_under_25,93.2,PRO_STRONG,
Fenerbahce,Eyupspor,2026-09-20,dc_1x,92.8,PRO_STRONG,
Fenerbahce,Eyupspor,2026-09-20,dc_12,91.5,PRO_STRONG,1.08
Fenerbahce,Eyupspor,2026-09-20,dc_x2_and_under_15,89.2,PRO_STRONG,
Fenerbahce,Eyupspor,2026-09-20,home_win_either_half,88.0,PRO_STRONG,
Fenerbahce,Eyupspor,2026-09-20,away_goals_under_15,85.4,PRO_STRONG,
Fenerbahce,Eyupspor,2026-09-20,both_teams_carded,85.0,PRO_STRONG,
Fenerbahce,Eyupspor,2026-09-20,home_win,84.3,PRO_STRONG,1.16
Fenerbahce,Eyupspor,2026-09-20,dc_1x_and_over_15,80.7,PRO_STRONG,
Fenerbahce,Eyupspor,2026-09-20,sot_over_65,80.2,PRO_STRONG,
Fenerbahce,Eyupspor,2026-09-20,corners_under_115,77.2,PRO_STRONG,
Fenerbahce,Eyupspor,2026-09-20,corners_over_75,77.2,PRO_STRONG,
Fenerbahce,Eyupspor,2026-09-20,home_goals_over_15,76.8,PRO_STRONG,
Fenerbahce,Eyupspor,2026-09-20,home_win_and_over_15,73.6,PRO_MEDIUM,
Fenerbahce,Eyupspor,2026-09-20,home_win_and_corners_under95,69.4,PRO_MEDIUM,
Fenerbahce,Eyupspor,2026-09-20,home_win_2h,68.9,PRO_MEDIUM,
Fenerbahce,Eyupspor,2026-09-20,goals_over_25,65.4,PRO_MEDIUM,1.39
Fenerbahce,Eyupspor,2026-09-20,corners_over_85,65.3,PRO_MEDIUM,
Fenerbahce,Eyupspor,2026-09-20,home_win_1h,63.7,PRO_MEDIUM,
Fenerbahce,Eyupspor,2026-09-20,sot_over_75,62.9,PRO_MEDIUM,
Fenerbahce,Eyupspor,2026-09-20,dc_1x_and_over_25,62.1,PRO_MEDIUM,
Fenerbahce,Eyupspor,2026-09-20,dc_12_and_over_25,61.9,PRO_MEDIUM,
Fenerbahce,Eyupspor,2026-09-20,home_win_and_over_25,61.1,PRO_MEDIUM,
Fenerbahce,Eyupspor,2026-09-20,home_score_both_halves,59.6,PRO_MEDIUM,
Fenerbahce,Eyupspor,2026-09-20,sot_under_95,56.8,PRO_MEDIUM,
Feyenoord,Utrecht,2026-09-20,away_win_and_cards_under35,95.0,PRO_STRONG,
Feyenoord,Utrecht,2026-09-20,away_goals_under_25,94.6,PRO_STRONG,
Feyenoord,Utrecht,2026-09-20,away_win_and_under_25,94.5,PRO_STRONG,
Feyenoord,Utrecht,2026-09-20,away_win_and_under_15,93.1,PRO_STRONG,
Feyenoord,Utrecht,2026-09-20,home_goals_over_05,91.3,PRO_STRONG,
Feyenoord,Utrecht,2026-09-20,dc_x2_and_under_25,88.7,PRO_STRONG,
Feyenoord,Utrecht,2026-09-20,dc_12,88.6,PRO_STRONG,1.14
Feyenoord,Utrecht,2026-09-20,dc_1x,86.9,PRO_STRONG,1.07
Feyenoord,Utrecht,2026-09-20,home_win_either_half,82.8,PRO_STRONG,
Feyenoord,Utrecht,2026-09-20,sot_over_65,80.5,PRO_STRONG,
Feyenoord,Utrecht,2026-09-20,dc_x2_and_under_15,78.9,PRO_STRONG,
Feyenoord,Utrecht,2026-09-20,away_goals_under_15,77.4,PRO_STRONG,
Feyenoord,Utrecht,2026-09-20,corners_over_75,76.5,PRO_STRONG,
Feyenoord,Utrecht,2026-09-20,home_win,75.5,PRO_STRONG,1.28
Feyenoord,Utrecht,2026-09-20,dc_1x_and_over_15,75.4,PRO_STRONG,
Feyenoord,Utrecht,2026-09-20,corners_under_115,75.1,PRO_STRONG,
Feyenoord,Utrecht,2026-09-20,both_teams_carded,70.7,PRO_MEDIUM,
Feyenoord,Utrecht,2026-09-20,home_goals_over_15,69.7,PRO_MEDIUM,
Feyenoord,Utrecht,2026-09-20,home_win_and_corners_under95,67.0,PRO_MEDIUM,
Feyenoord,Utrecht,2026-09-20,yellows_over_25,66.9,PRO_MEDIUM,
Feyenoord,Utrecht,2026-09-20,home_win_and_over_15,66.5,PRO_MEDIUM,
Feyenoord,Utrecht,2026-09-20,dc_12_and_over_25,65.9,PRO_MEDIUM,
Feyenoord,Utrecht,2026-09-20,sot_over_75,65.8,PRO_MEDIUM,
Feyenoord,Utrecht,2026-09-20,goals_over_25,65.7,PRO_MEDIUM,1.36
Feyenoord,Utrecht,2026-09-20,corners_over_85,63.7,PRO_MEDIUM,
Feyenoord,Utrecht,2026-09-20,away_goals_over_05,60.4,PRO_MEDIUM,
Feyenoord,Utrecht,2026-09-20,home_win_2h,60.0,PRO_MEDIUM,
Feyenoord,Utrecht,2026-09-20,dc_1x_and_over_25,59.6,PRO_MEDIUM,
Feyenoord,Utrecht,2026-09-20,sot_under_95,56.8,PRO_MEDIUM,
Feyenoord,Utrecht,2026-09-20,home_win_and_over_25,56.0,PRO_MEDIUM,
Feyenoord,Utrecht,2026-09-20,btts,55.6,PRO_MEDIUM,1.67
Feyenoord,Utrecht,2026-09-20,yellows_under_35,55.2,PRO_MEDIUM,
Fiorentina,Napoli,2026-09-20,home_goals_under_25,88.9,PRO_STRONG,
Fiorentina,Napoli,2026-09-20,home_win_and_corners_under95,87.6,PRO_STRONG,
Fiorentina,Napoli,2026-09-20,home_win_and_under_25,87.2,PRO_STRONG,
Fiorentina,Napoli,2026-09-20,home_win_and_under_15,86.5,PRO_STRONG,
Fiorentina,Napoli,2026-09-20,away_goals_under_25,80.8,PRO_STRONG,
Fiorentina,Napoli,2026-09-20,dc_1x_and_under_25,79.8,PRO_STRONG,
Fiorentina,Napoli,2026-09-20,both_teams_carded,78.0,PRO_STRONG,
Fiorentina,Napoli,2026-09-20,dc_12,77.2,PRO_STRONG,1.3
Fiorentina,Napoli,2026-09-20,yellows_over_25,75.3,PRO_STRONG,
Fiorentina,Napoli,2026-09-20,away_goals_over_05,75.3,PRO_STRONG,
Fiorentina,Napoli,2026-09-20,dc_x2,74.7,PRO_MEDIUM,1.33
Fiorentina,Napoli,2026-09-20,home_goals_over_05,72.2,PRO_MEDIUM,
Fiorentina,Napoli,2026-09-20,away_win_and_cards_under35,71.8,PRO_MEDIUM,
Fiorentina,Napoli,2026-09-20,corners_over_75,71.5,PRO_MEDIUM,
Fiorentina,Napoli,2026-09-20,sot_over_65,71.0,PRO_MEDIUM,
Fiorentina,Napoli,2026-09-20,home_goals_under_15,70.7,PRO_MEDIUM,
Fiorentina,Napoli,2026-09-20,away_win_and_under_25,70.3,PRO_MEDIUM,
Fiorentina,Napoli,2026-09-20,corners_under_115,70.0,PRO_MEDIUM,
Fiorentina,Napoli,2026-09-20,dc_1x_and_under_15,64.3,PRO_MEDIUM,
Fiorentina,Napoli,2026-09-20,away_win_and_under_15,62.8,PRO_MEDIUM,
Fiorentina,Napoli,2026-09-20,corners_over_85,62.7,PRO_MEDIUM,
Fiorentina,Napoli,2026-09-20,sot_under_95,62.5,PRO_MEDIUM,
Fiorentina,Napoli,2026-09-20,dc_x2_and_under_25,62.4,PRO_MEDIUM,
Fiorentina,Napoli,2026-09-20,sot_over_75,62.2,PRO_MEDIUM,
Fiorentina,Napoli,2026-09-20,booking_pts_over_35,61.9,PRO_MEDIUM,
Fiorentina,Napoli,2026-09-20,cards_range_3_5,60.0,PRO_MEDIUM,
Fiorentina,Napoli,2026-09-20,yellows_over_35,60.0,PRO_MEDIUM,
Fiorentina,Napoli,2026-09-20,yellows_under_45,59.8,PRO_MEDIUM,
Fiorentina,Napoli,2026-09-20,away_win_either_half,59.6,PRO_MEDIUM,
Fiorentina,Napoli,2026-09-20,btts,57.0,PRO_MEDIUM,1.75
Fiorentina,Napoli,2026-09-20,dc_x2_and_over_15,55.6,PRO_MEDIUM,
Fiorentina,Napoli,2026-09-20,away_goals_under_15,55.3,PRO_MEDIUM,
Fiorentina,Napoli,2026-09-20,booking_pts_under_45,55.2,PRO_MEDIUM,
Frosinone,Como,2026-09-20,home_goals_under_25,94.9,PRO_STRONG,
Frosinone,Como,2026-09-20,home_win_and_under_25,91.9,PRO_STRONG,
Frosinone,Como,2026-09-20,home_win_and_corners_under95,91.8,PRO_STRONG,
Frosinone,Como,2026-09-20,home_win_and_under_15,89.8,PRO_STRONG,
Frosinone,Como,2026-09-20,away_goals_over_05,87.9,PRO_STRONG,
Frosinone,Como,2026-09-20,home_win_and_cards_under35,87.5,PRO_MEDIUM,
Frosinone,Como,2026-09-20,dc_1x_and_under_25,85.4,PRO_STRONG,
Frosinone,Como,2026-09-20,dc_x2,85.0,PRO_STRONG,1.14
Frosinone,Como,2026-09-20,sot_over_65,83.8,PRO_STRONG,
Frosinone,Como,2026-09-20,dc_12,83.4,PRO_STRONG,1.22
Frosinone,Como,2026-09-20,corners_over_75,82.7,PRO_STRONG,
Frosinone,Como,2026-09-20,home_goals_under_15,79.4,PRO_STRONG,
Frosinone,Como,2026-09-20,both_teams_carded,77.4,PRO_STRONG,
Frosinone,Como,2026-09-20,dc_1x_and_under_15,77.2,PRO_STRONG,
Frosinone,Como,2026-09-20,yellows_over_25,75.3,PRO_STRONG,
Frosinone,Como,2026-09-20,away_win_either_half,74.8,PRO_MEDIUM,
Frosinone,Como,2026-09-20,sot_over_75,72.8,PRO_MEDIUM,
Frosinone,Como,2026-09-20,away_win_and_cards_under35,71.8,PRO_MEDIUM,
Frosinone,Como,2026-09-20,dc_x2_and_over_15,69.6,PRO_MEDIUM,
Frosinone,Como,2026-09-20,away_win,68.4,PRO_MEDIUM,1.53
Frosinone,Como,2026-09-20,away_goals_under_25,67.6,PRO_MEDIUM,
Frosinone,Como,2026-09-20,corners_under_115,67.2,PRO_MEDIUM,
Frosinone,Como,2026-09-20,sot_over_85,64.0,PRO_MEDIUM,
Frosinone,Como,2026-09-20,away_goals_over_15,61.1,PRO_MEDIUM,
Frosinone,Como,2026-09-20,booking_pts_over_35,60.0,PRO_MEDIUM,
Frosinone,Como,2026-09-20,goals_over_25,59.9,PRO_MEDIUM,1.57
Frosinone,Como,2026-09-20,cards_range_3_5,59.7,PRO_MEDIUM,
Frosinone,Como,2026-09-20,sot_under_95,58.6,PRO_MEDIUM,
Frosinone,Como,2026-09-20,away_win_and_over_15,57.9,PRO_MEDIUM,
Frosinone,Como,2026-09-20,yellows_over_35,56.6,PRO_MEDIUM,
Fulham,Man United,2026-09-20,home_goals_under_25,89.4,PRO_STRONG,
Fulham,Man United,2026-09-20,home_win_and_corners_under95,88.9,PRO_STRONG,
Fulham,Man United,2026-09-20,home_win_and_cards_under35,86.5,PRO_MEDIUM,
Fulham,Man United,2026-09-20,away_goals_over_05,85.8,PRO_STRONG,
Fulham,Man United,2026-09-20,home_win_and_under_15,84.7,PRO_STRONG,
Fulham,Man United,2026-09-20,home_win_and_under_25,83.8,PRO_STRONG,
Fulham,Man United,2026-09-20,sot_over_65,83.5,PRO_STRONG,
Fulham,Man United,2026-09-20,dc_12,82.1,PRO_STRONG,1.28
Fulham,Man United,2026-09-20,dc_1x_and_under_25,79.3,PRO_STRONG,
Fulham,Man United,2026-09-20,corners_over_75,77.9,PRO_STRONG,
Fulham,Man United,2026-09-20,both_teams_carded,76.0,PRO_STRONG,
Fulham,Man United,2026-09-20,dc_x2,75.7,PRO_STRONG,1.3
Fulham,Man United,2026-09-20,yellows_over_25,75.4,PRO_STRONG,
Fulham,Man United,2026-09-20,home_goals_over_05,73.7,PRO_MEDIUM,
Fulham,Man United,2026-09-20,corners_under_115,73.2,PRO_MEDIUM,
Fulham,Man United,2026-09-20,away_goals_under_25,70.5,PRO_MEDIUM,
Fulham,Man United,2026-09-20,away_win_either_half,69.2,PRO_MEDIUM,
Fulham,Man United,2026-09-20,away_win_and_cards_under35,69.0,PRO_MEDIUM,
Fulham,Man United,2026-09-20,home_goals_under_15,68.7,PRO_MEDIUM,
Fulham,Man United,2026-09-20,corners_over_85,68.6,PRO_MEDIUM,
Fulham,Man United,2026-09-20,dc_1x_and_under_15,67.2,PRO_MEDIUM,
Fulham,Man United,2026-09-20,dc_x2_and_over_15,66.3,PRO_MEDIUM,
Fulham,Man United,2026-09-20,sot_over_75,65.1,PRO_MEDIUM,
Fulham,Man United,2026-09-20,away_win_and_under_25,61.2,PRO_MEDIUM,
Fulham,Man United,2026-09-20,goals_over_25,60.8,PRO_MEDIUM,1.57
Fulham,Man United,2026-09-20,sot_under_95,60.5,PRO_MEDIUM,
Fulham,Man United,2026-09-20,booking_pts_over_35,59.9,PRO_MEDIUM,
Fulham,Man United,2026-09-20,away_win,57.8,PRO_MEDIUM,1.95
Fulham,Man United,2026-09-20,away_goals_over_15,57.7,PRO_MEDIUM,
Fulham,Man United,2026-09-20,btts,57.2,PRO_MEDIUM,1.5
Fulham,Man United,2026-09-20,dc_12_and_over_25,57.2,PRO_MEDIUM,
Fulham,Man United,2026-09-20,cards_range_3_5,55.4,PRO_MEDIUM,
Fulham,Man United,2026-09-20,yellows_over_35,55.2,PRO_MEDIUM,
Gaziantep,Fenerbahce,2026-09-14,home_goals_under_25,92.9,PRO_STRONG,
Gaziantep,Fenerbahce,2026-09-14,home_win_and_corners_under95,91.8,PRO_STRONG,
Gaziantep,Fenerbahce,2026-09-14,home_win_and_under_25,89.4,PRO_STRONG,
Gaziantep,Fenerbahce,2026-09-14,home_win_and_cards_under35,88.8,PRO_MEDIUM,
Gaziantep,Fenerbahce,2026-09-14,home_win_and_under_15,88.2,PRO_STRONG,
Gaziantep,Fenerbahce,2026-09-14,away_goals_over_05,88.1,PRO_STRONG,
Gaziantep,Fenerbahce,2026-09-14,both_teams_carded,84.8,PRO_STRONG,
Gaziantep,Fenerbahce,2026-09-14,dc_x2,84.4,PRO_STRONG,1.14
Gaziantep,Fenerbahce,2026-09-14,dc_1x_and_under_25,84.0,PRO_STRONG,
Gaziantep,Fenerbahce,2026-09-14,dc_12,78.9,PRO_STRONG,1.22
Gaziantep,Fenerbahce,2026-09-14,corners_under_115,77.7,PRO_STRONG,
Gaziantep,Fenerbahce,2026-09-14,sot_over_65,75.5,PRO_STRONG,
Gaziantep,Fenerbahce,2026-09-14,away_win_either_half,75.0,PRO_MEDIUM,
Gaziantep,Fenerbahce,2026-09-14,home_goals_under_15,74.7,PRO_MEDIUM,
Gaziantep,Fenerbahce,2026-09-14,dc_1x_and_under_15,71.6,PRO_MEDIUM,
Gaziantep,Fenerbahce,2026-09-14,away_goals_under_25,70.7,PRO_MEDIUM,
Gaziantep,Fenerbahce,2026-09-14,corners_over_75,69.8,PRO_MEDIUM,
Gaziantep,Fenerbahce,2026-09-14,dc_x2_and_over_15,69.6,PRO_MEDIUM,
Gaziantep,Fenerbahce,2026-09-14,away_win_and_cards_under35,67.4,PRO_MEDIUM,
Gaziantep,Fenerbahce,2026-09-14,away_win,63.3,PRO_MEDIUM,1.5
Gaziantep,Fenerbahce,2026-09-14,goals_over_25,63.1,PRO_MEDIUM,1.67
Gaziantep,Fenerbahce,2026-09-14,sot_under_85,62.8,PRO_MEDIUM,
Gaziantep,Fenerbahce,2026-09-14,corners_under_95,62.8,PRO_MEDIUM,
Gaziantep,Fenerbahce,2026-09-14,home_goals_over_05,62.4,PRO_MEDIUM,
Gaziantep,Fenerbahce,2026-09-14,sot_under_95,61.9,PRO_MEDIUM,
Gaziantep,Fenerbahce,2026-09-14,away_goals_over_15,61.9,PRO_MEDIUM,
Gaziantep,Fenerbahce,2026-09-14,corners_over_85,58.7,PRO_MEDIUM,
Gaziantep,Fenerbahce,2026-09-14,dc_12_and_over_25,58.3,PRO_MEDIUM,
Gaziantep,Fenerbahce,2026-09-14,btts,57.5,PRO_MEDIUM,1.8
Gaziantep,Fenerbahce,2026-09-14,away_win_and_under_25,56.8,PRO_MEDIUM,
Gaziantep,Fenerbahce,2026-09-14,booking_pts_over_45,56.0,PRO_MEDIUM,
Gaziantep,Fenerbahce,2026-09-14,away_win_and_over_15,55.0,PRO_MEDIUM,
Gent,St. Liege,2026-09-18,away_goals_under_25,91.6,PRO_STRONG,
Gent,St. Liege,2026-09-18,away_win_and_under_25,85.4,PRO_STRONG,
Gent,St. Liege,2026-09-18,away_win_and_cards_under35,85.4,PRO_STRONG,
Gent,St. Liege,2026-09-18,away_win_and_under_15,84.7,PRO_STRONG,
Gent,St. Liege,2026-09-18,home_goals_over_05,83.4,PRO_STRONG,
Gent,St. Liege,2026-09-18,home_goals_under_25,82.9,PRO_STRONG,
Gent,St. Liege,2026-09-18,dc_x2_and_under_25,82.2,PRO_STRONG,
Gent,St. Liege,2026-09-18,dc_1x,79.9,PRO_STRONG,1.22
Gent,St. Liege,2026-09-18,home_win_and_corners_under95,78.2,PRO_STRONG,
Gent,St. Liege,2026-09-18,home_win_and_under_25,75.8,PRO_STRONG,
Gent,St. Liege,2026-09-18,corners_under_115,75.1,PRO_STRONG,
Gent,St. Liege,2026-09-18,away_goals_under_15,74.8,PRO_MEDIUM,
Gent,St. Liege,2026-09-18,corners_over_75,73.4,PRO_MEDIUM,
Gent,St. Liege,2026-09-18,both_teams_carded,73.3,PRO_MEDIUM,
Gent,St. Liege,2026-09-18,sot_over_65,71.4,PRO_MEDIUM,
Gent,St. Liege,2026-09-18,dc_12,70.9,PRO_MEDIUM,1.3
Gent,St. Liege,2026-09-18,dc_1x_and_under_25,69.5,PRO_MEDIUM,
Gent,St. Liege,2026-09-18,yellows_over_25,68.4,PRO_MEDIUM,
Gent,St. Liege,2026-09-18,dc_x2_and_under_15,66.4,PRO_MEDIUM,
Gent,St. Liege,2026-09-18,sot_under_95,63.7,PRO_MEDIUM,
Gent,St. Liege,2026-09-18,home_win_either_half,63.4,PRO_MEDIUM,
Gent,St. Liege,2026-09-18,away_goals_over_05,62.6,PRO_MEDIUM,
Gent,St. Liege,2026-09-18,corners_over_85,61.5,PRO_MEDIUM,
Gent,St. Liege,2026-09-18,home_win_and_under_15,60.2,PRO_MEDIUM,
Gent,St. Liege,2026-09-18,home_goals_under_15,56.6,PRO_MEDIUM,
Gent,St. Liege,2026-09-18,sot_over_75,56.2,PRO_MEDIUM,
Gent,St. Liege,2026-09-18,dc_1x_and_over_15,56.2,PRO_MEDIUM,
Gent,St. Liege,2026-09-18,sot_under_85,56.1,PRO_MEDIUM,
Gent,St. Liege,2026-09-18,dc_12_and_under_25,56.0,PRO_MEDIUM,
Getafe,Malaga,2026-09-20,away_goals_under_25,92.8,PRO_STRONG,
Getafe,Malaga,2026-09-20,home_goals_under_25,88.5,PRO_STRONG,
Getafe,Malaga,2026-09-20,away_win_and_under_25,88.1,PRO_STRONG,
Getafe,Malaga,2026-09-20,dc_x2_and_under_25,83.7,PRO_STRONG,
Getafe,Malaga,2026-09-20,home_win_and_corners_under95,82.5,PRO_STRONG,
Getafe,Malaga,2026-09-20,away_win_and_under_15,81.6,PRO_STRONG,
Getafe,Malaga,2026-09-20,home_win_and_under_25,80.6,PRO_STRONG,
Getafe,Malaga,2026-09-20,away_win_and_cards_under35,77.6,PRO_STRONG,
Getafe,Malaga,2026-09-20,sot_under_95,76.7,PRO_STRONG,
Getafe,Malaga,2026-09-20,dc_1x_and_under_25,75.4,PRO_STRONG,
Getafe,Malaga,2026-09-20,away_goals_under_15,74.7,PRO_MEDIUM,
Getafe,Malaga,2026-09-20,home_win_and_under_15,74.1,PRO_MEDIUM,
Getafe,Malaga,2026-09-20,home_goals_over_05,73.9,PRO_MEDIUM,
Getafe,Malaga,2026-09-20,corners_under_115,73.7,PRO_MEDIUM,
Getafe,Malaga,2026-09-20,sot_over_65,69.1,PRO_MEDIUM,
Getafe,Malaga,2026-09-20,home_goals_under_15,66.2,PRO_MEDIUM,
Getafe,Malaga,2026-09-20,corners_over_75,65.8,PRO_MEDIUM,
Getafe,Malaga,2026-09-20,dc_12,65.7,PRO_MEDIUM,1.36
Getafe,Malaga,2026-09-20,dc_12_and_under_25,65.1,PRO_MEDIUM,
Getafe,Malaga,2026-09-20,away_goals_over_05,61.4,PRO_MEDIUM,
Getafe,Malaga,2026-09-20,dc_x2_and_under_15,61.0,PRO_MEDIUM,
Getafe,Malaga,2026-09-20,goals_under_25,60.5,PRO_MEDIUM,1.44
Getafe,Malaga,2026-09-20,dc_x2,60.0,PRO_MEDIUM,1.7
Getafe,Malaga,2026-09-20,sot_under_85,59.1,PRO_MEDIUM,
Getafe,Malaga,2026-09-20,corners_over_85,55.7,PRO_MEDIUM,
Getafe,Malaga,2026-09-20,sot_over_75,55.2,PRO_MEDIUM,
Gil Vicente,Maritimo,2026-09-19,away_goals_under_25,92.7,PRO_STRONG,
Gil Vicente,Maritimo,2026-09-19,home_goals_under_25,88.7,PRO_STRONG,
Gil Vicente,Maritimo,2026-09-19,away_win_and_under_25,87.5,PRO_STRONG,
Gil Vicente,Maritimo,2026-09-19,dc_x2_and_under_25,84.4,PRO_STRONG,
Gil Vicente,Maritimo,2026-09-19,away_win_and_under_15,83.5,PRO_STRONG,
Gil Vicente,Maritimo,2026-09-19,home_win_and_corners_under95,80.5,PRO_STRONG,
Gil Vicente,Maritimo,2026-09-19,home_win_and_under_25,79.5,PRO_STRONG,
Gil Vicente,Maritimo,2026-09-19,away_win_and_cards_under35,76.2,PRO_STRONG,
Gil Vicente,Maritimo,2026-09-19,away_goals_under_15,75.2,PRO_STRONG,
Gil Vicente,Maritimo,2026-09-19,sot_under_95,75.1,PRO_STRONG,
Gil Vicente,Maritimo,2026-09-19,dc_1x_and_under_25,75.0,PRO_STRONG,
Gil Vicente,Maritimo,2026-09-19,corners_over_75,74.5,PRO_MEDIUM,
Gil Vicente,Maritimo,2026-09-19,home_goals_over_05,72.7,PRO_MEDIUM,
Gil Vicente,Maritimo,2026-09-19,home_win_and_under_15,71.8,PRO_MEDIUM,
Gil Vicente,Maritimo,2026-09-19,corners_under_115,70.9,PRO_MEDIUM,
Gil Vicente,Maritimo,2026-09-19,sot_over_65,68.7,PRO_MEDIUM,
Gil Vicente,Maritimo,2026-09-19,dc_12,65.6,PRO_MEDIUM,1.36
Gil Vicente,Maritimo,2026-09-19,away_goals_over_05,65.2,PRO_MEDIUM,
Gil Vicente,Maritimo,2026-09-19,home_goals_under_15,65.1,PRO_MEDIUM,
Gil Vicente,Maritimo,2026-09-19,sot_under_85,64.4,PRO_MEDIUM,
Gil Vicente,Maritimo,2026-09-19,dc_12_and_under_25,62.3,PRO_MEDIUM,
Gil Vicente,Maritimo,2026-09-19,corners_over_85,62.3,PRO_MEDIUM,
Gil Vicente,Maritimo,2026-09-19,dc_x2_and_under_15,60.4,PRO_MEDIUM,
Gil Vicente,Maritimo,2026-09-19,dc_x2,59.6,PRO_MEDIUM,1.68
Gil Vicente,Maritimo,2026-09-19,goals_under_25,59.4,PRO_MEDIUM,
Gil Vicente,Maritimo,2026-09-19,home_win_either_half,59.1,PRO_MEDIUM,
Goztep,Rizespor,2026-09-20,away_goals_under_25,89.1,PRO_STRONG,
Goztep,Rizespor,2026-09-20,home_goals_under_25,88.8,PRO_STRONG,
Goztep,Rizespor,2026-09-20,away_win_and_under_25,85.5,PRO_STRONG,
Goztep,Rizespor,2026-09-20,home_win_and_under_25,82.3,PRO_STRONG,
Goztep,Rizespor,2026-09-20,home_win_and_corners_under95,81.7,PRO_STRONG,
Goztep,Rizespor,2026-09-20,away_win_and_cards_under35,81.3,PRO_STRONG,
Goztep,Rizespor,2026-09-20,dc_x2_and_under_25,80.5,PRO_STRONG,
Goztep,Rizespor,2026-09-20,away_win_and_under_15,80.1,PRO_STRONG,
Goztep,Rizespor,2026-09-20,yellows_over_25,78.2,PRO_STRONG,
Goztep,Rizespor,2026-09-20,corners_under_115,77.7,PRO_STRONG,
Goztep,Rizespor,2026-09-20,both_teams_carded,76.7,PRO_STRONG,
Goztep,Rizespor,2026-09-20,home_win_and_under_15,75.3,PRO_STRONG,
Goztep,Rizespor,2026-09-20,dc_1x_and_under_25,75.3,PRO_STRONG,
Goztep,Rizespor,2026-09-20,home_goals_over_05,71.6,PRO_MEDIUM,
Goztep,Rizespor,2026-09-20,away_goals_under_15,71.2,PRO_MEDIUM,
Goztep,Rizespor,2026-09-20,sot_over_65,71.0,PRO_MEDIUM,
Goztep,Rizespor,2026-09-20,corners_over_75,70.9,PRO_MEDIUM,
Goztep,Rizespor,2026-09-20,away_goals_over_05,70.7,PRO_MEDIUM,
Goztep,Rizespor,2026-09-20,sot_under_95,69.8,PRO_MEDIUM,
Goztep,Rizespor,2026-09-20,dc_12,67.9,PRO_MEDIUM,1.33
Goztep,Rizespor,2026-09-20,dc_x2,66.2,PRO_MEDIUM,1.53
Goztep,Rizespor,2026-09-20,dc_1x,66.0,PRO_MEDIUM,1.4
Goztep,Rizespor,2026-09-20,booking_pts_over_35,65.2,PRO_MEDIUM,
Goztep,Rizespor,2026-09-20,home_goals_under_15,64.9,PRO_MEDIUM,
Goztep,Rizespor,2026-09-20,dc_12_and_under_25,64.0,PRO_MEDIUM,
Goztep,Rizespor,2026-09-20,sot_under_85,63.4,PRO_MEDIUM,
Goztep,Rizespor,2026-09-20,corners_under_95,62.8,PRO_MEDIUM,
Goztep,Rizespor,2026-09-20,yellows_over_35,62.3,PRO_MEDIUM,
Goztep,Rizespor,2026-09-20,corners_over_85,60.9,PRO_MEDIUM,
Goztep,Rizespor,2026-09-20,goals_under_25,59.2,PRO_MEDIUM,
Goztep,Rizespor,2026-09-20,yellows_under_45,57.7,PRO_MEDIUM,
Groningen,Zwolle,2026-09-18,away_win_and_cards_under35,90.6,PRO_STRONG,
Groningen,Zwolle,2026-09-18,away_goals_under_25,90.4,PRO_STRONG,
Groningen,Zwolle,2026-09-18,away_win_and_under_25,88.5,PRO_STRONG,
Groningen,Zwolle,2026-09-18,dc_x2_and_under_25,85.1,PRO_STRONG,
Groningen,Zwolle,2026-09-18,away_win_and_under_15,85.0,PRO_STRONG,
Groningen,Zwolle,2026-09-18,home_goals_over_05,84.2,PRO_STRONG,
Groningen,Zwolle,2026-09-18,sot_over_65,80.5,PRO_STRONG,
Groningen,Zwolle,2026-09-18,dc_1x,79.8,PRO_STRONG,1.18
Groningen,Zwolle,2026-09-18,dc_12,78.2,PRO_STRONG,1.22
Groningen,Zwolle,2026-09-18,corners_over_75,76.5,PRO_STRONG,
Groningen,Zwolle,2026-09-18,home_win_and_corners_under95,75.2,PRO_STRONG,
Groningen,Zwolle,2026-09-18,corners_under_115,75.1,PRO_STRONG,
Groningen,Zwolle,2026-09-18,away_goals_under_15,75.0,PRO_STRONG,
Groningen,Zwolle,2026-09-18,home_goals_under_25,73.0,PRO_MEDIUM,
Groningen,Zwolle,2026-09-18,both_teams_carded,71.5,PRO_MEDIUM,
Groningen,Zwolle,2026-09-18,home_win_and_under_25,68.6,PRO_MEDIUM,
Groningen,Zwolle,2026-09-18,home_win_either_half,68.1,PRO_MEDIUM,
Groningen,Zwolle,2026-09-18,yellows_over_25,66.9,PRO_MEDIUM,
Groningen,Zwolle,2026-09-18,dc_x2_and_under_15,66.8,PRO_MEDIUM,
Groningen,Zwolle,2026-09-18,away_goals_over_05,65.5,PRO_MEDIUM,
Groningen,Zwolle,2026-09-18,dc_1x_and_under_25,64.0,PRO_MEDIUM,
Groningen,Zwolle,2026-09-18,corners_over_85,63.7,PRO_MEDIUM,
Groningen,Zwolle,2026-09-18,sot_over_75,63.2,PRO_MEDIUM,
Groningen,Zwolle,2026-09-18,sot_under_95,61.3,PRO_MEDIUM,
Groningen,Zwolle,2026-09-18,dc_1x_and_over_15,61.0,PRO_MEDIUM,
Groningen,Zwolle,2026-09-18,home_win,58.0,PRO_MEDIUM,1.62
Groningen,Zwolle,2026-09-18,home_goals_over_15,55.6,PRO_MEDIUM,
Groningen,Zwolle,2026-09-18,yellows_under_35,55.2,PRO_MEDIUM,
Guimaraes,Moreirense,2026-09-20,away_goals_under_25,95.3,PRO_STRONG,
Guimaraes,Moreirense,2026-09-20,away_win_and_under_25,92.4,PRO_STRONG,
Guimaraes,Moreirense,2026-09-20,away_win_and_cards_under35,91.4,PRO_STRONG,
Guimaraes,Moreirense,2026-09-20,away_win_and_under_15,90.5,PRO_STRONG,
Guimaraes,Moreirense,2026-09-20,home_goals_over_05,88.1,PRO_STRONG,
Guimaraes,Moreirense,2026-09-20,dc_x2_and_under_25,88.0,PRO_STRONG,
Guimaraes,Moreirense,2026-09-20,dc_1x,84.8,PRO_STRONG,1.14
Guimaraes,Moreirense,2026-09-20,away_goals_under_15,80.7,PRO_STRONG,
Guimaraes,Moreirense,2026-09-20,dc_12,78.4,PRO_STRONG,1.28
Guimaraes,Moreirense,2026-09-20,home_win_either_half,76.3,PRO_STRONG,
Guimaraes,Moreirense,2026-09-20,home_win_and_corners_under95,76.2,PRO_STRONG,
Guimaraes,Moreirense,2026-09-20,dc_x2_and_under_15,73.2,PRO_MEDIUM,
Guimaraes,Moreirense,2026-09-20,home_goals_under_25,71.9,PRO_MEDIUM,
Guimaraes,Moreirense,2026-09-20,corners_under_115,71.3,PRO_MEDIUM,
Guimaraes,Moreirense,2026-09-20,sot_over_65,69.1,PRO_MEDIUM,
Guimaraes,Moreirense,2026-09-20,sot_under_95,68.6,PRO_MEDIUM,
Guimaraes,Moreirense,2026-09-20,dc_1x_and_over_15,67.7,PRO_MEDIUM,
Guimaraes,Moreirense,2026-09-20,corners_over_75,65.8,PRO_MEDIUM,
Guimaraes,Moreirense,2026-09-20,home_win,63.2,PRO_MEDIUM,1.62
Guimaraes,Moreirense,2026-09-20,home_win_and_under_25,62.8,PRO_MEDIUM,
Guimaraes,Moreirense,2026-09-20,sot_under_85,62.5,PRO_MEDIUM,
Guimaraes,Moreirense,2026-09-20,away_goals_over_05,62.0,PRO_MEDIUM,
Guimaraes,Moreirense,2026-09-20,home_goals_over_15,58.8,PRO_MEDIUM,
Guimaraes,Moreirense,2026-09-20,corners_over_85,55.7,PRO_MEDIUM,
Guimaraes,Moreirense,2026-09-20,dc_1x_and_under_25,55.1,PRO_MEDIUM,
Guimaraes,Moreirense,2026-09-20,corners_under_95,55.0,PRO_MEDIUM,
Hamburg,Fc Koln,2026-09-19,home_goals_under_25,85.6,PRO_STRONG,
Hamburg,Fc Koln,2026-09-19,home_win_and_corners_under95,85.1,PRO_STRONG,
Hamburg,Fc Koln,2026-09-19,away_win_and_cards_under35,80.1,PRO_STRONG,
Hamburg,Fc Koln,2026-09-19,home_win_and_under_25,79.4,PRO_STRONG,
Hamburg,Fc Koln,2026-09-19,away_goals_over_05,78.8,PRO_STRONG,
Hamburg,Fc Koln,2026-09-19,away_goals_under_25,77.7,PRO_STRONG,
Hamburg,Fc Koln,2026-09-19,home_win_and_under_15,76.5,PRO_STRONG,
Hamburg,Fc Koln,2026-09-19,corners_under_115,76.0,PRO_STRONG,
Hamburg,Fc Koln,2026-09-19,sot_over_65,75.9,PRO_STRONG,
Hamburg,Fc Koln,2026-09-19,both_teams_carded,74.1,PRO_MEDIUM,
Hamburg,Fc Koln,2026-09-19,home_goals_over_05,73.1,PRO_MEDIUM,
Hamburg,Fc Koln,2026-09-19,dc_1x_and_under_25,72.9,PRO_MEDIUM,
Hamburg,Fc Koln,2026-09-19,dc_12,72.3,PRO_MEDIUM,1.28
Hamburg,Fc Koln,2026-09-19,yellows_over_25,70.6,PRO_MEDIUM,
Hamburg,Fc Koln,2026-09-19,dc_x2,69.6,PRO_MEDIUM,1.44
Hamburg,Fc Koln,2026-09-19,away_win_and_under_25,68.3,PRO_MEDIUM,
Hamburg,Fc Koln,2026-09-19,corners_over_75,67.5,PRO_MEDIUM,
Hamburg,Fc Koln,2026-09-19,away_win_and_under_15,66.6,PRO_MEDIUM,
Hamburg,Fc Koln,2026-09-19,home_goals_under_15,62.5,PRO_MEDIUM,
Hamburg,Fc Koln,2026-09-19,dc_x2_and_under_25,62.2,PRO_MEDIUM,
Hamburg,Fc Koln,2026-09-19,away_goals_under_15,62.0,PRO_MEDIUM,
Hamburg,Fc Koln,2026-09-19,sot_under_95,61.8,PRO_MEDIUM,
Hamburg,Fc Koln,2026-09-19,away_win_either_half,58.6,PRO_MEDIUM,
Hamburg,Fc Koln,2026-09-19,booking_pts_over_35,58.1,PRO_MEDIUM,
Hamburg,Fc Koln,2026-09-19,dc_1x,58.0,PRO_MEDIUM,1.53
Hamburg,Fc Koln,2026-09-19,sot_over_75,57.5,PRO_MEDIUM,
Hamburg,Fc Koln,2026-09-19,sot_under_85,57.1,PRO_MEDIUM,
Hamburg,Fc Koln,2026-09-19,corners_over_85,56.8,PRO_MEDIUM,
Hamburg,Fc Koln,2026-09-19,btts,55.5,PRO_MEDIUM,1.53
Hibernian,Aberdeen,2026-09-19,away_goals_under_25,92.6,PRO_STRONG,
Hibernian,Aberdeen,2026-09-19,away_win_and_under_25,90.1,PRO_STRONG,
Hibernian,Aberdeen,2026-09-19,home_goals_over_05,87.5,PRO_STRONG,
Hibernian,Aberdeen,2026-09-19,away_win_and_cards_under35,86.7,PRO_STRONG,
Hibernian,Aberdeen,2026-09-19,away_win_and_under_15,86.0,PRO_STRONG,
Hibernian,Aberdeen,2026-09-19,dc_x2_and_under_25,85.1,PRO_STRONG,
Hibernian,Aberdeen,2026-09-19,dc_1x,82.6,PRO_STRONG,1.22
Hibernian,Aberdeen,2026-09-19,dc_12,79.0,PRO_STRONG,1.25
Hibernian,Aberdeen,2026-09-19,home_win_and_corners_under95,76.7,PRO_STRONG,
Hibernian,Aberdeen,2026-09-19,away_goals_under_15,74.4,PRO_MEDIUM,
Hibernian,Aberdeen,2026-09-19,home_goals_under_25,73.0,PRO_MEDIUM,
Hibernian,Aberdeen,2026-09-19,both_teams_carded,72.0,PRO_MEDIUM,
Hibernian,Aberdeen,2026-09-19,dc_x2_and_under_15,71.6,PRO_MEDIUM,
Hibernian,Aberdeen,2026-09-19,corners_under_115,71.3,PRO_MEDIUM,
Hibernian,Aberdeen,2026-09-19,home_win_either_half,70.5,PRO_MEDIUM,
Hibernian,Aberdeen,2026-09-19,sot_over_65,69.9,PRO_MEDIUM,
Hibernian,Aberdeen,2026-09-19,sot_under_95,68.6,PRO_MEDIUM,
Hibernian,Aberdeen,2026-09-19,yellows_over_25,68.3,PRO_MEDIUM,
Hibernian,Aberdeen,2026-09-19,corners_over_75,68.2,PRO_MEDIUM,
Hibernian,Aberdeen,2026-09-19,dc_1x_and_over_15,65.8,PRO_MEDIUM,
Hibernian,Aberdeen,2026-09-19,home_win_and_under_25,64.1,PRO_MEDIUM,
Hibernian,Aberdeen,2026-09-19,home_win,61.6,PRO_MEDIUM,1.75
Hibernian,Aberdeen,2026-09-19,away_goals_over_05,59.9,PRO_MEDIUM,
Hibernian,Aberdeen,2026-09-19,sot_under_85,59.9,PRO_MEDIUM,
Hibernian,Aberdeen,2026-09-19,corners_over_85,58.9,PRO_MEDIUM,
Hibernian,Aberdeen,2026-09-19,dc_1x_and_under_25,58.5,PRO_MEDIUM,
Hibernian,Aberdeen,2026-09-19,home_goals_over_15,57.1,PRO_MEDIUM,
Hibernian,Aberdeen,2026-09-19,goals_over_25,55.8,PRO_MEDIUM,1.73
Hibernian,Aberdeen,2026-09-19,cards_range_3_5,55.4,PRO_MEDIUM,
Hibernian,Kilmarnock,2026-09-15,away_goals_under_25,93.8,PRO_STRONG,
Hibernian,Kilmarnock,2026-09-15,away_win_and_cards_under35,93.1,PRO_STRONG,
Hibernian,Kilmarnock,2026-09-15,away_win_and_under_25,92.2,PRO_STRONG,
Hibernian,Kilmarnock,2026-09-15,away_win_and_under_15,90.8,PRO_STRONG,
Hibernian,Kilmarnock,2026-09-15,home_goals_over_05,89.2,PRO_STRONG,
Hibernian,Kilmarnock,2026-09-15,dc_x2_and_under_25,88.1,PRO_STRONG,
Hibernian,Kilmarnock,2026-09-15,dc_1x,86.2,PRO_STRONG,1.14
Hibernian,Kilmarnock,2026-09-15,both_teams_carded,79.9,PRO_STRONG,
Hibernian,Kilmarnock,2026-09-15,dc_12,79.3,PRO_STRONG,1.18
Hibernian,Kilmarnock,2026-09-15,away_goals_under_15,78.7,PRO_STRONG,
Hibernian,Kilmarnock,2026-09-15,dc_x2_and_under_15,77.5,PRO_STRONG,
Hibernian,Kilmarnock,2026-09-15,home_win_and_corners_under95,76.2,PRO_STRONG,
Hibernian,Kilmarnock,2026-09-15,home_win_either_half,76.1,PRO_STRONG,
Hibernian,Kilmarnock,2026-09-15,yellows_over_25,75.9,PRO_STRONG,
Hibernian,Kilmarnock,2026-09-15,corners_under_115,71.3,PRO_MEDIUM,
Hibernian,Kilmarnock,2026-09-15,sot_over_65,69.9,PRO_MEDIUM,
Hibernian,Kilmarnock,2026-09-15,dc_1x_and_over_15,69.9,PRO_MEDIUM,
Hibernian,Kilmarnock,2026-09-15,sot_under_95,68.6,PRO_MEDIUM,
Hibernian,Kilmarnock,2026-09-15,home_goals_under_25,68.3,PRO_MEDIUM,
Hibernian,Kilmarnock,2026-09-15,corners_over_75,68.2,PRO_MEDIUM,
Hibernian,Kilmarnock,2026-09-15,home_win,65.6,PRO_MEDIUM,1.5
Hibernian,Kilmarnock,2026-09-15,home_goals_over_15,62.7,PRO_MEDIUM,
Hibernian,Kilmarnock,2026-09-15,sot_under_85,62.5,PRO_MEDIUM,
Hibernian,Kilmarnock,2026-09-15,corners_over_85,58.9,PRO_MEDIUM,
Hibernian,Kilmarnock,2026-09-15,home_win_and_under_25,58.9,PRO_MEDIUM,
Hibernian,Kilmarnock,2026-09-15,booking_pts_over_35,58.9,PRO_MEDIUM,
Hibernian,Kilmarnock,2026-09-15,away_goals_over_05,58.7,PRO_MEDIUM,
Hibernian,Kilmarnock,2026-09-15,home_win_and_over_15,55.0,PRO_MEDIUM,
Inter,Udinese,2026-09-14,away_goals_under_25,96.2,PRO_STRONG,
Inter,Udinese,2026-09-14,away_win_and_cards_under35,95.7,PRO_STRONG,
Inter,Udinese,2026-09-14,away_win_and_under_25,95.2,PRO_STRONG,
Inter,Udinese,2026-09-14,home_goals_over_05,94.2,PRO_STRONG,
Inter,Udinese,2026-09-14,away_win_and_under_15,93.9,PRO_STRONG,
Inter,Udinese,2026-09-14,dc_1x,93.1,PRO_STRONG,1.04
Inter,Udinese,2026-09-14,dc_x2_and_under_25,91.2,PRO_STRONG,
Inter,Udinese,2026-09-14,dc_12,89.4,PRO_STRONG,1.12
Inter,Udinese,2026-09-14,both_teams_carded,87.7,PRO_STRONG,
Inter,Udinese,2026-09-14,home_win_either_half,87.6,PRO_STRONG,
Inter,Udinese,2026-09-14,dc_x2_and_under_15,85.3,PRO_STRONG,
Inter,Udinese,2026-09-14,away_goals_under_15,84.2,PRO_STRONG,
Inter,Udinese,2026-09-14,home_win,82.5,PRO_STRONG,1.2
Inter,Udinese,2026-09-14,dc_1x_and_over_15,80.9,PRO_STRONG,
Inter,Udinese,2026-09-14,sot_over_65,80.5,PRO_STRONG,
Inter,Udinese,2026-09-14,corners_over_75,77.9,PRO_STRONG,
Inter,Udinese,2026-09-14,home_goals_over_15,75.8,PRO_STRONG,
Inter,Udinese,2026-09-14,booking_pts_over_35,74.8,PRO_MEDIUM,
Inter,Udinese,2026-09-14,sot_over_75,74.2,PRO_MEDIUM,
Inter,Udinese,2026-09-14,home_win_and_over_15,69.4,PRO_MEDIUM,
Inter,Udinese,2026-09-14,corners_under_115,69.3,PRO_MEDIUM,
Inter,Udinese,2026-09-14,corners_over_85,67.1,PRO_MEDIUM,
Inter,Udinese,2026-09-14,home_win_2h,66.8,PRO_MEDIUM,
Inter,Udinese,2026-09-14,home_win_and_corners_under95,66.4,PRO_MEDIUM,
Inter,Udinese,2026-09-14,goals_over_25,65.7,PRO_MEDIUM,1.44
Inter,Udinese,2026-09-14,sot_over_85,64.1,PRO_MEDIUM,
Inter,Udinese,2026-09-14,dc_12_and_over_25,62.8,PRO_MEDIUM,
Inter,Udinese,2026-09-14,home_win_1h,61.8,PRO_MEDIUM,
Inter,Udinese,2026-09-14,dc_1x_and_over_25,61.7,PRO_MEDIUM,
Inter,Udinese,2026-09-14,home_win_and_over_25,56.5,PRO_MEDIUM,
Inter,Udinese,2026-09-14,home_score_both_halves,56.4,PRO_MEDIUM,
Inter,Udinese,2026-09-14,home_goals_under_25,55.5,PRO_MEDIUM,
Inter,Udinese,2026-09-14,corners_over_95,55.0,PRO_MEDIUM,
Juventus,Atalanta,2026-09-20,away_goals_under_25,93.5,PRO_STRONG,
Juventus,Atalanta,2026-09-20,away_win_and_under_25,91.2,PRO_STRONG,
Juventus,Atalanta,2026-09-20,away_win_and_cards_under35,91.0,PRO_STRONG,
Juventus,Atalanta,2026-09-20,away_win_and_under_15,88.5,PRO_STRONG,
Juventus,Atalanta,2026-09-20,home_goals_over_05,87.8,PRO_STRONG,
Juventus,Atalanta,2026-09-20,dc_x2_and_under_25,86.0,PRO_STRONG,
Juventus,Atalanta,2026-09-20,dc_1x,83.5,PRO_STRONG,1.18
Juventus,Atalanta,2026-09-20,sot_over_65,80.5,PRO_STRONG,
Juventus,Atalanta,2026-09-20,dc_12,79.3,PRO_STRONG,1.25
Juventus,Atalanta,2026-09-20,corners_over_75,78.8,PRO_STRONG,
Juventus,Atalanta,2026-09-20,both_teams_carded,77.4,PRO_STRONG,
Juventus,Atalanta,2026-09-20,away_goals_under_15,77.1,PRO_STRONG,
Juventus,Atalanta,2026-09-20,yellows_over_25,75.3,PRO_STRONG,
Juventus,Atalanta,2026-09-20,home_win_either_half,75.2,PRO_STRONG,
Juventus,Atalanta,2026-09-20,dc_x2_and_under_15,72.5,PRO_MEDIUM,
Juventus,Atalanta,2026-09-20,sot_over_75,72.0,PRO_MEDIUM,
Juventus,Atalanta,2026-09-20,corners_under_115,68.9,PRO_MEDIUM,
Juventus,Atalanta,2026-09-20,dc_1x_and_over_15,68.6,PRO_MEDIUM,
Juventus,Atalanta,2026-09-20,corners_over_85,68.4,PRO_MEDIUM,
Juventus,Atalanta,2026-09-20,home_goals_under_25,68.1,PRO_MEDIUM,
Juventus,Atalanta,2026-09-20,home_win_and_corners_under95,66.9,PRO_MEDIUM,
Juventus,Atalanta,2026-09-20,home_win_and_under_25,65.7,PRO_MEDIUM,
Juventus,Atalanta,2026-09-20,away_goals_over_05,63.3,PRO_MEDIUM,
Juventus,Atalanta,2026-09-20,home_win,62.8,PRO_MEDIUM,1.65
Juventus,Atalanta,2026-09-20,booking_pts_over_35,60.5,PRO_MEDIUM,
Juventus,Atalanta,2026-09-20,home_goals_over_15,60.2,PRO_MEDIUM,
Juventus,Atalanta,2026-09-20,yellows_under_45,59.8,PRO_MEDIUM,
Juventus,Atalanta,2026-09-20,sot_over_85,59.6,PRO_MEDIUM,
Juventus,Atalanta,2026-09-20,yellows_over_35,59.1,PRO_MEDIUM,
Juventus,Atalanta,2026-09-20,dc_1x_and_under_25,57.3,PRO_MEDIUM,
Juventus,Atalanta,2026-09-20,sot_under_95,56.9,PRO_MEDIUM,
Juventus,Atalanta,2026-09-20,cards_range_3_5,56.5,PRO_MEDIUM,
Juventus,Atalanta,2026-09-20,dc_12_and_under_25,55.6,PRO_MEDIUM,
Juventus,Atalanta,2026-09-20,corners_over_95,55.3,PRO_MEDIUM,
Juventus,Atalanta,2026-09-20,booking_pts_under_45,55.2,PRO_MEDIUM,
Kalamata,Panathinaikos,2026-09-20,home_goals_under_25,94.3,PRO_STRONG,
Kalamata,Panathinaikos,2026-09-20,home_win_and_under_25,91.8,PRO_STRONG,
Kalamata,Panathinaikos,2026-09-20,home_win_and_corners_under95,90.4,PRO_STRONG,
Kalamata,Panathinaikos,2026-09-20,home_win_and_under_15,90.1,PRO_STRONG,
Kalamata,Panathinaikos,2026-09-20,home_win_and_cards_under35,89.4,PRO_MEDIUM,
Kalamata,Panathinaikos,2026-09-20,dc_x2,87.3,PRO_STRONG,1.1
Kalamata,Panathinaikos,2026-09-20,away_goals_over_05,87.0,PRO_STRONG,
Kalamata,Panathinaikos,2026-09-20,dc_1x_and_under_25,86.8,PRO_STRONG,
Kalamata,Panathinaikos,2026-09-20,dc_12,81.3,PRO_STRONG,1.25
Kalamata,Panathinaikos,2026-09-20,dc_1x_and_under_15,78.7,PRO_STRONG,
Kalamata,Panathinaikos,2026-09-20,home_goals_under_15,78.5,PRO_STRONG,
Kalamata,Panathinaikos,2026-09-20,both_teams_carded,78.1,PRO_STRONG,
Kalamata,Panathinaikos,2026-09-20,corners_under_115,77.5,PRO_STRONG,
Kalamata,Panathinaikos,2026-09-20,away_win_either_half,76.4,PRO_STRONG,
Kalamata,Panathinaikos,2026-09-20,yellows_over_25,75.8,PRO_STRONG,
Kalamata,Panathinaikos,2026-09-20,away_win_and_cards_under35,73.1,PRO_MEDIUM,
Kalamata,Panathinaikos,2026-09-20,sot_under_95,71.4,PRO_MEDIUM,
Kalamata,Panathinaikos,2026-09-20,dc_x2_and_over_15,70.2,PRO_MEDIUM,
Kalamata,Panathinaikos,2026-09-20,sot_over_65,69.1,PRO_MEDIUM,
Kalamata,Panathinaikos,2026-09-20,away_win,68.5,PRO_MEDIUM,1.38
Kalamata,Panathinaikos,2026-09-20,away_goals_under_25,66.2,PRO_MEDIUM,
Kalamata,Panathinaikos,2026-09-20,corners_over_75,65.8,PRO_MEDIUM,
Kalamata,Panathinaikos,2026-09-20,corners_under_95,65.0,PRO_MEDIUM,
Kalamata,Panathinaikos,2026-09-20,booking_pts_over_35,63.1,PRO_MEDIUM,
Kalamata,Panathinaikos,2026-09-20,yellows_over_35,61.3,PRO_MEDIUM,
Kalamata,Panathinaikos,2026-09-20,away_goals_over_15,60.3,PRO_MEDIUM,
Kalamata,Panathinaikos,2026-09-20,sot_under_85,59.9,PRO_MEDIUM,
Kalamata,Panathinaikos,2026-09-20,yellows_under_45,58.5,PRO_MEDIUM,
Kalamata,Panathinaikos,2026-09-20,away_win_and_over_15,58.0,PRO_MEDIUM,
Kalamata,Panathinaikos,2026-09-20,goals_over_25,56.1,PRO_MEDIUM,2.0
Kalamata,Panathinaikos,2026-09-20,home_goals_over_05,55.7,PRO_MEDIUM,
Kalamata,Panathinaikos,2026-09-20,corners_over_85,55.7,PRO_MEDIUM,
Kalamata,Panathinaikos,2026-09-20,away_win_and_under_25,55.7,PRO_MEDIUM,
Kalamata,Panathinaikos,2026-09-20,away_win_2h,55.2,PRO_MEDIUM,
Kasimpasa,Konyaspor,2026-09-18,away_goals_under_25,88.4,PRO_STRONG,
Kasimpasa,Konyaspor,2026-09-18,home_goals_under_25,85.8,PRO_STRONG,
Kasimpasa,Konyaspor,2026-09-18,away_win_and_cards_under35,83.3,PRO_STRONG,
Kasimpasa,Konyaspor,2026-09-18,away_win_and_under_25,83.1,PRO_STRONG,
Kasimpasa,Konyaspor,2026-09-18,dc_x2_and_under_25,81.3,PRO_STRONG,
Kasimpasa,Konyaspor,2026-09-18,home_win_and_corners_under95,81.3,PRO_STRONG,
Kasimpasa,Konyaspor,2026-09-18,home_goals_over_05,79.5,PRO_STRONG,
Kasimpasa,Konyaspor,2026-09-18,both_teams_carded,78.4,PRO_STRONG,
Kasimpasa,Konyaspor,2026-09-18,yellows_over_25,78.2,PRO_STRONG,
Kasimpasa,Konyaspor,2026-09-18,corners_under_115,77.5,PRO_STRONG,
Kasimpasa,Konyaspor,2026-09-18,away_win_and_under_15,76.5,PRO_STRONG,
Kasimpasa,Konyaspor,2026-09-18,home_win_and_under_25,75.3,PRO_STRONG,
Kasimpasa,Konyaspor,2026-09-18,away_goals_under_15,71.0,PRO_MEDIUM,
Kasimpasa,Konyaspor,2026-09-18,away_goals_over_05,69.8,PRO_MEDIUM,
Kasimpasa,Konyaspor,2026-09-18,sot_over_65,69.6,PRO_MEDIUM,
Kasimpasa,Konyaspor,2026-09-18,dc_12,69.6,PRO_MEDIUM,1.33
Kasimpasa,Konyaspor,2026-09-18,dc_1x_and_under_25,69.2,PRO_MEDIUM,
Kasimpasa,Konyaspor,2026-09-18,home_win_and_under_15,69.0,PRO_MEDIUM,
Kasimpasa,Konyaspor,2026-09-18,corners_over_75,68.7,PRO_MEDIUM,
Kasimpasa,Konyaspor,2026-09-18,sot_under_95,68.4,PRO_MEDIUM,
Kasimpasa,Konyaspor,2026-09-18,dc_1x,66.3,PRO_MEDIUM,1.36
Kasimpasa,Konyaspor,2026-09-18,booking_pts_over_35,65.7,PRO_MEDIUM,
Kasimpasa,Konyaspor,2026-09-18,dc_x2,64.1,PRO_MEDIUM,1.55
Kasimpasa,Konyaspor,2026-09-18,sot_under_85,62.5,PRO_MEDIUM,
Kasimpasa,Konyaspor,2026-09-18,corners_under_95,62.3,PRO_MEDIUM,
Kasimpasa,Konyaspor,2026-09-18,yellows_over_35,62.3,PRO_MEDIUM,
Kasimpasa,Konyaspor,2026-09-18,dc_x2_and_under_15,61.9,PRO_MEDIUM,
Kasimpasa,Konyaspor,2026-09-18,corners_over_85,59.9,PRO_MEDIUM,
Kasimpasa,Konyaspor,2026-09-18,home_goals_under_15,57.8,PRO_MEDIUM,
Kasimpasa,Konyaspor,2026-09-18,yellows_under_45,57.7,PRO_MEDIUM,
Kasimpasa,Konyaspor,2026-09-18,btts,56.0,PRO_MEDIUM,1.75
Kilmarnock,Hearts,2026-09-19,home_goals_under_25,92.4,PRO_STRONG,
Kilmarnock,Hearts,2026-09-19,home_win_and_under_25,89.0,PRO_STRONG,
Kilmarnock,Hearts,2026-09-19,home_win_and_corners_under95,88.9,PRO_STRONG,
Kilmarnock,Hearts,2026-09-19,home_win_and_cards_under35,87.5,PRO_MEDIUM,
Kilmarnock,Hearts,2026-09-19,away_goals_over_05,84.7,PRO_STRONG,
Kilmarnock,Hearts,2026-09-19,home_win_and_under_15,83.9,PRO_STRONG,
Kilmarnock,Hearts,2026-09-19,dc_1x_and_under_25,83.7,PRO_STRONG,
Kilmarnock,Hearts,2026-09-19,dc_12,80.3,PRO_STRONG,1.25
Kilmarnock,Hearts,2026-09-19,dc_x2,79.6,PRO_STRONG,1.18
Kilmarnock,Hearts,2026-09-19,sot_over_65,75.9,PRO_STRONG,
Kilmarnock,Hearts,2026-09-19,away_win_and_cards_under35,74.5,PRO_MEDIUM,
Kilmarnock,Hearts,2026-09-19,away_win_either_half,74.1,PRO_MEDIUM,
Kilmarnock,Hearts,2026-09-19,both_teams_carded,73.3,PRO_MEDIUM,
Kilmarnock,Hearts,2026-09-19,home_goals_under_15,72.8,PRO_MEDIUM,
Kilmarnock,Hearts,2026-09-19,corners_under_115,71.5,PRO_MEDIUM,
Kilmarnock,Hearts,2026-09-19,away_goals_under_25,71.4,PRO_MEDIUM,
Kilmarnock,Hearts,2026-09-19,corners_over_75,70.9,PRO_MEDIUM,
Kilmarnock,Hearts,2026-09-19,yellows_over_25,70.6,PRO_MEDIUM,
Kilmarnock,Hearts,2026-09-19,sot_under_95,68.6,PRO_MEDIUM,
Kilmarnock,Hearts,2026-09-19,dc_x2_and_over_15,68.2,PRO_MEDIUM,
Kilmarnock,Hearts,2026-09-19,dc_1x_and_under_15,67.3,PRO_MEDIUM,
Kilmarnock,Hearts,2026-09-19,home_goals_over_05,66.5,PRO_MEDIUM,
Kilmarnock,Hearts,2026-09-19,sot_under_85,62.8,PRO_MEDIUM,
Kilmarnock,Hearts,2026-09-19,away_win_and_under_25,61.4,PRO_MEDIUM,
Kilmarnock,Hearts,2026-09-19,corners_over_85,60.9,PRO_MEDIUM,
Kilmarnock,Hearts,2026-09-19,away_win,59.9,PRO_MEDIUM,1.67
Kilmarnock,Hearts,2026-09-19,booking_pts_over_35,58.4,PRO_MEDIUM,
Kilmarnock,Hearts,2026-09-19,away_goals_over_15,57.2,PRO_MEDIUM,
Kilmarnock,Hearts,2026-09-19,goals_over_25,56.3,PRO_MEDIUM,1.62
Kilmarnock,Hearts,2026-09-19,dc_x2_and_under_25,55.9,PRO_MEDIUM,
Kocaelispor,Gaziantep,2026-09-19,away_goals_under_25,91.2,PRO_STRONG,
Kocaelispor,Gaziantep,2026-09-19,home_goals_under_25,87.6,PRO_STRONG,
Kocaelispor,Gaziantep,2026-09-19,away_win_and_under_25,87.1,PRO_STRONG,
Kocaelispor,Gaziantep,2026-09-19,away_win_and_under_15,83.1,PRO_STRONG,
Kocaelispor,Gaziantep,2026-09-19,dc_x2_and_under_25,82.9,PRO_STRONG,
Kocaelispor,Gaziantep,2026-09-19,home_win_and_corners_under95,82.5,PRO_STRONG,
Kocaelispor,Gaziantep,2026-09-19,away_win_and_cards_under35,80.0,PRO_STRONG,
Kocaelispor,Gaziantep,2026-09-19,both_teams_carded,78.0,PRO_STRONG,
Kocaelispor,Gaziantep,2026-09-19,corners_under_115,77.5,PRO_STRONG,
Kocaelispor,Gaziantep,2026-09-19,home_win_and_under_25,77.1,PRO_STRONG,
Kocaelispor,Gaziantep,2026-09-19,yellows_over_25,75.9,PRO_STRONG,
Kocaelispor,Gaziantep,2026-09-19,away_goals_under_15,74.6,PRO_MEDIUM,
Kocaelispor,Gaziantep,2026-09-19,home_goals_over_05,74.3,PRO_MEDIUM,
Kocaelispor,Gaziantep,2026-09-19,home_win_and_under_15,71.1,PRO_MEDIUM,
Kocaelispor,Gaziantep,2026-09-19,dc_12,70.5,PRO_MEDIUM,1.31
Kocaelispor,Gaziantep,2026-09-19,sot_over_65,69.9,PRO_MEDIUM,
Kocaelispor,Gaziantep,2026-09-19,dc_1x_and_under_25,69.0,PRO_MEDIUM,
Kocaelispor,Gaziantep,2026-09-19,sot_under_95,68.4,PRO_MEDIUM,
Kocaelispor,Gaziantep,2026-09-19,corners_over_75,68.2,PRO_MEDIUM,
Kocaelispor,Gaziantep,2026-09-19,away_goals_over_05,63.7,PRO_MEDIUM,
Kocaelispor,Gaziantep,2026-09-19,corners_under_95,63.3,PRO_MEDIUM,
Kocaelispor,Gaziantep,2026-09-19,dc_x2_and_under_15,63.0,PRO_MEDIUM,
Kocaelispor,Gaziantep,2026-09-19,home_goals_under_15,62.6,PRO_MEDIUM,
Kocaelispor,Gaziantep,2026-09-19,dc_12_and_under_25,62.5,PRO_MEDIUM,
Kocaelispor,Gaziantep,2026-09-19,booking_pts_over_35,62.1,PRO_MEDIUM,
Kocaelispor,Gaziantep,2026-09-19,sot_under_85,59.9,PRO_MEDIUM,
Kocaelispor,Gaziantep,2026-09-19,corners_over_85,58.9,PRO_MEDIUM,
Kocaelispor,Gaziantep,2026-09-19,dc_x2,58.3,PRO_MEDIUM,1.62
Kocaelispor,Gaziantep,2026-09-19,goals_under_25,57.1,PRO_MEDIUM,1.73
Kocaelispor,Gaziantep,2026-09-19,yellows_over_35,57.1,PRO_MEDIUM,
Kortrijk,Waasland-Beveren,2026-09-20,home_goals_under_25,89.0,PRO_STRONG,
Kortrijk,Waasland-Beveren,2026-09-20,home_win_and_corners_under95,85.1,PRO_STRONG,
Kortrijk,Waasland-Beveren,2026-09-20,away_goals_under_25,82.2,PRO_STRONG,
Kortrijk,Waasland-Beveren,2026-09-20,away_win_and_cards_under35,81.9,PRO_STRONG,
Kortrijk,Waasland-Beveren,2026-09-20,away_goals_over_05,77.9,PRO_STRONG,
Kortrijk,Waasland-Beveren,2026-09-20,home_win_and_under_25,77.2,PRO_STRONG,
Kortrijk,Waasland-Beveren,2026-09-20,corners_under_115,75.8,PRO_STRONG,
Kortrijk,Waasland-Beveren,2026-09-20,home_win_and_under_15,75.6,PRO_STRONG,
Kortrijk,Waasland-Beveren,2026-09-20,both_teams_carded,75.2,PRO_STRONG,
Kortrijk,Waasland-Beveren,2026-09-20,home_goals_over_05,74.3,PRO_MEDIUM,
Kortrijk,Waasland-Beveren,2026-09-20,dc_12,73.9,PRO_MEDIUM,1.3
Kortrijk,Waasland-Beveren,2026-09-20,away_win_and_under_25,72.3,PRO_MEDIUM,
Kortrijk,Waasland-Beveren,2026-09-20,dc_1x_and_under_25,71.8,PRO_MEDIUM,
Kortrijk,Waasland-Beveren,2026-09-20,yellows_over_25,70.6,PRO_MEDIUM,
Kortrijk,Waasland-Beveren,2026-09-20,dc_x2,70.3,PRO_MEDIUM,1.5
Kortrijk,Waasland-Beveren,2026-09-20,away_win_and_under_15,69.7,PRO_MEDIUM,
Kortrijk,Waasland-Beveren,2026-09-20,sot_over_65,69.6,PRO_MEDIUM,
Kortrijk,Waasland-Beveren,2026-09-20,dc_x2_and_under_25,68.9,PRO_MEDIUM,
Kortrijk,Waasland-Beveren,2026-09-20,corners_over_75,66.5,PRO_MEDIUM,
Kortrijk,Waasland-Beveren,2026-09-20,sot_under_95,64.5,PRO_MEDIUM,
Kortrijk,Waasland-Beveren,2026-09-20,home_goals_under_15,63.1,PRO_MEDIUM,
Kortrijk,Waasland-Beveren,2026-09-20,sot_under_85,62.5,PRO_MEDIUM,
Kortrijk,Waasland-Beveren,2026-09-20,away_goals_under_15,60.5,PRO_MEDIUM,
Kortrijk,Waasland-Beveren,2026-09-20,away_win_either_half,60.2,PRO_MEDIUM,
Kortrijk,Waasland-Beveren,2026-09-20,booking_pts_over_35,59.0,PRO_MEDIUM,
Kortrijk,Waasland-Beveren,2026-09-20,btts,57.0,PRO_MEDIUM,1.55
Kortrijk,Waasland-Beveren,2026-09-20,corners_over_85,56.3,PRO_MEDIUM,
Kortrijk,Waasland-Beveren,2026-09-20,dc_1x,55.8,PRO_MEDIUM,1.44
La Coruna,Betis,2026-09-20,home_goals_under_25,91.2,PRO_STRONG,
La Coruna,Betis,2026-09-20,away_goals_under_25,85.9,PRO_STRONG,
La Coruna,Betis,2026-09-20,home_win_and_corners_under95,85.1,PRO_STRONG,
La Coruna,Betis,2026-09-20,home_win_and_under_25,83.4,PRO_STRONG,
La Coruna,Betis,2026-09-20,away_win_and_under_25,80.4,PRO_STRONG,
La Coruna,Betis,2026-09-20,away_win_and_cards_under35,78.1,PRO_STRONG,
La Coruna,Betis,2026-09-20,both_teams_carded,77.4,PRO_STRONG,
La Coruna,Betis,2026-09-20,dc_1x_and_under_25,76.4,PRO_STRONG,
La Coruna,Betis,2026-09-20,corners_over_75,75.7,PRO_STRONG,
La Coruna,Betis,2026-09-20,home_win_and_under_15,75.7,PRO_STRONG,
La Coruna,Betis,2026-09-20,sot_under_95,75.4,PRO_STRONG,
La Coruna,Betis,2026-09-20,yellows_over_25,75.3,PRO_STRONG,
La Coruna,Betis,2026-09-20,dc_x2_and_under_25,74.5,PRO_MEDIUM,
La Coruna,Betis,2026-09-20,corners_under_115,73.0,PRO_MEDIUM,
La Coruna,Betis,2026-09-20,away_win_and_under_15,72.6,PRO_MEDIUM,
La Coruna,Betis,2026-09-20,dc_12,70.5,PRO_MEDIUM,1.33
La Coruna,Betis,2026-09-20,home_goals_over_05,70.4,PRO_MEDIUM,
La Coruna,Betis,2026-09-20,away_goals_under_15,68.7,PRO_MEDIUM,
La Coruna,Betis,2026-09-20,sot_over_65,68.4,PRO_MEDIUM,
La Coruna,Betis,2026-09-20,dc_x2,67.7,PRO_MEDIUM,1.4
La Coruna,Betis,2026-09-20,corners_over_85,65.6,PRO_MEDIUM,
La Coruna,Betis,2026-09-20,home_goals_under_15,62.8,PRO_MEDIUM,
La Coruna,Betis,2026-09-20,dc_12_and_under_25,62.3,PRO_MEDIUM,
La Coruna,Betis,2026-09-20,booking_pts_over_35,61.9,PRO_MEDIUM,
La Coruna,Betis,2026-09-20,dc_1x,61.8,PRO_MEDIUM,1.53
La Coruna,Betis,2026-09-20,yellows_over_35,60.0,PRO_MEDIUM,
La Coruna,Betis,2026-09-20,yellows_under_45,59.8,PRO_MEDIUM,
La Coruna,Betis,2026-09-20,sot_under_85,59.2,PRO_MEDIUM,
La Coruna,Betis,2026-09-20,dc_1x_and_under_15,57.7,PRO_MEDIUM,
La Coruna,Betis,2026-09-20,booking_pts_under_45,55.6,PRO_MEDIUM,
La Coruna,Sevilla,2026-09-16,away_goals_under_25,90.2,PRO_STRONG,
La Coruna,Sevilla,2026-09-16,home_goals_under_25,90.0,PRO_STRONG,
La Coruna,Sevilla,2026-09-16,away_win_and_under_25,86.0,PRO_STRONG,
La Coruna,Sevilla,2026-09-16,home_win_and_corners_under95,85.1,PRO_STRONG,
La Coruna,Sevilla,2026-09-16,dc_x2_and_under_25,81.2,PRO_STRONG,
La Coruna,Sevilla,2026-09-16,home_win_and_under_25,81.2,PRO_STRONG,
La Coruna,Sevilla,2026-09-16,away_win_and_under_15,81.0,PRO_STRONG,
La Coruna,Sevilla,2026-09-16,dc_1x_and_under_25,77.9,PRO_STRONG,
La Coruna,Sevilla,2026-09-16,away_win_and_cards_under35,76.2,PRO_STRONG,
La Coruna,Sevilla,2026-09-16,corners_over_75,75.5,PRO_STRONG,
La Coruna,Sevilla,2026-09-16,sot_under_95,75.4,PRO_STRONG,
La Coruna,Sevilla,2026-09-16,corners_under_115,73.4,PRO_MEDIUM,
La Coruna,Sevilla,2026-09-16,away_goals_under_15,72.8,PRO_MEDIUM,
La Coruna,Sevilla,2026-09-16,home_win_and_under_15,72.5,PRO_MEDIUM,
La Coruna,Sevilla,2026-09-16,dc_12,72.3,PRO_MEDIUM,1.36
La Coruna,Sevilla,2026-09-16,home_goals_over_05,68.8,PRO_MEDIUM,
La Coruna,Sevilla,2026-09-16,sot_over_65,68.7,PRO_MEDIUM,
La Coruna,Sevilla,2026-09-16,home_goals_under_15,66.5,PRO_MEDIUM,
La Coruna,Sevilla,2026-09-16,dc_1x,66.2,PRO_MEDIUM,1.36
La Coruna,Sevilla,2026-09-16,dc_12_and_under_25,64.7,PRO_MEDIUM,
La Coruna,Sevilla,2026-09-16,corners_over_85,63.3,PRO_MEDIUM,
La Coruna,Sevilla,2026-09-16,dc_x2_and_under_15,61.7,PRO_MEDIUM,
La Coruna,Sevilla,2026-09-16,dc_x2,61.5,PRO_MEDIUM,1.53
La Coruna,Sevilla,2026-09-16,sot_under_85,59.2,PRO_MEDIUM,
La Coruna,Sevilla,2026-09-16,goals_under_25,57.9,PRO_MEDIUM,1.62
Le Mans,Lorient,2026-09-19,home_goals_under_25,90.0,PRO_STRONG,
Le Mans,Lorient,2026-09-19,away_goals_under_25,85.3,PRO_STRONG,
Le Mans,Lorient,2026-09-19,home_win_and_corners_under95,85.1,PRO_STRONG,
Le Mans,Lorient,2026-09-19,away_win_and_cards_under35,82.4,PRO_STRONG,
Le Mans,Lorient,2026-09-19,home_win_and_under_25,82.1,PRO_STRONG,
Le Mans,Lorient,2026-09-19,home_win_and_cards_under35,81.7,PRO_MEDIUM,
Le Mans,Lorient,2026-09-19,home_win_and_under_15,77.9,PRO_STRONG,
Le Mans,Lorient,2026-09-19,dc_12,77.1,PRO_STRONG,1.33
Le Mans,Lorient,2026-09-19,away_win_and_under_25,76.1,PRO_STRONG,
Le Mans,Lorient,2026-09-19,dc_1x_and_under_25,74.5,PRO_MEDIUM,
Le Mans,Lorient,2026-09-19,sot_under_95,74.4,PRO_MEDIUM,
Le Mans,Lorient,2026-09-19,dc_x2_and_under_25,73.4,PRO_MEDIUM,
Le Mans,Lorient,2026-09-19,home_goals_over_05,72.7,PRO_MEDIUM,
Le Mans,Lorient,2026-09-19,both_teams_carded,71.8,PRO_MEDIUM,
Le Mans,Lorient,2026-09-19,corners_under_115,71.3,PRO_MEDIUM,
Le Mans,Lorient,2026-09-19,away_goals_over_05,71.2,PRO_MEDIUM,
Le Mans,Lorient,2026-09-19,away_win_and_under_15,70.8,PRO_MEDIUM,
Le Mans,Lorient,2026-09-19,corners_over_75,70.5,PRO_MEDIUM,
Le Mans,Lorient,2026-09-19,sot_over_65,69.6,PRO_MEDIUM,
Le Mans,Lorient,2026-09-19,dc_x2,67.6,PRO_MEDIUM,1.4
Le Mans,Lorient,2026-09-19,yellows_over_25,66.9,PRO_MEDIUM,
Le Mans,Lorient,2026-09-19,away_goals_under_15,66.0,PRO_MEDIUM,
Le Mans,Lorient,2026-09-19,home_goals_under_15,62.3,PRO_MEDIUM,
Le Mans,Lorient,2026-09-19,corners_over_85,61.7,PRO_MEDIUM,
Le Mans,Lorient,2026-09-19,sot_under_85,59.9,PRO_MEDIUM,
Le Mans,Lorient,2026-09-19,dc_12_and_under_25,58.7,PRO_MEDIUM,
Le Mans,Lorient,2026-09-19,dc_1x_and_under_15,58.5,PRO_MEDIUM,
Le Mans,Lorient,2026-09-19,cards_range_3_5,56.8,PRO_MEDIUM,
Le Mans,Lorient,2026-09-19,away_win_either_half,56.7,PRO_MEDIUM,
Le Mans,Lorient,2026-09-19,dc_1x,55.3,PRO_MEDIUM,1.53
Leeds,Crystal Palace,2026-09-20,away_goals_under_25,90.1,PRO_STRONG,
Leeds,Crystal Palace,2026-09-20,away_win_and_under_25,86.9,PRO_STRONG,
Leeds,Crystal Palace,2026-09-20,both_teams_carded,86.7,PRO_STRONG,
Leeds,Crystal Palace,2026-09-20,away_win_and_under_15,86.1,PRO_STRONG,
Leeds,Crystal Palace,2026-09-20,away_win_and_cards_under35,84.1,PRO_STRONG,
Leeds,Crystal Palace,2026-09-20,home_goals_over_05,81.9,PRO_STRONG,
Leeds,Crystal Palace,2026-09-20,home_goals_under_25,80.1,PRO_STRONG,
Leeds,Crystal Palace,2026-09-20,dc_x2_and_under_25,79.6,PRO_STRONG,
Leeds,Crystal Palace,2026-09-20,dc_1x,78.4,PRO_STRONG,1.25
Leeds,Crystal Palace,2026-09-20,home_win_and_corners_under95,76.7,PRO_STRONG,
Leeds,Crystal Palace,2026-09-20,corners_over_75,76.5,PRO_STRONG,
Leeds,Crystal Palace,2026-09-20,sot_over_65,76.1,PRO_STRONG,
Leeds,Crystal Palace,2026-09-20,corners_under_115,73.4,PRO_MEDIUM,
Leeds,Crystal Palace,2026-09-20,away_goals_under_15,72.5,PRO_MEDIUM,
Leeds,Crystal Palace,2026-09-20,home_win_and_under_25,70.6,PRO_MEDIUM,
Leeds,Crystal Palace,2026-09-20,dc_12,69.8,PRO_MEDIUM,1.28
Leeds,Crystal Palace,2026-09-20,home_win_either_half,66.9,PRO_MEDIUM,
Leeds,Crystal Palace,2026-09-20,corners_over_85,66.2,PRO_MEDIUM,
Leeds,Crystal Palace,2026-09-20,sot_over_75,63.7,PRO_MEDIUM,
Leeds,Crystal Palace,2026-09-20,dc_x2_and_under_15,62.2,PRO_MEDIUM,
Leeds,Crystal Palace,2026-09-20,away_goals_over_05,61.8,PRO_MEDIUM,
Leeds,Crystal Palace,2026-09-20,sot_under_95,61.0,PRO_MEDIUM,
Leeds,Crystal Palace,2026-09-20,dc_1x_and_under_25,60.7,PRO_MEDIUM,
Leeds,Crystal Palace,2026-09-20,dc_1x_and_over_15,59.8,PRO_MEDIUM,
Leeds,Crystal Palace,2026-09-20,home_goals_over_15,57.7,PRO_MEDIUM,
Leeds,Crystal Palace,2026-09-20,booking_pts_over_45,55.0,PRO_MEDIUM,
Leeds,Newcastle,2026-09-14,away_goals_under_25,88.7,PRO_STRONG,
Leeds,Newcastle,2026-09-14,home_goals_under_25,86.6,PRO_STRONG,
Leeds,Newcastle,2026-09-14,away_win_and_under_25,84.2,PRO_STRONG,
Leeds,Newcastle,2026-09-14,away_win_and_cards_under35,80.7,PRO_STRONG,
Leeds,Newcastle,2026-09-14,away_win_and_under_15,80.2,PRO_STRONG,
Leeds,Newcastle,2026-09-14,home_win_and_corners_under95,79.9,PRO_STRONG,
Leeds,Newcastle,2026-09-14,dc_x2_and_under_25,79.8,PRO_STRONG,
Leeds,Newcastle,2026-09-14,both_teams_carded,77.9,PRO_STRONG,
Leeds,Newcastle,2026-09-14,sot_over_65,76.1,PRO_STRONG,
Leeds,Newcastle,2026-09-14,home_goals_over_05,76.1,PRO_STRONG,
Leeds,Newcastle,2026-09-14,yellows_over_25,75.9,PRO_STRONG,
Leeds,Newcastle,2026-09-14,corners_over_75,75.6,PRO_STRONG,
Leeds,Newcastle,2026-09-14,home_win_and_under_25,74.6,PRO_MEDIUM,
Leeds,Newcastle,2026-09-14,dc_12,73.6,PRO_MEDIUM,1.28
Leeds,Newcastle,2026-09-14,corners_under_115,73.0,PRO_MEDIUM,
Leeds,Newcastle,2026-09-14,dc_1x_and_under_25,68.9,PRO_MEDIUM,
Leeds,Newcastle,2026-09-14,away_goals_over_05,68.9,PRO_MEDIUM,
Leeds,Newcastle,2026-09-14,away_goals_under_15,68.5,PRO_MEDIUM,
Leeds,Newcastle,2026-09-14,corners_over_85,65.9,PRO_MEDIUM,
Leeds,Newcastle,2026-09-14,home_win_and_under_15,64.5,PRO_MEDIUM,
Leeds,Newcastle,2026-09-14,sot_under_95,64.1,PRO_MEDIUM,
Leeds,Newcastle,2026-09-14,sot_over_75,63.0,PRO_MEDIUM,
Leeds,Newcastle,2026-09-14,booking_pts_over_35,60.5,PRO_MEDIUM,
Leeds,Newcastle,2026-09-14,home_win_either_half,60.0,PRO_MEDIUM,
Leeds,Newcastle,2026-09-14,dc_x2_and_under_15,58.3,PRO_MEDIUM,
Leeds,Newcastle,2026-09-14,cards_range_3_5,55.7,PRO_MEDIUM,
Leeds,Newcastle,2026-09-14,dc_x2,55.4,PRO_MEDIUM,1.67
Leeds,Newcastle,2026-09-14,yellows_over_35,55.2,PRO_MEDIUM,
Leuven,RAAL La Louviere,2026-09-19,away_goals_under_25,91.2,PRO_STRONG,
Leuven,RAAL La Louviere,2026-09-19,home_goals_under_25,88.1,PRO_STRONG,
Leuven,RAAL La Louviere,2026-09-19,away_win_and_under_25,88.0,PRO_STRONG,
Leuven,RAAL La Louviere,2026-09-19,away_win_and_cards_under35,85.2,PRO_STRONG,
Leuven,RAAL La Louviere,2026-09-19,dc_x2_and_under_25,84.7,PRO_STRONG,
Leuven,RAAL La Louviere,2026-09-19,home_win_and_corners_under95,81.3,PRO_STRONG,
Leuven,RAAL La Louviere,2026-09-19,away_win_and_under_15,80.7,PRO_STRONG,
Leuven,RAAL La Louviere,2026-09-19,home_win_and_under_25,78.3,PRO_STRONG,
Leuven,RAAL La Louviere,2026-09-19,dc_1x,76.4,PRO_STRONG,1.29
Leuven,RAAL La Louviere,2026-09-19,corners_under_115,75.8,PRO_STRONG,
Leuven,RAAL La Louviere,2026-09-19,home_goals_over_05,73.5,PRO_MEDIUM,
Leuven,RAAL La Louviere,2026-09-19,dc_1x_and_under_25,73.3,PRO_MEDIUM,
Leuven,RAAL La Louviere,2026-09-19,away_goals_under_15,72.4,PRO_MEDIUM,
Leuven,RAAL La Louviere,2026-09-19,both_teams_carded,71.2,PRO_MEDIUM,
Leuven,RAAL La Louviere,2026-09-19,sot_under_95,69.8,PRO_MEDIUM,
Leuven,RAAL La Louviere,2026-09-19,sot_over_65,69.6,PRO_MEDIUM,
Leuven,RAAL La Louviere,2026-09-19,home_win_and_under_15,69.4,PRO_MEDIUM,
Leuven,RAAL La Louviere,2026-09-19,corners_over_75,68.3,PRO_MEDIUM,
Leuven,RAAL La Louviere,2026-09-19,yellows_over_25,66.9,PRO_MEDIUM,
Leuven,RAAL La Louviere,2026-09-19,dc_12,66.8,PRO_MEDIUM,1.3
Leuven,RAAL La Louviere,2026-09-19,dc_12_and_under_25,65.4,PRO_MEDIUM,
Leuven,RAAL La Louviere,2026-09-19,dc_x2_and_under_15,62.8,PRO_MEDIUM,
Leuven,RAAL La Louviere,2026-09-19,away_goals_over_05,62.1,PRO_MEDIUM,
Leuven,RAAL La Louviere,2026-09-19,home_goals_under_15,61.5,PRO_MEDIUM,
Leuven,RAAL La Louviere,2026-09-19,goals_under_25,60.5,PRO_MEDIUM,
Leuven,RAAL La Louviere,2026-09-19,home_win_either_half,59.9,PRO_MEDIUM,
Leuven,RAAL La Louviere,2026-09-19,sot_under_85,59.9,PRO_MEDIUM,
Leuven,RAAL La Louviere,2026-09-19,corners_over_85,58.1,PRO_MEDIUM,
Leuven,RAAL La Louviere,2026-09-19,dc_x2,56.8,PRO_MEDIUM,1.73
Levadeiakos,Olympiakos,2026-09-20,home_goals_under_25,94.8,PRO_STRONG,
Levadeiakos,Olympiakos,2026-09-20,home_win_and_under_25,92.7,PRO_STRONG,
Levadeiakos,Olympiakos,2026-09-20,home_win_and_under_15,91.1,PRO_STRONG,
Levadeiakos,Olympiakos,2026-09-20,home_win_and_corners_under95,90.4,PRO_STRONG,
Levadeiakos,Olympiakos,2026-09-20,home_win_and_cards_under35,89.1,PRO_MEDIUM,
Levadeiakos,Olympiakos,2026-09-20,dc_1x_and_under_25,88.2,PRO_STRONG,
Levadeiakos,Olympiakos,2026-09-20,away_goals_over_05,88.2,PRO_STRONG,
Levadeiakos,Olympiakos,2026-09-20,dc_x2,87.7,PRO_STRONG,1.08
Levadeiakos,Olympiakos,2026-09-20,both_teams_carded,86.8,PRO_STRONG,
Levadeiakos,Olympiakos,2026-09-20,dc_12,80.9,PRO_STRONG,1.2
Levadeiakos,Olympiakos,2026-09-20,home_goals_under_15,80.2,PRO_STRONG,
Levadeiakos,Olympiakos,2026-09-20,dc_1x_and_under_15,79.0,PRO_STRONG,
Levadeiakos,Olympiakos,2026-09-20,corners_under_115,77.5,PRO_STRONG,
Levadeiakos,Olympiakos,2026-09-20,away_win_either_half,76.6,PRO_STRONG,
Levadeiakos,Olympiakos,2026-09-20,dc_x2_and_over_15,73.6,PRO_MEDIUM,
Levadeiakos,Olympiakos,2026-09-20,away_win_and_cards_under35,71.6,PRO_MEDIUM,
Levadeiakos,Olympiakos,2026-09-20,sot_under_95,71.4,PRO_MEDIUM,
Levadeiakos,Olympiakos,2026-09-20,sot_over_65,69.1,PRO_MEDIUM,
Levadeiakos,Olympiakos,2026-09-20,away_win,68.6,PRO_MEDIUM,1.4
Levadeiakos,Olympiakos,2026-09-20,away_goals_under_25,66.9,PRO_MEDIUM,
Levadeiakos,Olympiakos,2026-09-20,corners_over_75,65.8,PRO_MEDIUM,
Levadeiakos,Olympiakos,2026-09-20,corners_under_95,64.1,PRO_MEDIUM,
Levadeiakos,Olympiakos,2026-09-20,sot_under_85,62.5,PRO_MEDIUM,
Levadeiakos,Olympiakos,2026-09-20,away_goals_over_15,61.2,PRO_MEDIUM,
Levadeiakos,Olympiakos,2026-09-20,yellows_over_45,58.9,PRO_MEDIUM,
Levadeiakos,Olympiakos,2026-09-20,away_win_and_over_15,58.0,PRO_MEDIUM,
Levadeiakos,Olympiakos,2026-09-20,goals_over_25,56.3,PRO_MEDIUM,1.8
Levadeiakos,Olympiakos,2026-09-20,home_goals_over_05,55.9,PRO_MEDIUM,
Levadeiakos,Olympiakos,2026-09-20,corners_over_85,55.7,PRO_MEDIUM,
Levante,Ath Bilbao,2026-09-16,home_goals_under_25,91.5,PRO_STRONG,
Levante,Ath Bilbao,2026-09-16,home_win_and_corners_under95,87.6,PRO_STRONG,
Levante,Ath Bilbao,2026-09-16,both_teams_carded,86.7,PRO_STRONG,
Levante,Ath Bilbao,2026-09-16,home_win_and_under_25,86.6,PRO_STRONG,
Levante,Ath Bilbao,2026-09-16,yellows_over_25,84.8,PRO_STRONG,
Levante,Ath Bilbao,2026-09-16,home_win_and_under_15,82.5,PRO_STRONG,
Levante,Ath Bilbao,2026-09-16,dc_1x_and_under_25,79.3,PRO_STRONG,
Levante,Ath Bilbao,2026-09-16,away_goals_under_25,78.9,PRO_STRONG,
Levante,Ath Bilbao,2026-09-16,corners_over_75,78.7,PRO_STRONG,
Levante,Ath Bilbao,2026-09-16,dc_12,78.6,PRO_STRONG,1.28
Levante,Ath Bilbao,2026-09-16,away_goals_over_05,75.8,PRO_STRONG,
Levante,Ath Bilbao,2026-09-16,booking_pts_over_35,74.7,PRO_MEDIUM,
Levante,Ath Bilbao,2026-09-16,dc_x2,74.4,PRO_MEDIUM,1.3
Levante,Ath Bilbao,2026-09-16,home_goals_over_05,74.3,PRO_MEDIUM,
Levante,Ath Bilbao,2026-09-16,sot_under_95,73.2,PRO_MEDIUM,
Levante,Ath Bilbao,2026-09-16,corners_under_115,71.4,PRO_MEDIUM,
Levante,Ath Bilbao,2026-09-16,away_win_and_under_25,69.8,PRO_MEDIUM,
Levante,Ath Bilbao,2026-09-16,sot_over_65,69.4,PRO_MEDIUM,
Levante,Ath Bilbao,2026-09-16,home_goals_under_15,68.5,PRO_MEDIUM,
Levante,Ath Bilbao,2026-09-16,dc_x2_and_under_25,67.9,PRO_MEDIUM,
Levante,Ath Bilbao,2026-09-16,corners_over_85,65.7,PRO_MEDIUM,
Levante,Ath Bilbao,2026-09-16,dc_1x_and_under_15,64.4,PRO_MEDIUM,
Levante,Ath Bilbao,2026-09-16,away_win_and_cards_under35,64.3,PRO_MEDIUM,
Levante,Ath Bilbao,2026-09-16,away_win_and_under_15,62.1,PRO_MEDIUM,
Levante,Ath Bilbao,2026-09-16,sot_over_75,60.8,PRO_MEDIUM,
Levante,Ath Bilbao,2026-09-16,away_win_either_half,60.3,PRO_MEDIUM,
Levante,Ath Bilbao,2026-09-16,away_goals_under_15,57.0,PRO_MEDIUM,
Levante,Ath Bilbao,2026-09-16,dc_x2_and_over_15,56.7,PRO_MEDIUM,
Levante,Ath Bilbao,2026-09-16,sot_under_85,56.7,PRO_MEDIUM,
Leverkusen,Rb Leipzig,2026-09-20,home_goals_over_05,86.3,PRO_STRONG,
Leverkusen,Rb Leipzig,2026-09-20,away_win_and_cards_under35,86.3,PRO_STRONG,
Leverkusen,Rb Leipzig,2026-09-20,away_goals_under_25,86.3,PRO_STRONG,
Leverkusen,Rb Leipzig,2026-09-20,away_win_and_under_15,83.2,PRO_STRONG,
Leverkusen,Rb Leipzig,2026-09-20,away_win_and_under_25,83.2,PRO_STRONG,
Leverkusen,Rb Leipzig,2026-09-20,sot_over_65,80.5,PRO_STRONG,
Leverkusen,Rb Leipzig,2026-09-20,dc_12,78.7,PRO_STRONG,1.22
Leverkusen,Rb Leipzig,2026-09-20,dc_x2_and_under_25,77.4,PRO_STRONG,
Leverkusen,Rb Leipzig,2026-09-20,home_win_and_corners_under95,77.2,PRO_STRONG,
Leverkusen,Rb Leipzig,2026-09-20,corners_over_75,77.0,PRO_STRONG,
Leverkusen,Rb Leipzig,2026-09-20,corners_under_115,75.1,PRO_STRONG,
Leverkusen,Rb Leipzig,2026-09-20,both_teams_carded,71.0,PRO_MEDIUM,
Leverkusen,Rb Leipzig,2026-09-20,dc_1x_and_over_15,69.9,PRO_MEDIUM,
Leverkusen,Rb Leipzig,2026-09-20,away_goals_under_15,68.7,PRO_MEDIUM,
Leverkusen,Rb Leipzig,2026-09-20,home_goals_under_25,68.6,PRO_MEDIUM,
Leverkusen,Rb Leipzig,2026-09-20,sot_over_75,67.3,PRO_MEDIUM,
Leverkusen,Rb Leipzig,2026-09-20,yellows_over_25,66.9,PRO_MEDIUM,
Leverkusen,Rb Leipzig,2026-09-20,home_win_and_under_25,65.7,PRO_MEDIUM,
Leverkusen,Rb Leipzig,2026-09-20,corners_over_85,64.7,PRO_MEDIUM,
Leverkusen,Rb Leipzig,2026-09-20,goals_over_25,62.5,PRO_MEDIUM,1.36
Leverkusen,Rb Leipzig,2026-09-20,home_win_either_half,62.0,PRO_MEDIUM,
Leverkusen,Rb Leipzig,2026-09-20,dc_x2_and_under_15,59.8,PRO_MEDIUM,
Leverkusen,Rb Leipzig,2026-09-20,btts,59.0,PRO_MEDIUM,1.36
Leverkusen,Rb Leipzig,2026-09-20,home_goals_over_15,58.0,PRO_MEDIUM,
Leverkusen,Rb Leipzig,2026-09-20,dc_1x_and_under_25,57.7,PRO_MEDIUM,
Leverkusen,Rb Leipzig,2026-09-20,dc_12_and_over_25,55.5,PRO_MEDIUM,
Leverkusen,Rb Leipzig,2026-09-20,sot_under_95,55.3,PRO_MEDIUM,
Lincoln,Swansea,2026-09-19,home_goals_under_25,89.8,PRO_STRONG,
Lincoln,Swansea,2026-09-19,away_goals_under_25,85.4,PRO_STRONG,
Lincoln,Swansea,2026-09-19,home_win_and_corners_under95,85.1,PRO_STRONG,
Lincoln,Swansea,2026-09-19,home_win_and_under_25,81.1,PRO_STRONG,
Lincoln,Swansea,2026-09-19,away_win_and_under_25,78.9,PRO_STRONG,
Lincoln,Swansea,2026-09-19,home_win_and_under_15,78.2,PRO_STRONG,
Lincoln,Swansea,2026-09-19,dc_12,76.5,PRO_STRONG,1.33
Lincoln,Swansea,2026-09-19,away_win_and_cards_under35,75.2,PRO_STRONG,
Lincoln,Swansea,2026-09-19,sot_under_95,74.6,PRO_MEDIUM,
Lincoln,Swansea,2026-09-19,corners_over_75,74.4,PRO_MEDIUM,
Lincoln,Swansea,2026-09-19,both_teams_carded,73.3,PRO_MEDIUM,
Lincoln,Swansea,2026-09-19,dc_x2_and_under_25,73.2,PRO_MEDIUM,
Lincoln,Swansea,2026-09-19,dc_1x_and_under_25,72.0,PRO_MEDIUM,
Lincoln,Swansea,2026-09-19,away_win_and_under_15,71.9,PRO_MEDIUM,
Lincoln,Swansea,2026-09-19,away_goals_over_05,71.8,PRO_MEDIUM,
Lincoln,Swansea,2026-09-19,corners_under_115,70.5,PRO_MEDIUM,
Lincoln,Swansea,2026-09-19,home_goals_over_05,70.0,PRO_MEDIUM,
Lincoln,Swansea,2026-09-19,yellows_over_25,68.8,PRO_MEDIUM,
Lincoln,Swansea,2026-09-19,sot_over_65,68.7,PRO_MEDIUM,
Lincoln,Swansea,2026-09-19,dc_x2,67.7,PRO_MEDIUM,1.44
Lincoln,Swansea,2026-09-19,home_goals_under_15,65.3,PRO_MEDIUM,
Lincoln,Swansea,2026-09-19,away_goals_under_15,64.4,PRO_MEDIUM,
Lincoln,Swansea,2026-09-19,corners_over_85,62.0,PRO_MEDIUM,
Lincoln,Swansea,2026-09-19,sot_under_85,59.5,PRO_MEDIUM,
Lincoln,Swansea,2026-09-19,dc_x2_and_under_15,56.8,PRO_MEDIUM,
Lincoln,Swansea,2026-09-19,dc_12_and_under_25,56.3,PRO_MEDIUM,
Lincoln,Swansea,2026-09-19,dc_1x,55.9,PRO_MEDIUM,1.53
Lincoln,Swansea,2026-09-19,dc_1x_and_under_15,55.4,PRO_MEDIUM,
Lincoln,Swansea,2026-09-19,corners_over_95,55.3,PRO_MEDIUM,
Lommel SK,Mechelen,2026-09-19,home_goals_under_25,85.6,PRO_STRONG,
Lommel SK,Mechelen,2026-09-19,home_win_and_corners_under95,85.1,PRO_STRONG,
Lommel SK,Mechelen,2026-09-19,away_win_and_cards_under35,83.7,PRO_STRONG,
Lommel SK,Mechelen,2026-09-19,away_goals_under_25,82.8,PRO_STRONG,
Lommel SK,Mechelen,2026-09-19,home_win_and_cards_under35,81.7,PRO_MEDIUM,
Lommel SK,Mechelen,2026-09-19,away_goals_over_05,77.6,PRO_STRONG,
Lommel SK,Mechelen,2026-09-19,home_win_and_under_25,76.4,PRO_STRONG,
Lommel SK,Mechelen,2026-09-19,corners_under_115,75.8,PRO_STRONG,
Lommel SK,Mechelen,2026-09-19,home_goals_over_05,75.1,PRO_STRONG,
Lommel SK,Mechelen,2026-09-19,away_win_and_under_25,73.6,PRO_MEDIUM,
Lommel SK,Mechelen,2026-09-19,dc_12,73.2,PRO_MEDIUM,1.3
Lommel SK,Mechelen,2026-09-19,home_win_and_under_15,72.6,PRO_MEDIUM,
Lommel SK,Mechelen,2026-09-19,both_teams_carded,71.2,PRO_MEDIUM,
Lommel SK,Mechelen,2026-09-19,away_win_and_under_15,70.5,PRO_MEDIUM,
Lommel SK,Mechelen,2026-09-19,sot_over_65,69.6,PRO_MEDIUM,
Lommel SK,Mechelen,2026-09-19,dc_1x_and_under_25,69.2,PRO_MEDIUM,
Lommel SK,Mechelen,2026-09-19,dc_x2_and_under_25,69.1,PRO_MEDIUM,
Lommel SK,Mechelen,2026-09-19,corners_over_75,68.3,PRO_MEDIUM,
Lommel SK,Mechelen,2026-09-19,yellows_over_25,66.9,PRO_MEDIUM,
Lommel SK,Mechelen,2026-09-19,dc_x2,66.9,PRO_MEDIUM,1.44
Lommel SK,Mechelen,2026-09-19,sot_under_95,64.5,PRO_MEDIUM,
Lommel SK,Mechelen,2026-09-19,away_goals_under_15,62.2,PRO_MEDIUM,
Lommel SK,Mechelen,2026-09-19,home_goals_under_15,60.1,PRO_MEDIUM,
Lommel SK,Mechelen,2026-09-19,dc_1x,59.9,PRO_MEDIUM,1.44
Lommel SK,Mechelen,2026-09-19,sot_under_85,59.9,PRO_MEDIUM,
Lommel SK,Mechelen,2026-09-19,corners_over_85,58.1,PRO_MEDIUM,
Lommel SK,Mechelen,2026-09-19,away_win_either_half,57.8,PRO_MEDIUM,
Lommel SK,Mechelen,2026-09-19,btts,57.4,PRO_MEDIUM,1.6
Lyon,Rennes,2026-09-19,away_goals_under_25,89.5,PRO_STRONG,
Lyon,Rennes,2026-09-19,away_win_and_cards_under35,84.4,PRO_STRONG,
Lyon,Rennes,2026-09-19,home_goals_over_05,84.4,PRO_STRONG,
Lyon,Rennes,2026-09-19,sot_over_65,83.8,PRO_STRONG,
Lyon,Rennes,2026-09-19,corners_over_75,82.7,PRO_STRONG,
Lyon,Rennes,2026-09-19,away_win_and_under_25,82.5,PRO_STRONG,
Lyon,Rennes,2026-09-19,away_win_and_under_15,79.9,PRO_STRONG,
Lyon,Rennes,2026-09-19,home_goals_under_25,79.1,PRO_STRONG,
Lyon,Rennes,2026-09-19,home_win_and_corners_under95,77.1,PRO_STRONG,
Lyon,Rennes,2026-09-19,dc_x2_and_under_25,77.0,PRO_STRONG,
Lyon,Rennes,2026-09-19,dc_12,75.9,PRO_STRONG,1.25
Lyon,Rennes,2026-09-19,away_goals_over_05,74.3,PRO_MEDIUM,
Lyon,Rennes,2026-09-19,both_teams_carded,71.4,PRO_MEDIUM,
Lyon,Rennes,2026-09-19,home_win_and_under_25,69.8,PRO_MEDIUM,
Lyon,Rennes,2026-09-19,corners_under_115,68.8,PRO_MEDIUM,
Lyon,Rennes,2026-09-19,sot_under_95,67.4,PRO_MEDIUM,
Lyon,Rennes,2026-09-19,yellows_over_25,66.9,PRO_MEDIUM,
Lyon,Rennes,2026-09-19,sot_over_75,66.0,PRO_MEDIUM,
Lyon,Rennes,2026-09-19,away_goals_under_15,65.2,PRO_MEDIUM,
Lyon,Rennes,2026-09-19,dc_1x_and_over_15,64.6,PRO_MEDIUM,
Lyon,Rennes,2026-09-19,home_win_either_half,62.1,PRO_MEDIUM,
Lyon,Rennes,2026-09-19,goals_over_25,61.7,PRO_MEDIUM,1.5
Lyon,Rennes,2026-09-19,home_win_and_under_15,61.1,PRO_MEDIUM,
Lyon,Rennes,2026-09-19,cards_range_3_5,59.0,PRO_MEDIUM,
Lyon,Rennes,2026-09-19,dc_1x_and_under_25,57.3,PRO_MEDIUM,
Lyon,Rennes,2026-09-19,btts,56.0,PRO_MEDIUM,1.44
Lyon,Rennes,2026-09-19,dc_x2_and_under_15,55.7,PRO_MEDIUM,
M'Gladbach,Mainz,2026-09-19,home_win_and_corners_under95,85.1,PRO_STRONG,
M'Gladbach,Mainz,2026-09-19,home_goals_under_25,82.7,PRO_STRONG,
M'Gladbach,Mainz,2026-09-19,away_goals_over_05,82.3,PRO_STRONG,
M'Gladbach,Mainz,2026-09-19,home_win_and_cards_under35,80.8,PRO_MEDIUM,
M'Gladbach,Mainz,2026-09-19,home_win_and_under_25,79.2,PRO_STRONG,
M'Gladbach,Mainz,2026-09-19,home_win_and_under_15,78.7,PRO_STRONG,
M'Gladbach,Mainz,2026-09-19,home_goals_over_05,76.3,PRO_STRONG,
M'Gladbach,Mainz,2026-09-19,corners_under_115,76.0,PRO_STRONG,
M'Gladbach,Mainz,2026-09-19,dc_12,75.6,PRO_STRONG,1.28
M'Gladbach,Mainz,2026-09-19,sot_over_65,75.5,PRO_STRONG,
M'Gladbach,Mainz,2026-09-19,away_goals_under_25,75.1,PRO_STRONG,
M'Gladbach,Mainz,2026-09-19,dc_x2,74.0,PRO_MEDIUM,1.4
M'Gladbach,Mainz,2026-09-19,dc_1x_and_under_25,73.1,PRO_MEDIUM,
M'Gladbach,Mainz,2026-09-19,both_teams_carded,71.3,PRO_MEDIUM,
M'Gladbach,Mainz,2026-09-19,away_win_and_cards_under35,70.1,PRO_MEDIUM,
M'Gladbach,Mainz,2026-09-19,yellows_over_25,68.8,PRO_MEDIUM,
M'Gladbach,Mainz,2026-09-19,away_win_and_under_25,66.5,PRO_MEDIUM,
M'Gladbach,Mainz,2026-09-19,corners_over_75,66.3,PRO_MEDIUM,
M'Gladbach,Mainz,2026-09-19,sot_under_95,61.8,PRO_MEDIUM,
M'Gladbach,Mainz,2026-09-19,goals_over_25,61.6,PRO_MEDIUM,1.57
M'Gladbach,Mainz,2026-09-19,btts,60.5,PRO_MEDIUM,1.44
M'Gladbach,Mainz,2026-09-19,dc_x2_and_over_15,59.6,PRO_MEDIUM,
M'Gladbach,Mainz,2026-09-19,away_win_and_under_15,59.4,PRO_MEDIUM,
M'Gladbach,Mainz,2026-09-19,home_goals_under_15,58.9,PRO_MEDIUM,
M'Gladbach,Mainz,2026-09-19,dc_x2_and_under_25,58.6,PRO_MEDIUM,
M'Gladbach,Mainz,2026-09-19,away_win_either_half,58.2,PRO_MEDIUM,
M'Gladbach,Mainz,2026-09-19,sot_over_75,57.5,PRO_MEDIUM,
M'Gladbach,Mainz,2026-09-19,sot_under_85,57.1,PRO_MEDIUM,
Malaga,Villarreal,2026-09-17,home_goals_under_25,93.3,PRO_STRONG,
Malaga,Villarreal,2026-09-17,home_win_and_under_25,90.3,PRO_STRONG,
Malaga,Villarreal,2026-09-17,home_win_and_corners_under95,88.9,PRO_STRONG,
Malaga,Villarreal,2026-09-17,home_win_and_under_15,86.8,PRO_STRONG,
Malaga,Villarreal,2026-09-17,both_teams_carded,86.6,PRO_STRONG,
Malaga,Villarreal,2026-09-17,dc_1x_and_under_25,85.5,PRO_STRONG,
Malaga,Villarreal,2026-09-17,home_win_and_cards_under35,85.2,PRO_MEDIUM,
Malaga,Villarreal,2026-09-17,yellows_over_25,84.7,PRO_STRONG,
Malaga,Villarreal,2026-09-17,dc_12,80.1,PRO_STRONG,1.28
Malaga,Villarreal,2026-09-17,dc_x2,77.6,PRO_STRONG,1.28
Malaga,Villarreal,2026-09-17,home_goals_under_15,77.4,PRO_STRONG,
Malaga,Villarreal,2026-09-17,away_goals_over_05,76.7,PRO_STRONG,
Malaga,Villarreal,2026-09-17,booking_pts_over_35,74.7,PRO_MEDIUM,
Malaga,Villarreal,2026-09-17,corners_under_115,74.0,PRO_MEDIUM,
Malaga,Villarreal,2026-09-17,away_goals_under_25,72.4,PRO_MEDIUM,
Malaga,Villarreal,2026-09-17,dc_1x_and_under_15,71.2,PRO_MEDIUM,
Malaga,Villarreal,2026-09-17,sot_over_65,70.3,PRO_MEDIUM,
Malaga,Villarreal,2026-09-17,corners_over_75,67.4,PRO_MEDIUM,
Malaga,Villarreal,2026-09-17,sot_under_95,67.1,PRO_MEDIUM,
Malaga,Villarreal,2026-09-17,away_win_either_half,64.7,PRO_MEDIUM,
Malaga,Villarreal,2026-09-17,away_win_and_cards_under35,64.3,PRO_MEDIUM,
Malaga,Villarreal,2026-09-17,dc_x2_and_over_15,64.0,PRO_MEDIUM,
Malaga,Villarreal,2026-09-17,home_goals_over_05,60.5,PRO_MEDIUM,
Malaga,Villarreal,2026-09-17,away_win_and_under_25,59.7,PRO_MEDIUM,
Malaga,Villarreal,2026-09-17,dc_x2_and_under_25,58.2,PRO_MEDIUM,
Malaga,Villarreal,2026-09-17,away_win,57.7,PRO_MEDIUM,1.9
Malaga,Villarreal,2026-09-17,sot_over_75,57.5,PRO_MEDIUM,
Malaga,Villarreal,2026-09-17,away_goals_over_15,56.0,PRO_MEDIUM,
Malaga,Villarreal,2026-09-17,sot_under_85,55.6,PRO_MEDIUM,
Malaga,Villarreal,2026-09-17,corners_over_85,55.5,PRO_MEDIUM,
Man City,Sunderland,2026-09-20,away_goals_under_25,95.8,PRO_STRONG,
Man City,Sunderland,2026-09-20,away_win_and_cards_under35,95.7,PRO_STRONG,
Man City,Sunderland,2026-09-20,away_win_and_under_25,95.4,PRO_STRONG,
Man City,Sunderland,2026-09-20,away_win_and_under_15,95.4,PRO_STRONG,
Man City,Sunderland,2026-09-20,home_goals_over_05,94.2,PRO_STRONG,
Man City,Sunderland,2026-09-20,dc_1x,92.7,PRO_STRONG,1.07
Man City,Sunderland,2026-09-20,dc_x2_and_under_25,91.3,PRO_STRONG,
Man City,Sunderland,2026-09-20,home_win_either_half,88.1,PRO_STRONG,
Man City,Sunderland,2026-09-20,dc_12,86.7,PRO_STRONG,1.17
Man City,Sunderland,2026-09-20,dc_x2_and_under_15,85.4,PRO_STRONG,
Man City,Sunderland,2026-09-20,away_goals_under_15,84.5,PRO_STRONG,
Man City,Sunderland,2026-09-20,sot_over_65,80.5,PRO_STRONG,
Man City,Sunderland,2026-09-20,dc_1x_and_over_15,80.5,PRO_STRONG,
Man City,Sunderland,2026-09-20,home_win,79.4,PRO_STRONG,1.28
Man City,Sunderland,2026-09-20,both_teams_carded,78.3,PRO_STRONG,
Man City,Sunderland,2026-09-20,yellows_over_25,78.2,PRO_STRONG,
Man City,Sunderland,2026-09-20,corners_over_75,78.1,PRO_STRONG,
Man City,Sunderland,2026-09-20,corners_under_115,73.4,PRO_MEDIUM,
Man City,Sunderland,2026-09-20,home_goals_over_15,73.1,PRO_MEDIUM,
Man City,Sunderland,2026-09-20,home_win_and_over_15,68.7,PRO_MEDIUM,
Man City,Sunderland,2026-09-20,sot_over_75,68.0,PRO_MEDIUM,
Man City,Sunderland,2026-09-20,corners_over_85,67.1,PRO_MEDIUM,
Man City,Sunderland,2026-09-20,home_win_and_corners_under95,66.4,PRO_MEDIUM,
Man City,Sunderland,2026-09-20,booking_pts_over_35,62.1,PRO_MEDIUM,
Man City,Sunderland,2026-09-20,goals_over_25,61.1,PRO_MEDIUM,1.57
Man City,Sunderland,2026-09-20,yellows_over_35,60.0,PRO_MEDIUM,
Man City,Sunderland,2026-09-20,home_win_2h,59.7,PRO_MEDIUM,
Man City,Sunderland,2026-09-20,home_win_1h,58.4,PRO_MEDIUM,
Man City,Sunderland,2026-09-20,yellows_under_45,58.3,PRO_MEDIUM,
Man City,Sunderland,2026-09-20,dc_1x_and_over_25,57.9,PRO_MEDIUM,
Man City,Sunderland,2026-09-20,home_goals_under_25,56.9,PRO_MEDIUM,
Man City,Sunderland,2026-09-20,home_win_and_over_25,55.5,PRO_MEDIUM,
Man City,Sunderland,2026-09-20,dc_12_and_over_25,55.4,PRO_MEDIUM,
Man City,Sunderland,2026-09-20,sot_over_85,55.1,PRO_MEDIUM,
Marseille,PSG,2026-09-20,home_goals_under_25,92.5,PRO_STRONG,
Marseille,PSG,2026-09-20,home_win_and_corners_under95,91.8,PRO_STRONG,
Marseille,PSG,2026-09-20,home_win_and_under_25,90.0,PRO_STRONG,
Marseille,PSG,2026-09-20,home_win_and_cards_under35,88.7,PRO_MEDIUM,
Marseille,PSG,2026-09-20,away_goals_over_05,87.2,PRO_STRONG,
Marseille,PSG,2026-09-20,home_win_and_under_15,87.1,PRO_STRONG,
Marseille,PSG,2026-09-20,dc_x2,84.5,PRO_STRONG,1.12
Marseille,PSG,2026-09-20,dc_1x_and_under_25,83.9,PRO_STRONG,
Marseille,PSG,2026-09-20,dc_12,81.9,PRO_STRONG,1.18
Marseille,PSG,2026-09-20,sot_over_65,75.5,PRO_STRONG,
Marseille,PSG,2026-09-20,away_win_either_half,74.5,PRO_MEDIUM,
Marseille,PSG,2026-09-20,home_goals_under_15,74.1,PRO_MEDIUM,
Marseille,PSG,2026-09-20,dc_1x_and_under_15,72.9,PRO_MEDIUM,
Marseille,PSG,2026-09-20,both_teams_carded,72.4,PRO_MEDIUM,
Marseille,PSG,2026-09-20,corners_under_115,71.5,PRO_MEDIUM,
Marseille,PSG,2026-09-20,corners_over_75,69.8,PRO_MEDIUM,
Marseille,PSG,2026-09-20,away_win_and_cards_under35,69.0,PRO_MEDIUM,
Marseille,PSG,2026-09-20,dc_x2_and_over_15,68.7,PRO_MEDIUM,
Marseille,PSG,2026-09-20,away_goals_under_25,68.6,PRO_MEDIUM,
Marseille,PSG,2026-09-20,sot_under_95,68.6,PRO_MEDIUM,
Marseille,PSG,2026-09-20,yellows_over_25,68.4,PRO_MEDIUM,
Marseille,PSG,2026-09-20,away_win,66.5,PRO_MEDIUM,1.45
Marseille,PSG,2026-09-20,goals_over_25,62.9,PRO_MEDIUM,1.36
Marseille,PSG,2026-09-20,away_goals_over_15,60.8,PRO_MEDIUM,
Marseille,PSG,2026-09-20,sot_under_85,60.2,PRO_MEDIUM,
Marseille,PSG,2026-09-20,corners_over_85,58.7,PRO_MEDIUM,
Marseille,PSG,2026-09-20,home_goals_over_05,57.8,PRO_MEDIUM,
Marseille,PSG,2026-09-20,sot_over_75,56.2,PRO_MEDIUM,
Marseille,PSG,2026-09-20,away_win_and_over_15,55.8,PRO_MEDIUM,
Marseille,PSG,2026-09-20,away_win_and_under_25,55.4,PRO_MEDIUM,
Marseille,PSG,2026-09-20,dc_12_and_over_25,55.2,PRO_MEDIUM,
Middlesbrough,Millwall,2026-09-15,away_goals_under_25,94.2,PRO_STRONG,
Middlesbrough,Millwall,2026-09-15,away_win_and_cards_under35,91.6,PRO_STRONG,
Middlesbrough,Millwall,2026-09-15,away_win_and_under_25,90.5,PRO_STRONG,
Middlesbrough,Millwall,2026-09-15,away_win_and_under_15,89.0,PRO_STRONG,
Middlesbrough,Millwall,2026-09-15,dc_x2_and_under_25,87.1,PRO_STRONG,
Middlesbrough,Millwall,2026-09-15,home_goals_over_05,86.0,PRO_STRONG,
Middlesbrough,Millwall,2026-09-15,dc_12,84.5,PRO_STRONG,1.2
Middlesbrough,Millwall,2026-09-15,dc_1x,83.7,PRO_STRONG,1.17
Middlesbrough,Millwall,2026-09-15,corners_over_75,80.3,PRO_STRONG,
Middlesbrough,Millwall,2026-09-15,away_goals_under_15,79.1,PRO_STRONG,
Middlesbrough,Millwall,2026-09-15,sot_over_65,78.5,PRO_STRONG,
Middlesbrough,Millwall,2026-09-15,dc_x2_and_under_15,77.4,PRO_STRONG,
Middlesbrough,Millwall,2026-09-15,both_teams_carded,73.6,PRO_MEDIUM,
Middlesbrough,Millwall,2026-09-15,home_win_either_half,71.0,PRO_MEDIUM,
Middlesbrough,Millwall,2026-09-15,sot_under_95,70.9,PRO_MEDIUM,
Middlesbrough,Millwall,2026-09-15,yellows_over_25,70.6,PRO_MEDIUM,
Middlesbrough,Millwall,2026-09-15,home_goals_under_25,70.6,PRO_MEDIUM,
Middlesbrough,Millwall,2026-09-15,corners_under_115,69.2,PRO_MEDIUM,
Middlesbrough,Millwall,2026-09-15,home_win,68.2,PRO_MEDIUM,1.55
Middlesbrough,Millwall,2026-09-15,dc_1x_and_over_15,67.7,PRO_MEDIUM,
Middlesbrough,Millwall,2026-09-15,corners_over_85,67.2,PRO_MEDIUM,
Middlesbrough,Millwall,2026-09-15,home_win_and_corners_under95,67.0,PRO_MEDIUM,
Middlesbrough,Millwall,2026-09-15,home_goals_over_15,64.1,PRO_MEDIUM,
Middlesbrough,Millwall,2026-09-15,home_win_and_under_25,61.9,PRO_MEDIUM,
Middlesbrough,Millwall,2026-09-15,away_goals_over_05,60.9,PRO_MEDIUM,
Middlesbrough,Millwall,2026-09-15,sot_over_75,60.4,PRO_MEDIUM,
Middlesbrough,Millwall,2026-09-15,home_win_and_over_15,57.6,PRO_MEDIUM,
Middlesbrough,Millwall,2026-09-15,sot_under_85,55.9,PRO_MEDIUM,
Middlesbrough,Millwall,2026-09-15,dc_1x_and_under_25,55.7,PRO_MEDIUM,
Milan,Lecce,2026-09-20,away_goals_under_25,96.0,PRO_STRONG,
Milan,Lecce,2026-09-20,away_win_and_cards_under35,95.7,PRO_STRONG,
Milan,Lecce,2026-09-20,away_win_and_under_25,94.8,PRO_STRONG,
Milan,Lecce,2026-09-20,away_win_and_under_15,94.6,PRO_STRONG,
Milan,Lecce,2026-09-20,home_goals_over_05,92.2,PRO_STRONG,
Milan,Lecce,2026-09-20,dc_1x,90.4,PRO_STRONG,1.06
Milan,Lecce,2026-09-20,dc_x2_and_under_25,90.3,PRO_STRONG,
Milan,Lecce,2026-09-20,both_teams_carded,88.0,PRO_STRONG,
Milan,Lecce,2026-09-20,dc_12,87.4,PRO_STRONG,1.17
Milan,Lecce,2026-09-20,home_win_either_half,87.1,PRO_STRONG,
Milan,Lecce,2026-09-20,away_goals_under_15,84.4,PRO_STRONG,
Milan,Lecce,2026-09-20,dc_x2_and_under_15,82.7,PRO_STRONG,
Milan,Lecce,2026-09-20,home_win,77.8,PRO_STRONG,1.27
Milan,Lecce,2026-09-20,booking_pts_over_35,74.8,PRO_MEDIUM,
Milan,Lecce,2026-09-20,home_win_and_corners_under95,73.6,PRO_MEDIUM,
Milan,Lecce,2026-09-20,dc_1x_and_over_15,70.5,PRO_MEDIUM,
Milan,Lecce,2026-09-20,sot_over_65,70.3,PRO_MEDIUM,
Milan,Lecce,2026-09-20,corners_under_115,69.7,PRO_MEDIUM,
Milan,Lecce,2026-09-20,corners_over_75,68.7,PRO_MEDIUM,
Milan,Lecce,2026-09-20,home_goals_over_15,67.1,PRO_MEDIUM,
Milan,Lecce,2026-09-20,home_win_and_over_15,64.3,PRO_MEDIUM,
Milan,Lecce,2026-09-20,sot_over_75,64.1,PRO_MEDIUM,
Milan,Lecce,2026-09-20,home_win_2h,61.9,PRO_MEDIUM,
Milan,Lecce,2026-09-20,corners_over_85,59.9,PRO_MEDIUM,
Milan,Lecce,2026-09-20,goals_over_25,59.3,PRO_MEDIUM,1.73
Milan,Lecce,2026-09-20,home_goals_under_25,59.1,PRO_MEDIUM,
Milan,Lecce,2026-09-20,dc_12_and_over_25,58.4,PRO_MEDIUM,
Milan,Lecce,2026-09-20,sot_under_95,57.9,PRO_MEDIUM,
Milan,Lecce,2026-09-20,away_goals_over_05,57.5,PRO_MEDIUM,
Millwall,West Ham,2026-09-19,home_goals_under_25,91.6,PRO_STRONG,
Millwall,West Ham,2026-09-19,home_win_and_corners_under95,90.4,PRO_STRONG,
Millwall,West Ham,2026-09-19,home_win_and_under_25,88.9,PRO_STRONG,
Millwall,West Ham,2026-09-19,home_win_and_cards_under35,87.0,PRO_MEDIUM,
Millwall,West Ham,2026-09-19,home_win_and_under_15,85.8,PRO_STRONG,
Millwall,West Ham,2026-09-19,away_goals_over_05,83.4,PRO_STRONG,
Millwall,West Ham,2026-09-19,dc_1x_and_under_25,82.7,PRO_STRONG,
Millwall,West Ham,2026-09-19,dc_12,81.0,PRO_STRONG,1.25
Millwall,West Ham,2026-09-19,corners_over_75,80.3,PRO_STRONG,
Millwall,West Ham,2026-09-19,sot_over_65,78.5,PRO_STRONG,
Millwall,West Ham,2026-09-19,dc_x2,76.9,PRO_STRONG,1.22
Millwall,West Ham,2026-09-19,away_win_and_cards_under35,74.5,PRO_MEDIUM,
Millwall,West Ham,2026-09-19,home_goals_under_15,74.4,PRO_MEDIUM,
Millwall,West Ham,2026-09-19,away_goals_under_25,74.1,PRO_MEDIUM,
Millwall,West Ham,2026-09-19,both_teams_carded,73.6,PRO_MEDIUM,
Millwall,West Ham,2026-09-19,sot_under_95,72.4,PRO_MEDIUM,
Millwall,West Ham,2026-09-19,yellows_over_25,70.6,PRO_MEDIUM,
Millwall,West Ham,2026-09-19,away_win_either_half,69.7,PRO_MEDIUM,
Millwall,West Ham,2026-09-19,corners_under_115,69.2,PRO_MEDIUM,
Millwall,West Ham,2026-09-19,home_goals_over_05,69.2,PRO_MEDIUM,
Millwall,West Ham,2026-09-19,dc_1x_and_under_15,68.2,PRO_MEDIUM,
Millwall,West Ham,2026-09-19,corners_over_85,67.2,PRO_MEDIUM,
Millwall,West Ham,2026-09-19,dc_x2_and_over_15,63.2,PRO_MEDIUM,
Millwall,West Ham,2026-09-19,away_win_and_under_25,62.8,PRO_MEDIUM,
Millwall,West Ham,2026-09-19,dc_x2_and_under_25,58.4,PRO_MEDIUM,
Millwall,West Ham,2026-09-19,away_win,57.9,PRO_MEDIUM,1.75
Millwall,West Ham,2026-09-19,sot_over_75,57.6,PRO_MEDIUM,
Millwall,West Ham,2026-09-19,sot_under_85,57.3,PRO_MEDIUM,
Millwall,West Ham,2026-09-19,booking_pts_over_35,56.4,PRO_MEDIUM,
Millwall,West Ham,2026-09-19,goals_over_25,56.2,PRO_MEDIUM,1.57
Monaco,Lens,2026-09-18,away_goals_under_25,88.4,PRO_STRONG,
Monaco,Lens,2026-09-18,home_goals_over_05,84.0,PRO_STRONG,
Monaco,Lens,2026-09-18,away_win_and_under_25,82.6,PRO_STRONG,
Monaco,Lens,2026-09-18,away_win_and_cards_under35,82.6,PRO_STRONG,
Monaco,Lens,2026-09-18,away_win_and_under_15,82.0,PRO_STRONG,
Monaco,Lens,2026-09-18,home_win_and_corners_under95,81.1,PRO_STRONG,
Monaco,Lens,2026-09-18,home_goals_under_25,79.1,PRO_STRONG,
Monaco,Lens,2026-09-18,dc_12,77.5,PRO_STRONG,1.28
Monaco,Lens,2026-09-18,dc_x2_and_under_25,76.9,PRO_STRONG,
Monaco,Lens,2026-09-18,sot_over_65,75.9,PRO_STRONG,
Monaco,Lens,2026-09-18,both_teams_carded,75.2,PRO_STRONG,
Monaco,Lens,2026-09-18,corners_under_115,71.5,PRO_MEDIUM,
Monaco,Lens,2026-09-18,corners_over_75,70.9,PRO_MEDIUM,
Monaco,Lens,2026-09-18,yellows_over_25,70.6,PRO_MEDIUM,
Monaco,Lens,2026-09-18,home_win_and_under_25,70.4,PRO_MEDIUM,
Monaco,Lens,2026-09-18,sot_under_95,68.6,PRO_MEDIUM,
Monaco,Lens,2026-09-18,away_goals_under_15,66.2,PRO_MEDIUM,
Monaco,Lens,2026-09-18,dc_1x_and_over_15,63.1,PRO_MEDIUM,
Monaco,Lens,2026-09-18,sot_under_85,62.8,PRO_MEDIUM,
Monaco,Lens,2026-09-18,home_win_either_half,62.5,PRO_MEDIUM,
Monaco,Lens,2026-09-18,dc_1x_and_under_25,62.1,PRO_MEDIUM,
Monaco,Lens,2026-09-18,corners_over_85,60.9,PRO_MEDIUM,
Monaco,Lens,2026-09-18,goals_over_25,60.3,PRO_MEDIUM,1.57
Monaco,Lens,2026-09-18,home_win_and_under_15,59.6,PRO_MEDIUM,
Monaco,Lens,2026-09-18,dc_x2_and_under_15,59.2,PRO_MEDIUM,
Monaco,Lens,2026-09-18,booking_pts_over_35,59.0,PRO_MEDIUM,
Monaco,Lens,2026-09-18,btts,55.2,PRO_MEDIUM,1.5
Monaco,Lens,2026-09-18,sot_over_75,55.1,PRO_MEDIUM,
Monza,Sassuolo,2026-09-18,home_goals_under_25,92.2,PRO_STRONG,
Monza,Sassuolo,2026-09-18,both_teams_carded,87.3,PRO_STRONG,
Monza,Sassuolo,2026-09-18,home_win_and_under_25,86.8,PRO_STRONG,
Monza,Sassuolo,2026-09-18,home_win_and_corners_under95,85.1,PRO_STRONG,
Monza,Sassuolo,2026-09-18,yellows_over_25,84.8,PRO_STRONG,
Monza,Sassuolo,2026-09-18,away_goals_under_25,83.8,PRO_STRONG,
Monza,Sassuolo,2026-09-18,home_win_and_under_15,83.2,PRO_STRONG,
Monza,Sassuolo,2026-09-18,dc_1x_and_under_25,80.2,PRO_STRONG,
Monza,Sassuolo,2026-09-18,away_win_and_under_25,76.0,PRO_STRONG,
Monza,Sassuolo,2026-09-18,dc_12,75.8,PRO_STRONG,1.33
Monza,Sassuolo,2026-09-18,booking_pts_over_35,74.7,PRO_MEDIUM,
Monza,Sassuolo,2026-09-18,away_goals_over_05,73.4,PRO_MEDIUM,
Monza,Sassuolo,2026-09-18,dc_x2_and_under_25,72.7,PRO_MEDIUM,
Monza,Sassuolo,2026-09-18,dc_x2,72.7,PRO_MEDIUM,1.4
Monza,Sassuolo,2026-09-18,away_win_and_cards_under35,71.0,PRO_MEDIUM,
Monza,Sassuolo,2026-09-18,home_goals_under_15,70.2,PRO_MEDIUM,
Monza,Sassuolo,2026-09-18,sot_over_65,69.9,PRO_MEDIUM,
Monza,Sassuolo,2026-09-18,corners_under_115,69.7,PRO_MEDIUM,
Monza,Sassuolo,2026-09-18,home_goals_over_05,68.5,PRO_MEDIUM,
Monza,Sassuolo,2026-09-18,corners_over_75,68.2,PRO_MEDIUM,
Monza,Sassuolo,2026-09-18,away_win_and_under_15,67.5,PRO_MEDIUM,
Monza,Sassuolo,2026-09-18,sot_under_95,66.5,PRO_MEDIUM,
Monza,Sassuolo,2026-09-18,sot_over_75,62.8,PRO_MEDIUM,
Monza,Sassuolo,2026-09-18,dc_1x_and_under_15,62.7,PRO_MEDIUM,
Monza,Sassuolo,2026-09-18,dc_12_and_under_25,60.2,PRO_MEDIUM,
Monza,Sassuolo,2026-09-18,away_goals_under_15,59.7,PRO_MEDIUM,
Monza,Sassuolo,2026-09-18,corners_over_85,58.9,PRO_MEDIUM,
Monza,Sassuolo,2026-09-18,away_win_either_half,57.9,PRO_MEDIUM,
Monza,Sassuolo,2026-09-18,goals_under_25,55.8,PRO_MEDIUM,1.91
Monza,Sassuolo,2026-09-18,cards_range_3_5,55.4,PRO_MEDIUM,
Moreirense,Maritimo,2026-09-14,home_goals_under_25,91.3,PRO_STRONG,
Moreirense,Maritimo,2026-09-14,away_goals_under_25,86.2,PRO_STRONG,
Moreirense,Maritimo,2026-09-14,home_win_and_corners_under95,85.1,PRO_STRONG,
Moreirense,Maritimo,2026-09-14,home_win_and_under_25,83.4,PRO_STRONG,
Moreirense,Maritimo,2026-09-14,home_win_and_under_15,80.7,PRO_STRONG,
Moreirense,Maritimo,2026-09-14,away_win_and_under_25,77.8,PRO_STRONG,
Moreirense,Maritimo,2026-09-14,dc_1x_and_under_25,77.2,PRO_STRONG,
Moreirense,Maritimo,2026-09-14,dc_x2_and_under_25,75.9,PRO_STRONG,
Moreirense,Maritimo,2026-09-14,sot_under_95,75.6,PRO_STRONG,
Moreirense,Maritimo,2026-09-14,away_win_and_under_15,74.0,PRO_MEDIUM,
Moreirense,Maritimo,2026-09-14,dc_x2,72.4,PRO_MEDIUM,1.44
Moreirense,Maritimo,2026-09-14,corners_under_115,71.3,PRO_MEDIUM,
Moreirense,Maritimo,2026-09-14,dc_12,70.8,PRO_MEDIUM,1.36
Moreirense,Maritimo,2026-09-14,away_goals_over_05,70.3,PRO_MEDIUM,
Moreirense,Maritimo,2026-09-14,away_win_and_cards_under35,69.4,PRO_MEDIUM,
Moreirense,Maritimo,2026-09-14,home_goals_under_15,69.2,PRO_MEDIUM,
Moreirense,Maritimo,2026-09-14,sot_over_65,69.1,PRO_MEDIUM,
Moreirense,Maritimo,2026-09-14,away_goals_under_15,68.0,PRO_MEDIUM,
Moreirense,Maritimo,2026-09-14,dc_12_and_under_25,66.4,PRO_MEDIUM,
Moreirense,Maritimo,2026-09-14,corners_over_75,65.8,PRO_MEDIUM,
Moreirense,Maritimo,2026-09-14,home_goals_over_05,65.3,PRO_MEDIUM,
Moreirense,Maritimo,2026-09-14,goals_under_25,63.0,PRO_MEDIUM,1.62
Moreirense,Maritimo,2026-09-14,sot_under_85,62.5,PRO_MEDIUM,
Moreirense,Maritimo,2026-09-14,dc_1x_and_under_15,60.1,PRO_MEDIUM,
Moreirense,Maritimo,2026-09-14,dc_1x,56.8,PRO_MEDIUM,1.44
Moreirense,Maritimo,2026-09-14,corners_over_85,55.7,PRO_MEDIUM,
Moreirense,Maritimo,2026-09-14,away_win_either_half,55.1,PRO_MEDIUM,
Moreirense,Maritimo,2026-09-14,corners_under_95,55.0,PRO_MEDIUM,
Motherwell,Aberdeen,2026-09-15,away_goals_under_25,91.5,PRO_STRONG,
Motherwell,Aberdeen,2026-09-15,away_win_and_under_25,87.1,PRO_STRONG,
Motherwell,Aberdeen,2026-09-15,away_win_and_cards_under35,85.5,PRO_STRONG,
Motherwell,Aberdeen,2026-09-15,home_goals_over_05,84.5,PRO_STRONG,
Motherwell,Aberdeen,2026-09-15,away_win_and_under_15,82.2,PRO_STRONG,
Motherwell,Aberdeen,2026-09-15,both_teams_carded,81.2,PRO_STRONG,
Motherwell,Aberdeen,2026-09-15,dc_x2_and_under_25,80.9,PRO_STRONG,
Motherwell,Aberdeen,2026-09-15,dc_1x,78.4,PRO_STRONG,1.25
Motherwell,Aberdeen,2026-09-15,home_win_and_corners_under95,77.1,PRO_STRONG,
Motherwell,Aberdeen,2026-09-15,yellows_over_25,75.5,PRO_STRONG,
Motherwell,Aberdeen,2026-09-15,dc_12,75.2,PRO_STRONG,1.25
Motherwell,Aberdeen,2026-09-15,away_goals_under_15,73.0,PRO_MEDIUM,
Motherwell,Aberdeen,2026-09-15,corners_under_115,71.3,PRO_MEDIUM,
Motherwell,Aberdeen,2026-09-15,home_goals_under_25,70.3,PRO_MEDIUM,
Motherwell,Aberdeen,2026-09-15,sot_over_65,69.9,PRO_MEDIUM,
Motherwell,Aberdeen,2026-09-15,sot_under_95,68.6,PRO_MEDIUM,
Motherwell,Aberdeen,2026-09-15,corners_over_75,68.2,PRO_MEDIUM,
Motherwell,Aberdeen,2026-09-15,dc_x2_and_under_15,67.4,PRO_MEDIUM,
Motherwell,Aberdeen,2026-09-15,home_win_either_half,66.8,PRO_MEDIUM,
Motherwell,Aberdeen,2026-09-15,dc_1x_and_over_15,65.1,PRO_MEDIUM,
Motherwell,Aberdeen,2026-09-15,home_win_and_under_25,63.2,PRO_MEDIUM,
Motherwell,Aberdeen,2026-09-15,sot_under_85,62.5,PRO_MEDIUM,
Motherwell,Aberdeen,2026-09-15,booking_pts_over_35,61.5,PRO_MEDIUM,
Motherwell,Aberdeen,2026-09-15,away_goals_over_05,60.8,PRO_MEDIUM,
Motherwell,Aberdeen,2026-09-15,corners_over_85,58.9,PRO_MEDIUM,
Motherwell,Aberdeen,2026-09-15,home_goals_over_15,58.9,PRO_MEDIUM,
Motherwell,Aberdeen,2026-09-15,booking_pts_under_45,56.3,PRO_MEDIUM,
Motherwell,Aberdeen,2026-09-15,yellows_over_35,55.6,PRO_MEDIUM,
Motherwell,Aberdeen,2026-09-15,goals_over_25,55.1,PRO_MEDIUM,1.73
Motherwell,Aberdeen,2026-09-15,dc_1x_and_under_25,55.0,PRO_MEDIUM,
Motherwell,Aberdeen,2026-09-15,dc_12_and_under_25,55.0,PRO_MEDIUM,
Nacional,Famalicao,2026-09-19,home_goals_under_25,94.5,PRO_STRONG,
Nacional,Famalicao,2026-09-19,home_win_and_under_25,90.3,PRO_STRONG,
Nacional,Famalicao,2026-09-19,home_win_and_corners_under95,88.9,PRO_STRONG,
Nacional,Famalicao,2026-09-19,home_win_and_under_15,86.6,PRO_STRONG,
Nacional,Famalicao,2026-09-19,home_win_and_cards_under35,85.7,PRO_MEDIUM,
Nacional,Famalicao,2026-09-19,dc_1x_and_under_25,85.4,PRO_STRONG,
Nacional,Famalicao,2026-09-19,dc_12,81.2,PRO_STRONG,1.3
Nacional,Famalicao,2026-09-19,away_goals_under_25,80.7,PRO_STRONG,
Nacional,Famalicao,2026-09-19,dc_x2,79.2,PRO_STRONG,1.29
Nacional,Famalicao,2026-09-19,home_goals_under_15,78.8,PRO_STRONG,
Nacional,Famalicao,2026-09-19,away_goals_over_05,74.9,PRO_MEDIUM,
Nacional,Famalicao,2026-09-19,sot_under_95,74.4,PRO_MEDIUM,
Nacional,Famalicao,2026-09-19,corners_under_115,71.5,PRO_MEDIUM,
Nacional,Famalicao,2026-09-19,dc_x2_and_under_25,71.3,PRO_MEDIUM,
Nacional,Famalicao,2026-09-19,dc_1x_and_under_15,70.6,PRO_MEDIUM,
Nacional,Famalicao,2026-09-19,away_win_and_under_25,70.1,PRO_MEDIUM,
Nacional,Famalicao,2026-09-19,corners_over_75,67.4,PRO_MEDIUM,
Nacional,Famalicao,2026-09-19,sot_over_65,65.5,PRO_MEDIUM,
Nacional,Famalicao,2026-09-19,sot_under_85,63.4,PRO_MEDIUM,
Nacional,Famalicao,2026-09-19,dc_12_and_under_25,62.8,PRO_MEDIUM,
Nacional,Famalicao,2026-09-19,away_win_and_cards_under35,62.5,PRO_MEDIUM,
Nacional,Famalicao,2026-09-19,away_win_either_half,62.2,PRO_MEDIUM,
Nacional,Famalicao,2026-09-19,away_win,60.4,PRO_MEDIUM,2.05
Nacional,Famalicao,2026-09-19,away_goals_under_15,60.3,PRO_MEDIUM,
Nacional,Famalicao,2026-09-19,home_goals_over_05,59.0,PRO_MEDIUM,
Nacional,Famalicao,2026-09-19,away_win_and_under_15,58.9,PRO_MEDIUM,
Nacional,Famalicao,2026-09-19,goals_under_25,58.7,PRO_MEDIUM,
Nacional,Famalicao,2026-09-19,corners_over_85,55.5,PRO_MEDIUM,
Nacional,Famalicao,2026-09-19,corners_under_95,55.5,PRO_MEDIUM,
Newcastle,Hull,2026-09-19,away_goals_under_25,93.7,PRO_STRONG,
Newcastle,Hull,2026-09-19,away_win_and_under_25,92.5,PRO_STRONG,
Newcastle,Hull,2026-09-19,away_win_and_under_15,92.0,PRO_STRONG,
Newcastle,Hull,2026-09-19,away_win_and_cards_under35,91.6,PRO_STRONG,
Newcastle,Hull,2026-09-19,home_goals_over_05,88.6,PRO_STRONG,
Newcastle,Hull,2026-09-19,dc_x2_and_under_25,85.2,PRO_STRONG,
Newcastle,Hull,2026-09-19,dc_1x,84.7,PRO_STRONG,1.14
Newcastle,Hull,2026-09-19,both_teams_carded,83.7,PRO_STRONG,
Newcastle,Hull,2026-09-19,dc_12,79.6,PRO_STRONG,1.18
Newcastle,Hull,2026-09-19,away_goals_under_15,76.9,PRO_STRONG,
Newcastle,Hull,2026-09-19,home_win_and_corners_under95,75.7,PRO_STRONG,
Newcastle,Hull,2026-09-19,sot_over_65,75.5,PRO_STRONG,
Newcastle,Hull,2026-09-19,home_win_either_half,74.7,PRO_MEDIUM,
Newcastle,Hull,2026-09-19,dc_x2_and_under_15,74.6,PRO_MEDIUM,
Newcastle,Hull,2026-09-19,corners_under_115,74.0,PRO_MEDIUM,
Newcastle,Hull,2026-09-19,corners_over_75,69.8,PRO_MEDIUM,
Newcastle,Hull,2026-09-19,dc_1x_and_over_15,69.8,PRO_MEDIUM,
Newcastle,Hull,2026-09-19,home_goals_under_25,67.7,PRO_MEDIUM,
Newcastle,Hull,2026-09-19,home_win,64.3,PRO_MEDIUM,1.48
Newcastle,Hull,2026-09-19,away_goals_over_05,61.8,PRO_MEDIUM,
Newcastle,Hull,2026-09-19,home_goals_over_15,61.8,PRO_MEDIUM,
Newcastle,Hull,2026-09-19,sot_under_95,60.4,PRO_MEDIUM,
Newcastle,Hull,2026-09-19,home_win_and_under_25,59.8,PRO_MEDIUM,
Newcastle,Hull,2026-09-19,corners_over_85,58.7,PRO_MEDIUM,
Newcastle,Hull,2026-09-19,sot_over_75,57.5,PRO_MEDIUM,
Newcastle,Hull,2026-09-19,sot_under_85,55.6,PRO_MEDIUM,
Newcastle,Hull,2026-09-19,goals_over_25,55.2,PRO_MEDIUM,1.62
Nice,Lille,2026-09-20,home_goals_under_25,91.4,PRO_STRONG,
Nice,Lille,2026-09-20,home_win_and_under_25,88.7,PRO_STRONG,
Nice,Lille,2026-09-20,home_win_and_corners_under95,87.7,PRO_STRONG,
Nice,Lille,2026-09-20,home_win_and_cards_under35,85.8,PRO_MEDIUM,
Nice,Lille,2026-09-20,home_win_and_under_15,84.9,PRO_STRONG,
Nice,Lille,2026-09-20,dc_1x_and_under_25,83.3,PRO_STRONG,
Nice,Lille,2026-09-20,away_goals_under_25,79.2,PRO_STRONG,
Nice,Lille,2026-09-20,away_win_and_cards_under35,78.2,PRO_STRONG,
Nice,Lille,2026-09-20,corners_over_75,77.9,PRO_STRONG,
Nice,Lille,2026-09-20,dc_12,76.7,PRO_STRONG,1.3
Nice,Lille,2026-09-20,dc_x2,76.3,PRO_STRONG,1.25
Nice,Lille,2026-09-20,both_teams_carded,76.1,PRO_STRONG,
Nice,Lille,2026-09-20,home_goals_under_15,74.1,PRO_MEDIUM,
Nice,Lille,2026-09-20,away_goals_over_05,73.9,PRO_MEDIUM,
Nice,Lille,2026-09-20,sot_under_95,72.0,PRO_MEDIUM,
Nice,Lille,2026-09-20,sot_over_65,71.1,PRO_MEDIUM,
Nice,Lille,2026-09-20,corners_under_115,70.9,PRO_MEDIUM,
Nice,Lille,2026-09-20,yellows_over_25,70.6,PRO_MEDIUM,
Nice,Lille,2026-09-20,away_win_and_under_25,69.1,PRO_MEDIUM,
Nice,Lille,2026-09-20,dc_1x_and_under_15,66.7,PRO_MEDIUM,
Nice,Lille,2026-09-20,corners_over_85,66.2,PRO_MEDIUM,
Nice,Lille,2026-09-20,home_goals_over_05,65.5,PRO_MEDIUM,
Nice,Lille,2026-09-20,dc_x2_and_under_25,64.6,PRO_MEDIUM,
Nice,Lille,2026-09-20,away_win_either_half,62.6,PRO_MEDIUM,
Nice,Lille,2026-09-20,away_win_and_under_15,60.8,PRO_MEDIUM,
Nice,Lille,2026-09-20,dc_x2_and_over_15,59.5,PRO_MEDIUM,
Nice,Lille,2026-09-20,sot_under_85,58.8,PRO_MEDIUM,
Nice,Lille,2026-09-20,dc_12_and_under_25,58.5,PRO_MEDIUM,
Nice,Lille,2026-09-20,booking_pts_over_35,58.4,PRO_MEDIUM,
Nice,Lille,2026-09-20,corners_over_95,55.0,PRO_MEDIUM,
Nijmegen,Go Ahead Eagles,2026-09-20,away_win_and_cards_under35,90.3,PRO_STRONG,
Nijmegen,Go Ahead Eagles,2026-09-20,away_goals_under_25,89.4,PRO_STRONG,
Nijmegen,Go Ahead Eagles,2026-09-20,away_win_and_under_25,87.1,PRO_STRONG,
Nijmegen,Go Ahead Eagles,2026-09-20,home_goals_over_05,84.5,PRO_STRONG,
Nijmegen,Go Ahead Eagles,2026-09-20,sot_over_65,83.8,PRO_STRONG,
Nijmegen,Go Ahead Eagles,2026-09-20,away_win_and_under_15,83.2,PRO_STRONG,
Nijmegen,Go Ahead Eagles,2026-09-20,dc_x2_and_under_25,82.7,PRO_STRONG,
Nijmegen,Go Ahead Eagles,2026-09-20,corners_over_75,81.0,PRO_STRONG,
Nijmegen,Go Ahead Eagles,2026-09-20,dc_1x,80.3,PRO_STRONG,1.22
Nijmegen,Go Ahead Eagles,2026-09-20,dc_12,77.6,PRO_STRONG,1.22
Nijmegen,Go Ahead Eagles,2026-09-20,home_goals_under_25,76.4,PRO_STRONG,
Nijmegen,Go Ahead Eagles,2026-09-20,home_win_and_corners_under95,75.2,PRO_STRONG,
Nijmegen,Go Ahead Eagles,2026-09-20,corners_under_115,73.6,PRO_MEDIUM,
Nijmegen,Go Ahead Eagles,2026-09-20,home_win_and_under_25,69.4,PRO_MEDIUM,
Nijmegen,Go Ahead Eagles,2026-09-20,both_teams_carded,69.4,PRO_MEDIUM,
Nijmegen,Go Ahead Eagles,2026-09-20,home_win_either_half,67.8,PRO_MEDIUM,
Nijmegen,Go Ahead Eagles,2026-09-20,away_goals_under_15,67.7,PRO_MEDIUM,
Nijmegen,Go Ahead Eagles,2026-09-20,corners_over_85,67.7,PRO_MEDIUM,
Nijmegen,Go Ahead Eagles,2026-09-20,yellows_over_25,66.9,PRO_MEDIUM,
Nijmegen,Go Ahead Eagles,2026-09-20,away_goals_over_05,66.0,PRO_MEDIUM,
Nijmegen,Go Ahead Eagles,2026-09-20,sot_over_75,64.7,PRO_MEDIUM,
Nijmegen,Go Ahead Eagles,2026-09-20,dc_1x_and_under_25,64.3,PRO_MEDIUM,
Nijmegen,Go Ahead Eagles,2026-09-20,dc_x2_and_under_15,63.5,PRO_MEDIUM,
Nijmegen,Go Ahead Eagles,2026-09-20,sot_under_95,61.3,PRO_MEDIUM,
Nijmegen,Go Ahead Eagles,2026-09-20,dc_1x_and_over_15,60.6,PRO_MEDIUM,
Nijmegen,Go Ahead Eagles,2026-09-20,home_win,57.9,PRO_MEDIUM,1.73
Nijmegen,Go Ahead Eagles,2026-09-20,cards_range_3_5,56.5,PRO_MEDIUM,
Nijmegen,Go Ahead Eagles,2026-09-20,yellows_under_35,55.2,PRO_MEDIUM,
Norwich,Bolton,2026-09-20,away_goals_under_25,93.6,PRO_STRONG,
Norwich,Bolton,2026-09-20,away_win_and_cards_under35,92.0,PRO_STRONG,
Norwich,Bolton,2026-09-20,away_win_and_under_25,89.0,PRO_STRONG,
Norwich,Bolton,2026-09-20,home_goals_over_05,88.7,PRO_STRONG,
Norwich,Bolton,2026-09-20,away_win_and_under_15,86.3,PRO_STRONG,
Norwich,Bolton,2026-09-20,dc_x2_and_under_25,82.2,PRO_STRONG,
Norwich,Bolton,2026-09-20,dc_12,81.6,PRO_STRONG,1.22
Norwich,Bolton,2026-09-20,dc_1x,81.6,PRO_STRONG,1.17
Norwich,Bolton,2026-09-20,sot_over_65,78.2,PRO_STRONG,
Norwich,Bolton,2026-09-20,away_goals_under_15,76.7,PRO_STRONG,
Norwich,Bolton,2026-09-20,home_win_either_half,73.8,PRO_MEDIUM,
Norwich,Bolton,2026-09-20,corners_over_75,73.3,PRO_MEDIUM,
Norwich,Bolton,2026-09-20,both_teams_carded,72.3,PRO_MEDIUM,
Norwich,Bolton,2026-09-20,dc_1x_and_over_15,71.6,PRO_MEDIUM,
Norwich,Bolton,2026-09-20,sot_under_95,70.9,PRO_MEDIUM,
Norwich,Bolton,2026-09-20,corners_under_115,70.5,PRO_MEDIUM,
Norwich,Bolton,2026-09-20,home_win_and_corners_under95,69.4,PRO_MEDIUM,
Norwich,Bolton,2026-09-20,dc_x2_and_under_15,68.8,PRO_MEDIUM,
Norwich,Bolton,2026-09-20,yellows_over_25,68.3,PRO_MEDIUM,
Norwich,Bolton,2026-09-20,home_goals_under_25,66.7,PRO_MEDIUM,
Norwich,Bolton,2026-09-20,home_win,63.3,PRO_MEDIUM,1.55
Norwich,Bolton,2026-09-20,corners_over_85,62.0,PRO_MEDIUM,
Norwich,Bolton,2026-09-20,sot_over_75,61.3,PRO_MEDIUM,
Norwich,Bolton,2026-09-20,home_goals_over_15,60.9,PRO_MEDIUM,
Norwich,Bolton,2026-09-20,away_goals_over_05,60.0,PRO_MEDIUM,
Norwich,Bolton,2026-09-20,home_win_and_under_25,58.1,PRO_MEDIUM,
Norwich,Bolton,2026-09-20,corners_over_95,55.3,PRO_MEDIUM,
Nottingham,Coventry,2026-09-19,away_goals_under_25,92.3,PRO_STRONG,
Nottingham,Coventry,2026-09-19,away_win_and_cards_under35,91.8,PRO_STRONG,
Nottingham,Coventry,2026-09-19,away_win_and_under_25,90.2,PRO_STRONG,
Nottingham,Coventry,2026-09-19,home_goals_over_05,87.3,PRO_STRONG,
Nottingham,Coventry,2026-09-19,away_win_and_under_15,87.1,PRO_STRONG,
Nottingham,Coventry,2026-09-19,dc_x2_and_under_25,84.3,PRO_STRONG,
Nottingham,Coventry,2026-09-19,dc_1x,82.1,PRO_STRONG,1.17
Nottingham,Coventry,2026-09-19,home_goals_under_25,78.6,PRO_STRONG,
Nottingham,Coventry,2026-09-19,dc_12,78.2,PRO_STRONG,1.25
Nottingham,Coventry,2026-09-19,away_goals_under_15,76.6,PRO_STRONG,
Nottingham,Coventry,2026-09-19,home_win_either_half,74.3,PRO_MEDIUM,
Nottingham,Coventry,2026-09-19,home_win_and_corners_under95,74.1,PRO_MEDIUM,
Nottingham,Coventry,2026-09-19,corners_under_115,73.7,PRO_MEDIUM,
Nottingham,Coventry,2026-09-19,both_teams_carded,71.2,PRO_MEDIUM,
Nottingham,Coventry,2026-09-19,corners_over_75,70.5,PRO_MEDIUM,
Nottingham,Coventry,2026-09-19,sot_over_65,70.3,PRO_MEDIUM,
Nottingham,Coventry,2026-09-19,dc_x2_and_under_15,69.3,PRO_MEDIUM,
Nottingham,Coventry,2026-09-19,yellows_over_25,68.9,PRO_MEDIUM,
Nottingham,Coventry,2026-09-19,home_win_and_under_25,66.0,PRO_MEDIUM,
Nottingham,Coventry,2026-09-19,dc_1x_and_over_15,65.6,PRO_MEDIUM,
Nottingham,Coventry,2026-09-19,corners_over_85,61.7,PRO_MEDIUM,
Nottingham,Coventry,2026-09-19,sot_under_95,60.4,PRO_MEDIUM,
Nottingham,Coventry,2026-09-19,home_win,60.3,PRO_MEDIUM,1.67
Nottingham,Coventry,2026-09-19,away_goals_over_05,60.1,PRO_MEDIUM,
Nottingham,Coventry,2026-09-19,dc_1x_and_under_25,59.7,PRO_MEDIUM,
Nottingham,Coventry,2026-09-19,home_goals_over_15,57.5,PRO_MEDIUM,
Nottingham,Coventry,2026-09-19,cards_range_3_5,57.2,PRO_MEDIUM,
Nottingham,Coventry,2026-09-19,sot_over_75,56.7,PRO_MEDIUM,
Nottingham,Coventry,2026-09-19,sot_under_85,56.1,PRO_MEDIUM,
Nottingham,Coventry,2026-09-19,dc_12_and_under_25,55.7,PRO_MEDIUM,
Ofi Crete,Asteras Tripolis,2026-09-20,away_goals_under_25,90.6,PRO_STRONG,
Ofi Crete,Asteras Tripolis,2026-09-20,home_goals_under_25,89.2,PRO_STRONG,
Ofi Crete,Asteras Tripolis,2026-09-20,away_win_and_under_25,88.3,PRO_STRONG,
Ofi Crete,Asteras Tripolis,2026-09-20,both_teams_carded,85.9,PRO_STRONG,
Ofi Crete,Asteras Tripolis,2026-09-20,dc_x2_and_under_25,83.9,PRO_STRONG,
Ofi Crete,Asteras Tripolis,2026-09-20,away_win_and_under_15,83.5,PRO_STRONG,
Ofi Crete,Asteras Tripolis,2026-09-20,home_goals_over_05,80.2,PRO_STRONG,
Ofi Crete,Asteras Tripolis,2026-09-20,home_win_and_corners_under95,78.8,PRO_STRONG,
Ofi Crete,Asteras Tripolis,2026-09-20,away_win_and_cards_under35,78.5,PRO_STRONG,
Ofi Crete,Asteras Tripolis,2026-09-20,home_win_and_under_25,77.8,PRO_STRONG,
Ofi Crete,Asteras Tripolis,2026-09-20,corners_under_115,77.7,PRO_STRONG,
Ofi Crete,Asteras Tripolis,2026-09-20,sot_under_95,76.9,PRO_STRONG,
Ofi Crete,Asteras Tripolis,2026-09-20,away_goals_under_15,74.6,PRO_MEDIUM,
Ofi Crete,Asteras Tripolis,2026-09-20,booking_pts_over_35,74.3,PRO_MEDIUM,
Ofi Crete,Asteras Tripolis,2026-09-20,dc_1x_and_under_25,71.6,PRO_MEDIUM,
Ofi Crete,Asteras Tripolis,2026-09-20,dc_12,71.2,PRO_MEDIUM,1.36
Ofi Crete,Asteras Tripolis,2026-09-20,home_win_and_under_15,69.4,PRO_MEDIUM,
Ofi Crete,Asteras Tripolis,2026-09-20,corners_over_75,66.2,PRO_MEDIUM,
Ofi Crete,Asteras Tripolis,2026-09-20,sot_over_65,65.5,PRO_MEDIUM,
Ofi Crete,Asteras Tripolis,2026-09-20,corners_under_95,64.6,PRO_MEDIUM,
Ofi Crete,Asteras Tripolis,2026-09-20,dc_12_and_under_25,64.4,PRO_MEDIUM,
Ofi Crete,Asteras Tripolis,2026-09-20,dc_x2_and_under_15,63.4,PRO_MEDIUM,
Ofi Crete,Asteras Tripolis,2026-09-20,sot_under_85,63.4,PRO_MEDIUM,
Ofi Crete,Asteras Tripolis,2026-09-20,goals_under_25,62.3,PRO_MEDIUM,1.62
Ofi Crete,Asteras Tripolis,2026-09-20,home_goals_under_15,60.9,PRO_MEDIUM,
Ofi Crete,Asteras Tripolis,2026-09-20,away_goals_over_05,60.8,PRO_MEDIUM,
Ofi Crete,Asteras Tripolis,2026-09-20,home_win_either_half,60.0,PRO_MEDIUM,
Ofi Crete,Asteras Tripolis,2026-09-20,yellows_over_45,58.9,PRO_MEDIUM,
Ofi Crete,Asteras Tripolis,2026-09-20,dc_x2,57.2,PRO_MEDIUM,1.7
Ofi Crete,Asteras Tripolis,2026-09-20,corners_over_85,55.5,PRO_MEDIUM,
Osasuna,Vallecano,2026-09-19,home_goals_under_25,89.6,PRO_STRONG,
Osasuna,Vallecano,2026-09-19,away_goals_under_25,89.2,PRO_STRONG,
Osasuna,Vallecano,2026-09-19,away_win_and_under_25,85.3,PRO_STRONG,
Osasuna,Vallecano,2026-09-19,home_win_and_under_25,82.8,PRO_STRONG,
Osasuna,Vallecano,2026-09-19,dc_x2_and_under_25,82.8,PRO_STRONG,
Osasuna,Vallecano,2026-09-19,away_win_and_under_15,82.4,PRO_STRONG,
Osasuna,Vallecano,2026-09-19,home_win_and_corners_under95,79.9,PRO_STRONG,
Osasuna,Vallecano,2026-09-19,home_win_and_under_15,76.6,PRO_STRONG,
Osasuna,Vallecano,2026-09-19,sot_under_95,76.2,PRO_STRONG,
Osasuna,Vallecano,2026-09-19,away_win_and_cards_under35,76.2,PRO_STRONG,
Osasuna,Vallecano,2026-09-19,corners_over_75,75.5,PRO_STRONG,
Osasuna,Vallecano,2026-09-19,dc_1x_and_under_25,75.1,PRO_STRONG,
Osasuna,Vallecano,2026-09-19,home_goals_over_05,73.8,PRO_MEDIUM,
Osasuna,Vallecano,2026-09-19,corners_under_115,73.4,PRO_MEDIUM,
Osasuna,Vallecano,2026-09-19,away_goals_under_15,73.2,PRO_MEDIUM,
Osasuna,Vallecano,2026-09-19,sot_over_65,68.7,PRO_MEDIUM,
Osasuna,Vallecano,2026-09-19,dc_12_and_under_25,67.1,PRO_MEDIUM,
Osasuna,Vallecano,2026-09-19,home_goals_under_15,65.2,PRO_MEDIUM,
Osasuna,Vallecano,2026-09-19,dc_12,65.1,PRO_MEDIUM,1.36
Osasuna,Vallecano,2026-09-19,away_goals_over_05,63.7,PRO_MEDIUM,
Osasuna,Vallecano,2026-09-19,dc_x2,63.4,PRO_MEDIUM,1.62
Osasuna,Vallecano,2026-09-19,corners_over_85,63.3,PRO_MEDIUM,
Osasuna,Vallecano,2026-09-19,goals_under_25,63.3,PRO_MEDIUM,1.73
Osasuna,Vallecano,2026-09-19,dc_x2_and_under_15,62.3,PRO_MEDIUM,
Osasuna,Vallecano,2026-09-19,sot_under_85,61.0,PRO_MEDIUM,
Osasuna,Vallecano,2026-09-19,dc_1x_and_under_15,55.5,PRO_MEDIUM,
Paderborn,Hoffenheim,2026-09-20,home_goals_under_25,91.0,PRO_STRONG,
Paderborn,Hoffenheim,2026-09-20,home_win_and_corners_under95,89.6,PRO_STRONG,
Paderborn,Hoffenheim,2026-09-20,home_win_and_cards_under35,87.5,PRO_MEDIUM,
Paderborn,Hoffenheim,2026-09-20,away_goals_over_05,86.3,PRO_STRONG,
Paderborn,Hoffenheim,2026-09-20,home_win_and_under_25,86.2,PRO_STRONG,
Paderborn,Hoffenheim,2026-09-20,home_win_and_under_15,83.7,PRO_STRONG,
Paderborn,Hoffenheim,2026-09-20,dc_12,82.2,PRO_STRONG,1.22
Paderborn,Hoffenheim,2026-09-20,dc_x2,80.5,PRO_STRONG,1.18
Paderborn,Hoffenheim,2026-09-20,dc_1x_and_under_25,79.5,PRO_STRONG,
Paderborn,Hoffenheim,2026-09-20,both_teams_carded,79.2,PRO_STRONG,
Paderborn,Hoffenheim,2026-09-20,corners_under_115,76.0,PRO_STRONG,
Paderborn,Hoffenheim,2026-09-20,sot_over_65,75.5,PRO_STRONG,
Paderborn,Hoffenheim,2026-09-20,yellows_over_25,75.5,PRO_STRONG,
Paderborn,Hoffenheim,2026-09-20,away_win_either_half,73.8,PRO_MEDIUM,
Paderborn,Hoffenheim,2026-09-20,home_goals_under_15,72.2,PRO_MEDIUM,
Paderborn,Hoffenheim,2026-09-20,away_goals_under_25,71.7,PRO_MEDIUM,
Paderborn,Hoffenheim,2026-09-20,dc_1x_and_under_15,70.6,PRO_MEDIUM,
Paderborn,Hoffenheim,2026-09-20,corners_over_75,67.6,PRO_MEDIUM,
Paderborn,Hoffenheim,2026-09-20,away_win_and_cards_under35,67.4,PRO_MEDIUM,
Paderborn,Hoffenheim,2026-09-20,dc_x2_and_over_15,64.3,PRO_MEDIUM,
Paderborn,Hoffenheim,2026-09-20,home_goals_over_05,63.8,PRO_MEDIUM,
Paderborn,Hoffenheim,2026-09-20,goals_over_25,63.2,PRO_MEDIUM,1.44
Paderborn,Hoffenheim,2026-09-20,away_win,62.7,PRO_MEDIUM,1.65
Paderborn,Hoffenheim,2026-09-20,away_win_and_under_25,61.1,PRO_MEDIUM,
Paderborn,Hoffenheim,2026-09-20,sot_under_95,60.4,PRO_MEDIUM,
Paderborn,Hoffenheim,2026-09-20,booking_pts_over_35,59.6,PRO_MEDIUM,
Paderborn,Hoffenheim,2026-09-20,dc_12_and_over_25,58.8,PRO_MEDIUM,
Paderborn,Hoffenheim,2026-09-20,btts,57.7,PRO_MEDIUM,1.44
Paderborn,Hoffenheim,2026-09-20,sot_over_75,57.5,PRO_MEDIUM,
Paderborn,Hoffenheim,2026-09-20,sot_under_85,55.6,PRO_MEDIUM,
Paderborn,Hoffenheim,2026-09-20,yellows_over_35,55.6,PRO_MEDIUM,
Paderborn,Hoffenheim,2026-09-20,dc_x2_and_under_25,55.1,PRO_MEDIUM,
Paderborn,Hoffenheim,2026-09-20,away_goals_over_15,55.0,PRO_MEDIUM,
Panetolikos,PAOK,2026-09-20,home_goals_under_25,94.0,PRO_STRONG,
Panetolikos,PAOK,2026-09-20,home_win_and_under_25,89.4,PRO_STRONG,
Panetolikos,PAOK,2026-09-20,home_win_and_corners_under95,89.4,PRO_STRONG,
Panetolikos,PAOK,2026-09-20,home_win_and_under_15,88.3,PRO_STRONG,
Panetolikos,PAOK,2026-09-20,away_goals_over_05,86.5,PRO_STRONG,
Panetolikos,PAOK,2026-09-20,home_win_and_cards_under35,86.0,PRO_MEDIUM,
Panetolikos,PAOK,2026-09-20,dc_1x_and_under_25,84.4,PRO_STRONG,
Panetolikos,PAOK,2026-09-20,dc_x2,80.5,PRO_STRONG,1.14
Panetolikos,PAOK,2026-09-20,both_teams_carded,79.2,PRO_STRONG,
Panetolikos,PAOK,2026-09-20,yellows_over_25,78.2,PRO_STRONG,
Panetolikos,PAOK,2026-09-20,away_win_and_cards_under35,78.1,PRO_STRONG,
Panetolikos,PAOK,2026-09-20,dc_12,77.9,PRO_STRONG,1.25
Panetolikos,PAOK,2026-09-20,corners_under_115,77.5,PRO_STRONG,
Panetolikos,PAOK,2026-09-20,home_goals_under_15,76.8,PRO_STRONG,
Panetolikos,PAOK,2026-09-20,dc_1x_and_under_15,72.5,PRO_MEDIUM,
Panetolikos,PAOK,2026-09-20,away_win_either_half,72.0,PRO_MEDIUM,
Panetolikos,PAOK,2026-09-20,sot_under_95,71.4,PRO_MEDIUM,
Panetolikos,PAOK,2026-09-20,away_goals_under_25,70.8,PRO_MEDIUM,
Panetolikos,PAOK,2026-09-20,sot_over_65,69.5,PRO_MEDIUM,
Panetolikos,PAOK,2026-09-20,corners_over_75,66.3,PRO_MEDIUM,
Panetolikos,PAOK,2026-09-20,booking_pts_over_35,65.1,PRO_MEDIUM,
Panetolikos,PAOK,2026-09-20,corners_under_95,64.1,PRO_MEDIUM,
Panetolikos,PAOK,2026-09-20,dc_x2_and_over_15,63.7,PRO_MEDIUM,
Panetolikos,PAOK,2026-09-20,home_goals_over_05,63.6,PRO_MEDIUM,
Panetolikos,PAOK,2026-09-20,away_win_and_under_25,63.6,PRO_MEDIUM,
Panetolikos,PAOK,2026-09-20,sot_under_85,62.5,PRO_MEDIUM,
Panetolikos,PAOK,2026-09-20,yellows_over_35,61.7,PRO_MEDIUM,
Panetolikos,PAOK,2026-09-20,away_win,58.3,PRO_MEDIUM,1.6
Panetolikos,PAOK,2026-09-20,corners_over_85,56.7,PRO_MEDIUM,
Panetolikos,PAOK,2026-09-20,dc_x2_and_under_25,56.3,PRO_MEDIUM,
Panetolikos,PAOK,2026-09-20,away_goals_over_15,55.8,PRO_MEDIUM,
Paris FC,Strasbourg,2026-09-19,away_goals_under_25,87.2,PRO_STRONG,
Paris FC,Strasbourg,2026-09-19,home_goals_over_05,86.7,PRO_STRONG,
Paris FC,Strasbourg,2026-09-19,away_win_and_under_25,86.4,PRO_STRONG,
Paris FC,Strasbourg,2026-09-19,away_win_and_cards_under35,82.5,PRO_STRONG,
Paris FC,Strasbourg,2026-09-19,away_win_and_under_15,82.1,PRO_STRONG,
Paris FC,Strasbourg,2026-09-19,dc_x2_and_under_25,81.4,PRO_STRONG,
Paris FC,Strasbourg,2026-09-19,both_teams_carded,80.8,PRO_STRONG,
Paris FC,Strasbourg,2026-09-19,home_win_and_corners_under95,78.8,PRO_STRONG,
Paris FC,Strasbourg,2026-09-19,yellows_over_25,75.5,PRO_STRONG,
Paris FC,Strasbourg,2026-09-19,sot_over_65,75.5,PRO_STRONG,
Paris FC,Strasbourg,2026-09-19,home_goals_under_25,74.7,PRO_MEDIUM,
Paris FC,Strasbourg,2026-09-19,dc_12,74.7,PRO_MEDIUM,1.28
Paris FC,Strasbourg,2026-09-19,corners_under_115,71.5,PRO_MEDIUM,
Paris FC,Strasbourg,2026-09-19,away_goals_over_05,69.8,PRO_MEDIUM,
Paris FC,Strasbourg,2026-09-19,corners_over_75,69.8,PRO_MEDIUM,
Paris FC,Strasbourg,2026-09-19,away_goals_under_15,68.8,PRO_MEDIUM,
Paris FC,Strasbourg,2026-09-19,sot_under_95,68.6,PRO_MEDIUM,
Paris FC,Strasbourg,2026-09-19,home_win_and_under_25,66.0,PRO_MEDIUM,
Paris FC,Strasbourg,2026-09-19,dc_1x_and_over_15,65.4,PRO_MEDIUM,
Paris FC,Strasbourg,2026-09-19,sot_under_85,62.8,PRO_MEDIUM,
Paris FC,Strasbourg,2026-09-19,home_win_either_half,62.3,PRO_MEDIUM,
Paris FC,Strasbourg,2026-09-19,dc_x2_and_under_15,62.0,PRO_MEDIUM,
Paris FC,Strasbourg,2026-09-19,booking_pts_over_35,61.5,PRO_MEDIUM,
Paris FC,Strasbourg,2026-09-19,goals_over_25,61.1,PRO_MEDIUM,1.67
Paris FC,Strasbourg,2026-09-19,home_win_and_under_15,59.7,PRO_MEDIUM,
Paris FC,Strasbourg,2026-09-19,corners_over_85,58.7,PRO_MEDIUM,
Paris FC,Strasbourg,2026-09-19,home_goals_over_15,57.2,PRO_MEDIUM,
Paris FC,Strasbourg,2026-09-19,btts,55.7,PRO_MEDIUM,1.57
Paris FC,Strasbourg,2026-09-19,booking_pts_under_45,55.5,PRO_MEDIUM,
Paris FC,Strasbourg,2026-09-19,yellows_over_35,55.2,PRO_MEDIUM,
Parma,Genoa,2026-09-20,home_goals_under_25,94.1,PRO_STRONG,
Parma,Genoa,2026-09-20,home_win_and_under_25,87.5,PRO_STRONG,
Parma,Genoa,2026-09-20,home_win_and_corners_under95,85.1,PRO_STRONG,
Parma,Genoa,2026-09-20,away_goals_under_25,84.8,PRO_STRONG,
Parma,Genoa,2026-09-20,home_win_and_under_15,83.5,PRO_STRONG,
Parma,Genoa,2026-09-20,dc_1x_and_under_25,83.3,PRO_STRONG,
Parma,Genoa,2026-09-20,away_win_and_under_25,78.4,PRO_STRONG,
Parma,Genoa,2026-09-20,both_teams_carded,78.0,PRO_STRONG,
Parma,Genoa,2026-09-20,away_win_and_cards_under35,77.7,PRO_STRONG,
Parma,Genoa,2026-09-20,yellows_over_25,75.3,PRO_STRONG,
Parma,Genoa,2026-09-20,dc_x2_and_under_25,75.1,PRO_STRONG,
Parma,Genoa,2026-09-20,home_goals_under_15,74.9,PRO_MEDIUM,
Parma,Genoa,2026-09-20,dc_x2,74.0,PRO_MEDIUM,1.36
Parma,Genoa,2026-09-20,dc_12,73.4,PRO_MEDIUM,1.36
Parma,Genoa,2026-09-20,away_win_and_under_15,72.1,PRO_MEDIUM,
Parma,Genoa,2026-09-20,away_goals_over_05,71.6,PRO_MEDIUM,
Parma,Genoa,2026-09-20,corners_over_75,70.5,PRO_MEDIUM,
Parma,Genoa,2026-09-20,corners_under_115,69.7,PRO_MEDIUM,
Parma,Genoa,2026-09-20,sot_over_65,69.6,PRO_MEDIUM,
Parma,Genoa,2026-09-20,away_goals_under_15,69.0,PRO_MEDIUM,
Parma,Genoa,2026-09-20,sot_under_95,67.9,PRO_MEDIUM,
Parma,Genoa,2026-09-20,dc_12_and_under_25,65.6,PRO_MEDIUM,
Parma,Genoa,2026-09-20,home_goals_over_05,65.3,PRO_MEDIUM,
Parma,Genoa,2026-09-20,dc_1x_and_under_15,64.5,PRO_MEDIUM,
Parma,Genoa,2026-09-20,sot_over_75,62.8,PRO_MEDIUM,
Parma,Genoa,2026-09-20,booking_pts_over_35,61.9,PRO_MEDIUM,
Parma,Genoa,2026-09-20,corners_over_85,61.7,PRO_MEDIUM,
Parma,Genoa,2026-09-20,goals_under_25,60.4,PRO_MEDIUM,1.5
Parma,Genoa,2026-09-20,yellows_over_35,60.0,PRO_MEDIUM,
Parma,Genoa,2026-09-20,yellows_under_45,59.8,PRO_MEDIUM,
Parma,Genoa,2026-09-20,away_win_either_half,57.4,PRO_MEDIUM,
Parma,Genoa,2026-09-20,cards_range_3_5,57.2,PRO_MEDIUM,
Parma,Genoa,2026-09-20,booking_pts_under_45,55.2,PRO_MEDIUM,
Porto,Benfica,2026-09-20,home_goals_under_25,89.9,PRO_STRONG,
Porto,Benfica,2026-09-20,away_goals_under_25,86.9,PRO_STRONG,
Porto,Benfica,2026-09-20,home_win_and_corners_under95,85.1,PRO_STRONG,
Porto,Benfica,2026-09-20,corners_over_75,81.1,PRO_STRONG,
Porto,Benfica,2026-09-20,home_win_and_under_25,80.5,PRO_STRONG,
Porto,Benfica,2026-09-20,away_win_and_under_25,78.7,PRO_STRONG,
Porto,Benfica,2026-09-20,home_win_and_under_15,77.8,PRO_STRONG,
Porto,Benfica,2026-09-20,both_teams_carded,75.7,PRO_STRONG,
Porto,Benfica,2026-09-20,yellows_over_25,75.3,PRO_STRONG,
Porto,Benfica,2026-09-20,sot_under_95,75.1,PRO_STRONG,
Porto,Benfica,2026-09-20,home_goals_over_05,74.7,PRO_MEDIUM,
Porto,Benfica,2026-09-20,away_win_and_under_15,74.5,PRO_MEDIUM,
Porto,Benfica,2026-09-20,dc_x2_and_under_25,73.6,PRO_MEDIUM,
Porto,Benfica,2026-09-20,dc_1x_and_under_25,73.5,PRO_MEDIUM,
Porto,Benfica,2026-09-20,away_win_and_cards_under35,73.0,PRO_MEDIUM,
Porto,Benfica,2026-09-20,dc_12,71.1,PRO_MEDIUM,1.3
Porto,Benfica,2026-09-20,corners_under_115,68.8,PRO_MEDIUM,
Porto,Benfica,2026-09-20,dc_x2,68.7,PRO_MEDIUM,1.4
Porto,Benfica,2026-09-20,corners_over_85,68.5,PRO_MEDIUM,
Porto,Benfica,2026-09-20,away_goals_under_15,68.1,PRO_MEDIUM,
Porto,Benfica,2026-09-20,sot_over_65,63.5,PRO_MEDIUM,
Porto,Benfica,2026-09-20,home_goals_under_15,62.9,PRO_MEDIUM,
Porto,Benfica,2026-09-20,sot_under_85,62.8,PRO_MEDIUM,
Porto,Benfica,2026-09-20,booking_pts_over_35,61.0,PRO_MEDIUM,
Porto,Benfica,2026-09-20,yellows_under_45,60.5,PRO_MEDIUM,
Porto,Benfica,2026-09-20,dc_1x,60.2,PRO_MEDIUM,1.55
Porto,Benfica,2026-09-20,yellows_over_35,60.0,PRO_MEDIUM,
Porto,Benfica,2026-09-20,dc_12_and_under_25,57.5,PRO_MEDIUM,
Porto,Benfica,2026-09-20,away_win_either_half,55.7,PRO_MEDIUM,
Portsmouth,Blackburn,2026-09-19,away_goals_under_25,90.1,PRO_STRONG,
Portsmouth,Blackburn,2026-09-19,home_goals_under_25,85.7,PRO_STRONG,
Portsmouth,Blackburn,2026-09-19,away_win_and_under_25,85.7,PRO_STRONG,
Portsmouth,Blackburn,2026-09-19,away_win_and_cards_under35,81.5,PRO_STRONG,
Portsmouth,Blackburn,2026-09-19,home_win_and_corners_under95,81.3,PRO_STRONG,
Portsmouth,Blackburn,2026-09-19,dc_x2_and_under_25,81.0,PRO_STRONG,
Portsmouth,Blackburn,2026-09-19,away_win_and_under_15,78.9,PRO_STRONG,
Portsmouth,Blackburn,2026-09-19,home_goals_over_05,77.7,PRO_STRONG,
Portsmouth,Blackburn,2026-09-19,sot_under_95,76.9,PRO_STRONG,
Portsmouth,Blackburn,2026-09-19,home_win_and_under_25,76.8,PRO_STRONG,
Portsmouth,Blackburn,2026-09-19,both_teams_carded,73.3,PRO_MEDIUM,
Portsmouth,Blackburn,2026-09-19,dc_12,72.8,PRO_MEDIUM,1.33
Portsmouth,Blackburn,2026-09-19,corners_under_115,71.5,PRO_MEDIUM,
Portsmouth,Blackburn,2026-09-19,away_goals_under_15,70.7,PRO_MEDIUM,
Portsmouth,Blackburn,2026-09-19,yellows_over_25,70.6,PRO_MEDIUM,
Portsmouth,Blackburn,2026-09-19,corners_over_75,68.6,PRO_MEDIUM,
Portsmouth,Blackburn,2026-09-19,home_win_and_under_15,67.3,PRO_MEDIUM,
Portsmouth,Blackburn,2026-09-19,dc_1x_and_under_25,66.3,PRO_MEDIUM,
Portsmouth,Blackburn,2026-09-19,sot_over_65,65.1,PRO_MEDIUM,
Portsmouth,Blackburn,2026-09-19,sot_under_85,63.4,PRO_MEDIUM,
Portsmouth,Blackburn,2026-09-19,dc_x2_and_under_15,62.4,PRO_MEDIUM,
Portsmouth,Blackburn,2026-09-19,dc_12_and_under_25,60.8,PRO_MEDIUM,
Portsmouth,Blackburn,2026-09-19,home_win_either_half,59.5,PRO_MEDIUM,
Portsmouth,Blackburn,2026-09-19,corners_over_85,57.8,PRO_MEDIUM,
Portsmouth,Blackburn,2026-09-19,booking_pts_over_35,57.7,PRO_MEDIUM,
Portsmouth,Blackburn,2026-09-19,home_goals_under_15,55.6,PRO_MEDIUM,
QPR,Preston,2026-09-19,away_goals_under_25,91.8,PRO_STRONG,
QPR,Preston,2026-09-19,away_win_and_cards_under35,90.6,PRO_STRONG,
QPR,Preston,2026-09-19,home_goals_over_05,85.7,PRO_STRONG,
QPR,Preston,2026-09-19,away_win_and_under_25,85.4,PRO_STRONG,
QPR,Preston,2026-09-19,away_win_and_under_15,83.1,PRO_STRONG,
QPR,Preston,2026-09-19,dc_12,83.0,PRO_STRONG,1.25
QPR,Preston,2026-09-19,dc_x2_and_under_25,82.3,PRO_STRONG,
QPR,Preston,2026-09-19,both_teams_carded,81.2,PRO_STRONG,
QPR,Preston,2026-09-19,home_win_and_corners_under95,78.3,PRO_STRONG,
QPR,Preston,2026-09-19,dc_1x,77.0,PRO_STRONG,1.18
QPR,Preston,2026-09-19,yellows_over_25,75.9,PRO_STRONG,
QPR,Preston,2026-09-19,away_goals_under_15,74.5,PRO_MEDIUM,
QPR,Preston,2026-09-19,home_win_either_half,72.2,PRO_MEDIUM,
QPR,Preston,2026-09-19,sot_under_95,71.4,PRO_MEDIUM,
QPR,Preston,2026-09-19,corners_under_115,71.3,PRO_MEDIUM,
QPR,Preston,2026-09-19,sot_over_65,69.1,PRO_MEDIUM,
QPR,Preston,2026-09-19,dc_1x_and_over_15,68.4,PRO_MEDIUM,
QPR,Preston,2026-09-19,dc_x2_and_under_15,68.3,PRO_MEDIUM,
QPR,Preston,2026-09-19,corners_over_75,65.8,PRO_MEDIUM,
QPR,Preston,2026-09-19,home_goals_under_25,64.4,PRO_MEDIUM,
QPR,Preston,2026-09-19,home_goals_over_15,63.3,PRO_MEDIUM,
QPR,Preston,2026-09-19,away_goals_over_05,62.7,PRO_MEDIUM,
QPR,Preston,2026-09-19,sot_under_85,62.5,PRO_MEDIUM,
QPR,Preston,2026-09-19,booking_pts_over_35,60.9,PRO_MEDIUM,
QPR,Preston,2026-09-19,home_win,60.0,PRO_MEDIUM,1.67
QPR,Preston,2026-09-19,home_win_and_under_25,59.0,PRO_MEDIUM,
QPR,Preston,2026-09-19,home_win_and_over_15,57.2,PRO_MEDIUM,
QPR,Preston,2026-09-19,corners_over_85,55.7,PRO_MEDIUM,
QPR,Preston,2026-09-19,goals_over_25,55.4,PRO_MEDIUM,1.8
QPR,Preston,2026-09-19,yellows_over_35,55.0,PRO_MEDIUM,
Rio Ave,Estrela,2026-09-14,home_goals_under_25,92.1,PRO_STRONG,
Rio Ave,Estrela,2026-09-14,away_goals_under_25,91.5,PRO_STRONG,
Rio Ave,Estrela,2026-09-14,both_teams_carded,88.9,PRO_STRONG,
Rio Ave,Estrela,2026-09-14,home_win_and_corners_under95,85.1,PRO_STRONG,
Rio Ave,Estrela,2026-09-14,home_win_and_under_25,85.1,PRO_STRONG,
Rio Ave,Estrela,2026-09-14,away_win_and_under_25,82.5,PRO_STRONG,
Rio Ave,Estrela,2026-09-14,dc_1x_and_under_25,80.3,PRO_STRONG,
Rio Ave,Estrela,2026-09-14,home_win_and_under_15,79.6,PRO_STRONG,
Rio Ave,Estrela,2026-09-14,away_win_and_cards_under35,78.7,PRO_STRONG,
Rio Ave,Estrela,2026-09-14,dc_x2_and_under_25,78.0,PRO_STRONG,
Rio Ave,Estrela,2026-09-14,booking_pts_over_35,77.9,PRO_STRONG,
Rio Ave,Estrela,2026-09-14,sot_under_95,75.6,PRO_STRONG,
Rio Ave,Estrela,2026-09-14,away_win_and_under_15,74.2,PRO_MEDIUM,
Rio Ave,Estrela,2026-09-14,away_goals_over_05,71.4,PRO_MEDIUM,
Rio Ave,Estrela,2026-09-14,corners_under_115,71.3,PRO_MEDIUM,
Rio Ave,Estrela,2026-09-14,home_goals_under_15,71.2,PRO_MEDIUM,
Rio Ave,Estrela,2026-09-14,away_goals_under_15,70.7,PRO_MEDIUM,
Rio Ave,Estrela,2026-09-14,dc_x2,69.6,PRO_MEDIUM,1.44
Rio Ave,Estrela,2026-09-14,sot_over_65,68.7,PRO_MEDIUM,
Rio Ave,Estrela,2026-09-14,home_goals_over_05,67.4,PRO_MEDIUM,
Rio Ave,Estrela,2026-09-14,dc_1x,66.4,PRO_MEDIUM,1.44
Rio Ave,Estrela,2026-09-14,corners_over_75,66.3,PRO_MEDIUM,
Rio Ave,Estrela,2026-09-14,dc_12_and_under_25,66.0,PRO_MEDIUM,
Rio Ave,Estrela,2026-09-14,dc_12,63.9,PRO_MEDIUM,1.36
Rio Ave,Estrela,2026-09-14,sot_under_85,62.5,PRO_MEDIUM,
Rio Ave,Estrela,2026-09-14,goals_under_25,61.7,PRO_MEDIUM,1.7
Rio Ave,Estrela,2026-09-14,corners_over_85,56.7,PRO_MEDIUM,
Rio Ave,Estrela,2026-09-14,dc_1x_and_under_15,56.1,PRO_MEDIUM,
Rio Ave,Estrela,2026-09-14,corners_under_95,55.0,PRO_MEDIUM,
Roma,Inter,2026-09-19,both_teams_carded,89.2,PRO_STRONG,
Roma,Inter,2026-09-19,home_goals_under_25,86.4,PRO_STRONG,
Roma,Inter,2026-09-19,home_win_and_corners_under95,85.1,PRO_STRONG,
Roma,Inter,2026-09-19,away_goals_under_25,82.4,PRO_STRONG,
Roma,Inter,2026-09-19,home_goals_over_05,80.7,PRO_STRONG,
Roma,Inter,2026-09-19,away_win_and_cards_under35,79.5,PRO_STRONG,
Roma,Inter,2026-09-19,home_win_and_under_25,79.4,PRO_STRONG,
Roma,Inter,2026-09-19,booking_pts_over_35,78.5,PRO_STRONG,
Roma,Inter,2026-09-19,away_goals_over_05,76.8,PRO_STRONG,
Roma,Inter,2026-09-19,home_win_and_under_15,73.8,PRO_MEDIUM,
Roma,Inter,2026-09-19,dc_1x_and_under_25,73.4,PRO_MEDIUM,
Roma,Inter,2026-09-19,away_win_and_under_25,72.3,PRO_MEDIUM,
Roma,Inter,2026-09-19,dc_12,71.4,PRO_MEDIUM,1.28
Roma,Inter,2026-09-19,away_win_and_under_15,71.0,PRO_MEDIUM,
Roma,Inter,2026-09-19,corners_under_115,69.7,PRO_MEDIUM,
Roma,Inter,2026-09-19,sot_over_65,69.6,PRO_MEDIUM,
Roma,Inter,2026-09-19,dc_x2_and_under_25,69.5,PRO_MEDIUM,
Roma,Inter,2026-09-19,corners_over_75,68.7,PRO_MEDIUM,
Roma,Inter,2026-09-19,dc_x2,66.9,PRO_MEDIUM,1.5
Roma,Inter,2026-09-19,sot_over_75,62.8,PRO_MEDIUM,
Roma,Inter,2026-09-19,sot_under_95,62.5,PRO_MEDIUM,
Roma,Inter,2026-09-19,away_goals_under_15,62.2,PRO_MEDIUM,
Roma,Inter,2026-09-19,dc_1x,61.7,PRO_MEDIUM,1.5
Roma,Inter,2026-09-19,corners_over_85,59.9,PRO_MEDIUM,
Roma,Inter,2026-09-19,home_goals_under_15,59.4,PRO_MEDIUM,
Roma,Inter,2026-09-19,away_win_either_half,58.2,PRO_MEDIUM,
Roma,Inter,2026-09-19,btts,57.9,PRO_MEDIUM,1.57
Roma,Inter,2026-09-19,goals_over_25,57.3,PRO_MEDIUM,1.73
Roma,Inter,2026-09-19,yellows_over_45,55.3,PRO_MEDIUM,
Santa Clara,Sp Braga,2026-09-20,home_goals_under_25,93.6,PRO_STRONG,
Santa Clara,Sp Braga,2026-09-20,home_win_and_under_25,91.2,PRO_STRONG,
Santa Clara,Sp Braga,2026-09-20,home_win_and_corners_under95,88.9,PRO_STRONG,
Santa Clara,Sp Braga,2026-09-20,home_win_and_under_15,88.6,PRO_STRONG,
Santa Clara,Sp Braga,2026-09-20,home_win_and_cards_under35,85.7,PRO_MEDIUM,
Santa Clara,Sp Braga,2026-09-20,dc_1x_and_under_25,84.7,PRO_STRONG,
Santa Clara,Sp Braga,2026-09-20,away_goals_under_25,82.1,PRO_STRONG,
Santa Clara,Sp Braga,2026-09-20,dc_x2,78.8,PRO_STRONG,1.3
Santa Clara,Sp Braga,2026-09-20,home_goals_under_15,78.4,PRO_STRONG,
Santa Clara,Sp Braga,2026-09-20,sot_under_95,75.6,PRO_STRONG,
Santa Clara,Sp Braga,2026-09-20,dc_12,75.4,PRO_STRONG,1.36
Santa Clara,Sp Braga,2026-09-20,away_win_and_under_25,72.3,PRO_MEDIUM,
Santa Clara,Sp Braga,2026-09-20,dc_x2_and_under_25,71.7,PRO_MEDIUM,
Santa Clara,Sp Braga,2026-09-20,corners_under_115,71.3,PRO_MEDIUM,
Santa Clara,Sp Braga,2026-09-20,sot_over_65,69.1,PRO_MEDIUM,
Santa Clara,Sp Braga,2026-09-20,dc_1x_and_under_15,67.3,PRO_MEDIUM,
Santa Clara,Sp Braga,2026-09-20,away_win_and_cards_under35,67.0,PRO_MEDIUM,
Santa Clara,Sp Braga,2026-09-20,corners_over_75,65.8,PRO_MEDIUM,
Santa Clara,Sp Braga,2026-09-20,dc_12_and_under_25,63.7,PRO_MEDIUM,
Santa Clara,Sp Braga,2026-09-20,away_win_and_under_15,63.5,PRO_MEDIUM,
Santa Clara,Sp Braga,2026-09-20,away_goals_under_15,63.1,PRO_MEDIUM,
Santa Clara,Sp Braga,2026-09-20,sot_under_85,62.5,PRO_MEDIUM,
Santa Clara,Sp Braga,2026-09-20,away_win_either_half,60.9,PRO_MEDIUM,
Santa Clara,Sp Braga,2026-09-20,home_goals_over_05,60.6,PRO_MEDIUM,
Santa Clara,Sp Braga,2026-09-20,goals_under_25,57.5,PRO_MEDIUM,
Santa Clara,Sp Braga,2026-09-20,corners_over_85,55.7,PRO_MEDIUM,
Santa Clara,Sp Braga,2026-09-20,corners_under_95,55.0,PRO_MEDIUM,
Sevilla,Barcelona,2026-09-19,home_goals_under_25,93.4,PRO_STRONG,
Sevilla,Barcelona,2026-09-19,home_win_and_under_25,92.5,PRO_STRONG,
Sevilla,Barcelona,2026-09-19,home_win_and_corners_under95,91.8,PRO_STRONG,
Sevilla,Barcelona,2026-09-19,home_win_and_under_15,91.6,PRO_STRONG,
Sevilla,Barcelona,2026-09-19,home_win_and_cards_under35,90.1,PRO_MEDIUM,
Sevilla,Barcelona,2026-09-19,dc_1x_and_under_25,88.9,PRO_STRONG,
Sevilla,Barcelona,2026-09-19,away_goals_over_05,88.2,PRO_STRONG,
Sevilla,Barcelona,2026-09-19,dc_x2,87.1,PRO_STRONG,1.05
Sevilla,Barcelona,2026-09-19,both_teams_carded,86.1,PRO_STRONG,
Sevilla,Barcelona,2026-09-19,yellows_over_25,84.7,PRO_STRONG,
Sevilla,Barcelona,2026-09-19,dc_12,84.2,PRO_STRONG,1.14
Sevilla,Barcelona,2026-09-19,home_goals_under_15,82.5,PRO_STRONG,
Sevilla,Barcelona,2026-09-19,dc_1x_and_under_15,78.5,PRO_STRONG,
Sevilla,Barcelona,2026-09-19,away_win_either_half,78.1,PRO_STRONG,
Sevilla,Barcelona,2026-09-19,corners_under_115,74.0,PRO_MEDIUM,
Sevilla,Barcelona,2026-09-19,dc_x2_and_over_15,71.5,PRO_MEDIUM,
Sevilla,Barcelona,2026-09-19,away_win,71.3,PRO_MEDIUM,1.25
Sevilla,Barcelona,2026-09-19,sot_over_65,70.3,PRO_MEDIUM,
Sevilla,Barcelona,2026-09-19,away_goals_under_25,67.1,PRO_MEDIUM,
Sevilla,Barcelona,2026-09-19,corners_over_75,66.2,PRO_MEDIUM,
Sevilla,Barcelona,2026-09-19,sot_under_95,66.0,PRO_MEDIUM,
Sevilla,Barcelona,2026-09-19,goals_over_25,64.7,PRO_MEDIUM,1.36
Sevilla,Barcelona,2026-09-19,away_win_and_cards_under35,64.3,PRO_MEDIUM,
Sevilla,Barcelona,2026-09-19,away_goals_over_15,62.9,PRO_MEDIUM,
Sevilla,Barcelona,2026-09-19,dc_12_and_over_25,60.0,PRO_MEDIUM,
Sevilla,Barcelona,2026-09-19,away_win_and_over_15,58.5,PRO_MEDIUM,
Sevilla,Barcelona,2026-09-19,sot_over_75,57.5,PRO_MEDIUM,
Sevilla,Barcelona,2026-09-19,sot_under_85,55.6,PRO_MEDIUM,
Sevilla,Barcelona,2026-09-19,corners_over_85,55.5,PRO_MEDIUM,
Sevilla,Barcelona,2026-09-19,home_goals_over_05,55.1,PRO_MEDIUM,
Sp Braga,Estoril,2026-09-14,away_goals_under_25,96.9,PRO_STRONG,
Sp Braga,Estoril,2026-09-14,away_win_and_cards_under35,95.7,PRO_STRONG,
Sp Braga,Estoril,2026-09-14,away_win_and_under_25,94.9,PRO_STRONG,
Sp Braga,Estoril,2026-09-14,away_win_and_under_15,94.4,PRO_STRONG,
Sp Braga,Estoril,2026-09-14,dc_1x,92.0,PRO_STRONG,1.08
Sp Braga,Estoril,2026-09-14,home_goals_over_05,91.6,PRO_STRONG,
Sp Braga,Estoril,2026-09-14,dc_x2_and_under_25,88.7,PRO_STRONG,
Sp Braga,Estoril,2026-09-14,home_win_either_half,85.1,PRO_STRONG,
Sp Braga,Estoril,2026-09-14,dc_12,83.3,PRO_STRONG,1.18
Sp Braga,Estoril,2026-09-14,away_goals_under_15,83.2,PRO_STRONG,
Sp Braga,Estoril,2026-09-14,dc_x2_and_under_15,82.0,PRO_STRONG,
Sp Braga,Estoril,2026-09-14,dc_1x_and_over_15,76.3,PRO_STRONG,
Sp Braga,Estoril,2026-09-14,home_win_and_corners_under95,76.2,PRO_STRONG,
Sp Braga,Estoril,2026-09-14,home_win,75.3,PRO_STRONG,1.36
Sp Braga,Estoril,2026-09-14,corners_under_115,71.3,PRO_MEDIUM,
Sp Braga,Estoril,2026-09-14,home_goals_over_15,69.4,PRO_MEDIUM,
Sp Braga,Estoril,2026-09-14,sot_over_65,69.1,PRO_MEDIUM,
Sp Braga,Estoril,2026-09-14,sot_under_95,68.6,PRO_MEDIUM,
Sp Braga,Estoril,2026-09-14,corners_over_75,65.8,PRO_MEDIUM,
Sp Braga,Estoril,2026-09-14,home_goals_under_25,64.7,PRO_MEDIUM,
Sp Braga,Estoril,2026-09-14,sot_under_85,62.5,PRO_MEDIUM,
Sp Braga,Estoril,2026-09-14,home_win_and_over_15,62.0,PRO_MEDIUM,
Sp Braga,Estoril,2026-09-14,home_win_2h,59.3,PRO_MEDIUM,
Sp Braga,Estoril,2026-09-14,home_win_1h,56.7,PRO_MEDIUM,
Sp Braga,Estoril,2026-09-14,home_win_and_under_25,55.8,PRO_MEDIUM,
Sp Braga,Estoril,2026-09-14,corners_over_85,55.7,PRO_MEDIUM,
Sp Braga,Estoril,2026-09-14,goals_over_25,55.5,PRO_MEDIUM,1.67
Sp Braga,Estoril,2026-09-14,corners_under_95,55.0,PRO_MEDIUM,
Sparta Rotterdam,Heerenveen,2026-09-19,home_goals_under_25,86.8,PRO_STRONG,
Sparta Rotterdam,Heerenveen,2026-09-19,home_win_and_corners_under95,86.6,PRO_STRONG,
Sparta Rotterdam,Heerenveen,2026-09-19,away_win_and_cards_under35,83.4,PRO_STRONG,
Sparta Rotterdam,Heerenveen,2026-09-19,home_win_and_cards_under35,82.4,PRO_MEDIUM,
Sparta Rotterdam,Heerenveen,2026-09-19,home_win_and_under_25,79.8,PRO_STRONG,
Sparta Rotterdam,Heerenveen,2026-09-19,away_goals_over_05,79.3,PRO_STRONG,
Sparta Rotterdam,Heerenveen,2026-09-19,away_goals_under_25,77.9,PRO_STRONG,
Sparta Rotterdam,Heerenveen,2026-09-19,corners_under_115,75.8,PRO_STRONG,
Sparta Rotterdam,Heerenveen,2026-09-19,home_win_and_under_15,74.5,PRO_MEDIUM,
Sparta Rotterdam,Heerenveen,2026-09-19,away_win_and_under_25,74.5,PRO_MEDIUM,
Sparta Rotterdam,Heerenveen,2026-09-19,home_goals_over_05,73.8,PRO_MEDIUM,
Sparta Rotterdam,Heerenveen,2026-09-19,dc_12,72.1,PRO_MEDIUM,1.28
Sparta Rotterdam,Heerenveen,2026-09-19,dc_1x_and_under_25,71.4,PRO_MEDIUM,
Sparta Rotterdam,Heerenveen,2026-09-19,both_teams_carded,71.2,PRO_MEDIUM,
Sparta Rotterdam,Heerenveen,2026-09-19,dc_x2,70.9,PRO_MEDIUM,1.53
Sparta Rotterdam,Heerenveen,2026-09-19,away_win_and_under_15,69.9,PRO_MEDIUM,
Sparta Rotterdam,Heerenveen,2026-09-19,sot_over_65,69.6,PRO_MEDIUM,
Sparta Rotterdam,Heerenveen,2026-09-19,corners_over_75,68.3,PRO_MEDIUM,
Sparta Rotterdam,Heerenveen,2026-09-19,dc_x2_and_under_25,67.9,PRO_MEDIUM,
Sparta Rotterdam,Heerenveen,2026-09-19,yellows_over_25,66.9,PRO_MEDIUM,
Sparta Rotterdam,Heerenveen,2026-09-19,sot_under_95,64.5,PRO_MEDIUM,
Sparta Rotterdam,Heerenveen,2026-09-19,away_goals_under_15,59.9,PRO_MEDIUM,
Sparta Rotterdam,Heerenveen,2026-09-19,sot_under_85,59.9,PRO_MEDIUM,
Sparta Rotterdam,Heerenveen,2026-09-19,home_goals_under_15,58.5,PRO_MEDIUM,
Sparta Rotterdam,Heerenveen,2026-09-19,btts,58.2,PRO_MEDIUM,1.44
Sparta Rotterdam,Heerenveen,2026-09-19,corners_over_85,57.6,PRO_MEDIUM,
Sparta Rotterdam,Heerenveen,2026-09-19,dc_1x,57.1,PRO_MEDIUM,1.44
Sparta Rotterdam,Heerenveen,2026-09-19,away_win_either_half,56.2,PRO_MEDIUM,
Sporting CP,Arouca,2026-09-19,away_goals_under_25,96.4,PRO_STRONG,
Sporting CP,Arouca,2026-09-19,away_win_and_under_25,96.1,PRO_STRONG,
Sporting CP,Arouca,2026-09-19,away_win_and_cards_under35,95.7,PRO_STRONG,
Sporting CP,Arouca,2026-09-19,away_win_and_under_15,95.4,PRO_STRONG,
Sporting CP,Arouca,2026-09-19,home_goals_over_05,94.0,PRO_STRONG,
Sporting CP,Arouca,2026-09-19,dc_1x,93.3,PRO_STRONG,1.01
Sporting CP,Arouca,2026-09-19,dc_x2_and_under_25,92.3,PRO_STRONG,
Sporting CP,Arouca,2026-09-19,dc_x2_and_under_15,89.2,PRO_STRONG,
Sporting CP,Arouca,2026-09-19,dc_12,88.9,PRO_STRONG,1.08
Sporting CP,Arouca,2026-09-19,both_teams_carded,87.7,PRO_STRONG,
Sporting CP,Arouca,2026-09-19,home_win_either_half,87.0,PRO_STRONG,
Sporting CP,Arouca,2026-09-19,away_goals_under_15,84.1,PRO_STRONG,
Sporting CP,Arouca,2026-09-19,home_win,82.2,PRO_STRONG,1.17
Sporting CP,Arouca,2026-09-19,dc_1x_and_over_15,81.5,PRO_STRONG,
Sporting CP,Arouca,2026-09-19,home_goals_over_15,75.6,PRO_STRONG,
Sporting CP,Arouca,2026-09-19,booking_pts_over_35,74.1,PRO_MEDIUM,
Sporting CP,Arouca,2026-09-19,home_win_and_corners_under95,74.1,PRO_MEDIUM,
Sporting CP,Arouca,2026-09-19,home_win_and_over_15,73.7,PRO_MEDIUM,
Sporting CP,Arouca,2026-09-19,corners_under_115,71.3,PRO_MEDIUM,
Sporting CP,Arouca,2026-09-19,sot_over_65,69.5,PRO_MEDIUM,
Sporting CP,Arouca,2026-09-19,sot_under_95,68.6,PRO_MEDIUM,
Sporting CP,Arouca,2026-09-19,goals_over_25,67.1,PRO_MEDIUM,1.35
Sporting CP,Arouca,2026-09-19,corners_over_75,66.3,PRO_MEDIUM,
Sporting CP,Arouca,2026-09-19,home_win_2h,66.0,PRO_MEDIUM,
Sporting CP,Arouca,2026-09-19,home_win_1h,65.0,PRO_MEDIUM,
Sporting CP,Arouca,2026-09-19,dc_1x_and_over_25,63.1,PRO_MEDIUM,
Sporting CP,Arouca,2026-09-19,dc_12_and_over_25,62.8,PRO_MEDIUM,
Sporting CP,Arouca,2026-09-19,sot_under_85,62.5,PRO_MEDIUM,
Sporting CP,Arouca,2026-09-19,home_win_and_over_25,60.8,PRO_MEDIUM,
Sporting CP,Arouca,2026-09-19,corners_over_85,56.7,PRO_MEDIUM,
Sporting CP,Arouca,2026-09-19,corners_under_95,55.0,PRO_MEDIUM,
St Johnstone,Falkirk,2026-09-19,away_goals_under_25,89.3,PRO_STRONG,
St Johnstone,Falkirk,2026-09-19,home_goals_under_25,88.3,PRO_STRONG,
St Johnstone,Falkirk,2026-09-19,away_win_and_under_25,83.2,PRO_STRONG,
St Johnstone,Falkirk,2026-09-19,away_win_and_cards_under35,81.5,PRO_STRONG,
St Johnstone,Falkirk,2026-09-19,home_win_and_corners_under95,81.3,PRO_STRONG,
St Johnstone,Falkirk,2026-09-19,away_win_and_under_15,78.2,PRO_STRONG,
St Johnstone,Falkirk,2026-09-19,home_win_and_under_25,77.9,PRO_STRONG,
St Johnstone,Falkirk,2026-09-19,home_goals_over_05,76.9,PRO_STRONG,
St Johnstone,Falkirk,2026-09-19,dc_x2_and_under_25,76.7,PRO_STRONG,
St Johnstone,Falkirk,2026-09-19,both_teams_carded,73.3,PRO_MEDIUM,
St Johnstone,Falkirk,2026-09-19,dc_12,72.6,PRO_MEDIUM,1.28
St Johnstone,Falkirk,2026-09-19,corners_under_115,71.5,PRO_MEDIUM,
St Johnstone,Falkirk,2026-09-19,sot_under_95,71.0,PRO_MEDIUM,
St Johnstone,Falkirk,2026-09-19,sot_over_65,71.0,PRO_MEDIUM,
St Johnstone,Falkirk,2026-09-19,corners_over_75,70.9,PRO_MEDIUM,
St Johnstone,Falkirk,2026-09-19,yellows_over_25,70.6,PRO_MEDIUM,
St Johnstone,Falkirk,2026-09-19,home_win_and_under_15,70.2,PRO_MEDIUM,
St Johnstone,Falkirk,2026-09-19,dc_1x_and_under_25,69.5,PRO_MEDIUM,
St Johnstone,Falkirk,2026-09-19,away_goals_under_15,68.2,PRO_MEDIUM,
St Johnstone,Falkirk,2026-09-19,sot_under_85,62.8,PRO_MEDIUM,
St Johnstone,Falkirk,2026-09-19,dc_12_and_under_25,62.5,PRO_MEDIUM,
St Johnstone,Falkirk,2026-09-19,corners_over_85,60.9,PRO_MEDIUM,
St Johnstone,Falkirk,2026-09-19,home_goals_under_15,60.6,PRO_MEDIUM,
St Johnstone,Falkirk,2026-09-19,home_win_either_half,60.3,PRO_MEDIUM,
St Johnstone,Falkirk,2026-09-19,dc_x2_and_under_15,60.0,PRO_MEDIUM,
St Johnstone,Falkirk,2026-09-19,booking_pts_over_35,58.4,PRO_MEDIUM,
St Johnstone,Falkirk,2026-09-19,dc_x2,56.6,PRO_MEDIUM,1.67
St Mirren,Dundee United,2026-09-19,away_goals_under_25,89.8,PRO_STRONG,
St Mirren,Dundee United,2026-09-19,home_goals_under_25,88.6,PRO_STRONG,
St Mirren,Dundee United,2026-09-19,away_win_and_cards_under35,83.3,PRO_STRONG,
St Mirren,Dundee United,2026-09-19,away_win_and_under_25,81.5,PRO_STRONG,
St Mirren,Dundee United,2026-09-19,home_win_and_under_25,79.7,PRO_STRONG,
St Mirren,Dundee United,2026-09-19,home_win_and_corners_under95,78.6,PRO_STRONG,
St Mirren,Dundee United,2026-09-19,home_goals_over_05,77.7,PRO_STRONG,
St Mirren,Dundee United,2026-09-19,away_win_and_under_15,77.4,PRO_STRONG,
St Mirren,Dundee United,2026-09-19,dc_x2_and_under_25,76.8,PRO_STRONG,
St Mirren,Dundee United,2026-09-19,corners_over_75,76.6,PRO_STRONG,
St Mirren,Dundee United,2026-09-19,sot_over_65,75.8,PRO_STRONG,
St Mirren,Dundee United,2026-09-19,both_teams_carded,75.5,PRO_STRONG,
St Mirren,Dundee United,2026-09-19,home_win_and_under_15,73.3,PRO_MEDIUM,
St Mirren,Dundee United,2026-09-19,dc_12,71.3,PRO_MEDIUM,1.28
St Mirren,Dundee United,2026-09-19,away_goals_over_05,71.2,PRO_MEDIUM,
St Mirren,Dundee United,2026-09-19,corners_under_115,70.9,PRO_MEDIUM,
St Mirren,Dundee United,2026-09-19,sot_under_95,70.9,PRO_MEDIUM,
St Mirren,Dundee United,2026-09-19,dc_1x_and_under_25,70.6,PRO_MEDIUM,
St Mirren,Dundee United,2026-09-19,yellows_over_25,70.6,PRO_MEDIUM,
St Mirren,Dundee United,2026-09-19,dc_1x,69.1,PRO_MEDIUM,1.4
St Mirren,Dundee United,2026-09-19,away_goals_under_15,68.9,PRO_MEDIUM,
St Mirren,Dundee United,2026-09-19,corners_over_85,66.2,PRO_MEDIUM,
St Mirren,Dundee United,2026-09-19,home_goals_under_15,60.8,PRO_MEDIUM,
St Mirren,Dundee United,2026-09-19,dc_12_and_under_25,60.4,PRO_MEDIUM,
St Mirren,Dundee United,2026-09-19,dc_x2,59.6,PRO_MEDIUM,1.62
St Mirren,Dundee United,2026-09-19,sot_over_75,59.2,PRO_MEDIUM,
St Mirren,Dundee United,2026-09-19,home_win_either_half,59.0,PRO_MEDIUM,
St Mirren,Dundee United,2026-09-19,sot_under_85,58.8,PRO_MEDIUM,
St Mirren,Dundee United,2026-09-19,booking_pts_over_35,57.7,PRO_MEDIUM,
St Mirren,Dundee United,2026-09-19,goals_under_25,56.2,PRO_MEDIUM,2.1
St Truiden,Westerlo,2026-09-20,away_goals_under_25,91.6,PRO_STRONG,
St Truiden,Westerlo,2026-09-20,away_win_and_under_25,91.3,PRO_STRONG,
St Truiden,Westerlo,2026-09-20,away_win_and_cards_under35,91.0,PRO_STRONG,
St Truiden,Westerlo,2026-09-20,away_win_and_under_15,87.5,PRO_STRONG,
St Truiden,Westerlo,2026-09-20,home_goals_over_05,87.0,PRO_STRONG,
St Truiden,Westerlo,2026-09-20,dc_x2_and_under_25,84.3,PRO_STRONG,
St Truiden,Westerlo,2026-09-20,dc_1x,81.0,PRO_STRONG,1.18
St Truiden,Westerlo,2026-09-20,dc_12,78.1,PRO_STRONG,1.22
St Truiden,Westerlo,2026-09-20,home_win_and_corners_under95,76.4,PRO_STRONG,
St Truiden,Westerlo,2026-09-20,corners_under_115,75.8,PRO_STRONG,
St Truiden,Westerlo,2026-09-20,away_goals_under_15,72.3,PRO_MEDIUM,
St Truiden,Westerlo,2026-09-20,both_teams_carded,71.2,PRO_MEDIUM,
St Truiden,Westerlo,2026-09-20,sot_over_65,70.3,PRO_MEDIUM,
St Truiden,Westerlo,2026-09-20,home_goals_under_25,70.2,PRO_MEDIUM,
St Truiden,Westerlo,2026-09-20,home_win_either_half,69.6,PRO_MEDIUM,
St Truiden,Westerlo,2026-09-20,dc_x2_and_under_15,69.1,PRO_MEDIUM,
St Truiden,Westerlo,2026-09-20,corners_over_75,68.3,PRO_MEDIUM,
St Truiden,Westerlo,2026-09-20,yellows_over_25,66.9,PRO_MEDIUM,
St Truiden,Westerlo,2026-09-20,dc_1x_and_over_15,66.8,PRO_MEDIUM,
St Truiden,Westerlo,2026-09-20,sot_under_95,61.9,PRO_MEDIUM,
St Truiden,Westerlo,2026-09-20,goals_over_25,60.8,PRO_MEDIUM,
St Truiden,Westerlo,2026-09-20,sot_under_85,59.9,PRO_MEDIUM,
St Truiden,Westerlo,2026-09-20,home_win,59.1,PRO_MEDIUM,1.65
St Truiden,Westerlo,2026-09-20,home_goals_over_15,58.1,PRO_MEDIUM,
St Truiden,Westerlo,2026-09-20,corners_over_85,58.1,PRO_MEDIUM,
St Truiden,Westerlo,2026-09-20,home_win_and_under_25,56.3,PRO_MEDIUM,
St Truiden,Westerlo,2026-09-20,btts,56.2,PRO_MEDIUM,1.44
Stoke,Sheffield United,2026-09-19,home_goals_under_25,90.0,PRO_STRONG,
Stoke,Sheffield United,2026-09-19,away_goals_under_25,87.2,PRO_STRONG,
Stoke,Sheffield United,2026-09-19,home_win_and_corners_under95,85.1,PRO_STRONG,
Stoke,Sheffield United,2026-09-19,away_win_and_cards_under35,83.0,PRO_STRONG,
Stoke,Sheffield United,2026-09-19,home_win_and_under_25,82.6,PRO_STRONG,
Stoke,Sheffield United,2026-09-19,away_win_and_under_25,78.9,PRO_STRONG,
Stoke,Sheffield United,2026-09-19,home_win_and_under_15,75.8,PRO_STRONG,
Stoke,Sheffield United,2026-09-19,corners_over_75,75.7,PRO_STRONG,
Stoke,Sheffield United,2026-09-19,both_teams_carded,75.5,PRO_STRONG,
Stoke,Sheffield United,2026-09-19,sot_under_95,74.6,PRO_MEDIUM,
Stoke,Sheffield United,2026-09-19,away_win_and_under_15,74.2,PRO_MEDIUM,
Stoke,Sheffield United,2026-09-19,dc_x2_and_under_25,73.7,PRO_MEDIUM,
Stoke,Sheffield United,2026-09-19,home_goals_over_05,73.4,PRO_MEDIUM,
Stoke,Sheffield United,2026-09-19,away_goals_over_05,73.3,PRO_MEDIUM,
Stoke,Sheffield United,2026-09-19,dc_1x_and_under_25,72.6,PRO_MEDIUM,
Stoke,Sheffield United,2026-09-19,corners_under_115,70.9,PRO_MEDIUM,
Stoke,Sheffield United,2026-09-19,yellows_over_25,70.6,PRO_MEDIUM,
Stoke,Sheffield United,2026-09-19,dc_12,69.7,PRO_MEDIUM,1.33
Stoke,Sheffield United,2026-09-19,sot_over_65,68.4,PRO_MEDIUM,
Stoke,Sheffield United,2026-09-19,dc_x2,66.8,PRO_MEDIUM,1.53
Stoke,Sheffield United,2026-09-19,away_goals_under_15,65.5,PRO_MEDIUM,
Stoke,Sheffield United,2026-09-19,dc_1x,63.6,PRO_MEDIUM,1.44
Stoke,Sheffield United,2026-09-19,corners_over_85,63.2,PRO_MEDIUM,
Stoke,Sheffield United,2026-09-19,home_goals_under_15,61.9,PRO_MEDIUM,
Stoke,Sheffield United,2026-09-19,sot_under_85,60.0,PRO_MEDIUM,
Stoke,Sheffield United,2026-09-19,dc_12_and_under_25,58.2,PRO_MEDIUM,
Stoke,Sheffield United,2026-09-19,booking_pts_over_35,57.0,PRO_MEDIUM,
Stuttgart,Dortmund,2026-09-19,dc_12,85.2,PRO_STRONG,1.22
Stuttgart,Dortmund,2026-09-19,away_win_and_cards_under35,85.2,PRO_STRONG,
Stuttgart,Dortmund,2026-09-19,home_goals_over_05,81.4,PRO_STRONG,
Stuttgart,Dortmund,2026-09-19,away_goals_over_05,81.0,PRO_STRONG,
Stuttgart,Dortmund,2026-09-19,sot_over_65,80.5,PRO_STRONG,
Stuttgart,Dortmund,2026-09-19,home_win_and_cards_under35,80.3,PRO_MEDIUM,
Stuttgart,Dortmund,2026-09-19,home_goals_under_25,79.7,PRO_STRONG,
Stuttgart,Dortmund,2026-09-19,home_win_and_corners_under95,78.6,PRO_STRONG,
Stuttgart,Dortmund,2026-09-19,away_goals_under_25,77.5,PRO_STRONG,
Stuttgart,Dortmund,2026-09-19,corners_over_75,76.8,PRO_STRONG,
Stuttgart,Dortmund,2026-09-19,corners_under_115,75.1,PRO_STRONG,
Stuttgart,Dortmund,2026-09-19,away_win_and_under_25,74.4,PRO_MEDIUM,
Stuttgart,Dortmund,2026-09-19,home_win_and_under_25,72.9,PRO_MEDIUM,
Stuttgart,Dortmund,2026-09-19,away_win_and_under_15,71.2,PRO_MEDIUM,
Stuttgart,Dortmund,2026-09-19,both_teams_carded,71.0,PRO_MEDIUM,
Stuttgart,Dortmund,2026-09-19,yellows_over_25,66.9,PRO_MEDIUM,
Stuttgart,Dortmund,2026-09-19,dc_1x_and_under_25,65.1,PRO_MEDIUM,
Stuttgart,Dortmund,2026-09-19,corners_over_85,64.7,PRO_MEDIUM,
Stuttgart,Dortmund,2026-09-19,sot_over_75,64.3,PRO_MEDIUM,
Stuttgart,Dortmund,2026-09-19,home_win_and_under_15,64.2,PRO_MEDIUM,
Stuttgart,Dortmund,2026-09-19,goals_over_25,63.9,PRO_MEDIUM,1.4
Stuttgart,Dortmund,2026-09-19,dc_x2_and_under_25,62.6,PRO_MEDIUM,
Stuttgart,Dortmund,2026-09-19,away_goals_under_15,60.8,PRO_MEDIUM,
Stuttgart,Dortmund,2026-09-19,sot_under_95,59.8,PRO_MEDIUM,
Stuttgart,Dortmund,2026-09-19,btts,59.5,PRO_MEDIUM,1.33
Stuttgart,Dortmund,2026-09-19,dc_12_and_over_25,58.6,PRO_MEDIUM,
Stuttgart,Dortmund,2026-09-19,dc_1x,57.9,PRO_MEDIUM,1.44
Stuttgart,Dortmund,2026-09-19,dc_1x_and_over_15,57.8,PRO_MEDIUM,
Stuttgart,Dortmund,2026-09-19,dc_x2,56.9,PRO_MEDIUM,1.62
Torino,Roma,2026-09-14,home_goals_under_25,93.3,PRO_STRONG,
Torino,Roma,2026-09-14,home_win_and_corners_under95,91.8,PRO_STRONG,
Torino,Roma,2026-09-14,home_win_and_under_25,91.3,PRO_STRONG,
Torino,Roma,2026-09-14,home_win_and_under_15,89.3,PRO_STRONG,
Torino,Roma,2026-09-14,home_win_and_cards_under35,87.4,PRO_MEDIUM,
Torino,Roma,2026-09-14,away_goals_over_05,86.9,PRO_STRONG,
Torino,Roma,2026-09-14,dc_x2,85.0,PRO_STRONG,1.14
Torino,Roma,2026-09-14,dc_1x_and_under_25,84.9,PRO_STRONG,
Torino,Roma,2026-09-14,dc_12,80.9,PRO_STRONG,1.2
Torino,Roma,2026-09-14,both_teams_carded,78.0,PRO_STRONG,
Torino,Roma,2026-09-14,home_goals_under_15,76.7,PRO_STRONG,
Torino,Roma,2026-09-14,sot_over_65,75.9,PRO_STRONG,
Torino,Roma,2026-09-14,yellows_over_25,75.3,PRO_STRONG,
Torino,Roma,2026-09-14,away_win_either_half,74.5,PRO_MEDIUM,
Torino,Roma,2026-09-14,dc_1x_and_under_15,71.9,PRO_MEDIUM,
Torino,Roma,2026-09-14,away_win_and_cards_under35,71.8,PRO_MEDIUM,
Torino,Roma,2026-09-14,corners_over_75,71.5,PRO_MEDIUM,
Torino,Roma,2026-09-14,corners_under_115,70.0,PRO_MEDIUM,
Torino,Roma,2026-09-14,dc_x2_and_over_15,69.3,PRO_MEDIUM,
Torino,Roma,2026-09-14,away_goals_under_25,66.5,PRO_MEDIUM,
Torino,Roma,2026-09-14,away_win,65.8,PRO_MEDIUM,1.53
Torino,Roma,2026-09-14,sot_over_75,64.9,PRO_MEDIUM,
Torino,Roma,2026-09-14,corners_over_85,62.7,PRO_MEDIUM,
Torino,Roma,2026-09-14,booking_pts_over_35,60.0,PRO_MEDIUM,
Torino,Roma,2026-09-14,away_goals_over_15,59.6,PRO_MEDIUM,
Torino,Roma,2026-09-14,sot_under_95,59.2,PRO_MEDIUM,
Torino,Roma,2026-09-14,goals_over_25,58.6,PRO_MEDIUM,1.73
Torino,Roma,2026-09-14,yellows_over_35,57.6,PRO_MEDIUM,
Torino,Roma,2026-09-14,cards_range_3_5,57.2,PRO_MEDIUM,
Torino,Roma,2026-09-14,away_win_and_under_25,56.4,PRO_MEDIUM,
Torino,Roma,2026-09-14,home_goals_over_05,55.9,PRO_MEDIUM,
Tottenham,Aston Villa,2026-09-19,away_goals_under_25,88.5,PRO_STRONG,
Tottenham,Aston Villa,2026-09-19,away_win_and_under_25,83.5,PRO_STRONG,
Tottenham,Aston Villa,2026-09-19,away_win_and_cards_under35,83.2,PRO_STRONG,
Tottenham,Aston Villa,2026-09-19,away_win_and_under_15,83.0,PRO_STRONG,
Tottenham,Aston Villa,2026-09-19,home_goals_under_25,82.9,PRO_STRONG,
Tottenham,Aston Villa,2026-09-19,home_win_and_corners_under95,79.9,PRO_STRONG,
Tottenham,Aston Villa,2026-09-19,dc_x2_and_under_25,79.6,PRO_STRONG,
Tottenham,Aston Villa,2026-09-19,home_goals_over_05,77.6,PRO_STRONG,
Tottenham,Aston Villa,2026-09-19,both_teams_carded,77.1,PRO_STRONG,
Tottenham,Aston Villa,2026-09-19,corners_over_75,76.9,PRO_STRONG,
Tottenham,Aston Villa,2026-09-19,sot_over_65,76.1,PRO_STRONG,
Tottenham,Aston Villa,2026-09-19,yellows_over_25,75.8,PRO_STRONG,
Tottenham,Aston Villa,2026-09-19,home_win_and_under_25,73.7,PRO_MEDIUM,
Tottenham,Aston Villa,2026-09-19,corners_under_115,73.0,PRO_MEDIUM,
Tottenham,Aston Villa,2026-09-19,away_goals_under_15,72.4,PRO_MEDIUM,
Tottenham,Aston Villa,2026-09-19,dc_12,70.3,PRO_MEDIUM,1.28
Tottenham,Aston Villa,2026-09-19,corners_over_85,65.9,PRO_MEDIUM,
Tottenham,Aston Villa,2026-09-19,sot_over_75,64.2,PRO_MEDIUM,
Tottenham,Aston Villa,2026-09-19,dc_1x_and_under_25,63.8,PRO_MEDIUM,
Tottenham,Aston Villa,2026-09-19,home_win_and_under_15,63.6,PRO_MEDIUM,
Tottenham,Aston Villa,2026-09-19,dc_x2_and_under_15,63.3,PRO_MEDIUM,
Tottenham,Aston Villa,2026-09-19,sot_under_95,61.5,PRO_MEDIUM,
Tottenham,Aston Villa,2026-09-19,booking_pts_over_35,60.5,PRO_MEDIUM,
Tottenham,Aston Villa,2026-09-19,dc_1x_and_over_15,58.8,PRO_MEDIUM,
Tottenham,Aston Villa,2026-09-19,cards_range_3_5,55.7,PRO_MEDIUM,
Tottenham,Aston Villa,2026-09-19,dc_x2,55.5,PRO_MEDIUM,1.8
Tottenham,Aston Villa,2026-09-19,dc_12_and_under_25,55.3,PRO_MEDIUM,
Tottenham,Aston Villa,2026-09-19,yellows_over_35,55.2,PRO_MEDIUM,
Toulouse,Le Havre,2026-09-19,away_goals_under_25,92.5,PRO_STRONG,
Toulouse,Le Havre,2026-09-19,away_win_and_under_25,91.3,PRO_STRONG,
Toulouse,Le Havre,2026-09-19,away_win_and_under_15,88.0,PRO_STRONG,
Toulouse,Le Havre,2026-09-19,away_win_and_cards_under35,87.1,PRO_STRONG,
Toulouse,Le Havre,2026-09-19,dc_x2_and_under_25,85.2,PRO_STRONG,
Toulouse,Le Havre,2026-09-19,home_goals_under_25,84.1,PRO_STRONG,
Toulouse,Le Havre,2026-09-19,home_goals_over_05,84.0,PRO_STRONG,
Toulouse,Le Havre,2026-09-19,dc_1x,82.4,PRO_STRONG,1.18
Toulouse,Le Havre,2026-09-19,dc_12,77.6,PRO_STRONG,1.28
Toulouse,Le Havre,2026-09-19,away_goals_under_15,77.2,PRO_STRONG,
Toulouse,Le Havre,2026-09-19,home_win_and_corners_under95,76.7,PRO_STRONG,
Toulouse,Le Havre,2026-09-19,both_teams_carded,73.6,PRO_MEDIUM,
Toulouse,Le Havre,2026-09-19,home_win_and_under_25,73.2,PRO_MEDIUM,
Toulouse,Le Havre,2026-09-19,corners_under_115,71.3,PRO_MEDIUM,
Toulouse,Le Havre,2026-09-19,sot_under_95,71.0,PRO_MEDIUM,
Toulouse,Le Havre,2026-09-19,home_win_either_half,70.7,PRO_MEDIUM,
Toulouse,Le Havre,2026-09-19,dc_x2_and_under_15,69.9,PRO_MEDIUM,
Toulouse,Le Havre,2026-09-19,sot_over_65,69.9,PRO_MEDIUM,
Toulouse,Le Havre,2026-09-19,yellows_over_25,68.8,PRO_MEDIUM,
Toulouse,Le Havre,2026-09-19,corners_over_75,68.2,PRO_MEDIUM,
Toulouse,Le Havre,2026-09-19,dc_1x_and_under_25,66.7,PRO_MEDIUM,
Toulouse,Le Havre,2026-09-19,away_goals_over_05,60.9,PRO_MEDIUM,
Toulouse,Le Havre,2026-09-19,home_win,60.0,PRO_MEDIUM,1.8
Toulouse,Le Havre,2026-09-19,sot_under_85,59.9,PRO_MEDIUM,
Toulouse,Le Havre,2026-09-19,corners_over_85,58.9,PRO_MEDIUM,
Toulouse,Le Havre,2026-09-19,dc_12_and_under_25,58.8,PRO_MEDIUM,
Toulouse,Le Havre,2026-09-19,dc_1x_and_over_15,58.3,PRO_MEDIUM,
Toulouse,Le Havre,2026-09-19,cards_range_3_5,55.7,PRO_MEDIUM,
Toulouse,Le Havre,2026-09-19,home_win_and_under_15,55.0,PRO_MEDIUM,
Trabzonspor,Galatasaray,2026-09-19,dc_12,85.1,PRO_STRONG,1.22
Trabzonspor,Galatasaray,2026-09-19,home_win_and_corners_under95,85.1,PRO_STRONG,
Trabzonspor,Galatasaray,2026-09-19,home_goals_under_25,84.8,PRO_STRONG,
Trabzonspor,Galatasaray,2026-09-19,away_goals_over_05,84.8,PRO_STRONG,
Trabzonspor,Galatasaray,2026-09-19,home_win_and_cards_under35,82.1,PRO_MEDIUM,
Trabzonspor,Galatasaray,2026-09-19,home_win_and_under_25,79.2,PRO_STRONG,
Trabzonspor,Galatasaray,2026-09-19,corners_under_115,77.5,PRO_STRONG,
Trabzonspor,Galatasaray,2026-09-19,both_teams_carded,77.2,PRO_STRONG,
Trabzonspor,Galatasaray,2026-09-19,home_goals_over_05,76.6,PRO_STRONG,
Trabzonspor,Galatasaray,2026-09-19,home_win_and_under_15,75.8,PRO_STRONG,
Trabzonspor,Galatasaray,2026-09-19,yellows_over_25,75.8,PRO_STRONG,
Trabzonspor,Galatasaray,2026-09-19,dc_1x_and_under_25,74.1,PRO_MEDIUM,
Trabzonspor,Galatasaray,2026-09-19,away_win_and_cards_under35,74.0,PRO_MEDIUM,
Trabzonspor,Galatasaray,2026-09-19,away_goals_under_25,70.4,PRO_MEDIUM,
Trabzonspor,Galatasaray,2026-09-19,sot_over_65,69.9,PRO_MEDIUM,
Trabzonspor,Galatasaray,2026-09-19,corners_over_75,68.2,PRO_MEDIUM,
Trabzonspor,Galatasaray,2026-09-19,dc_x2,68.1,PRO_MEDIUM,1.4
Trabzonspor,Galatasaray,2026-09-19,away_win_either_half,65.9,PRO_MEDIUM,
Trabzonspor,Galatasaray,2026-09-19,home_goals_under_15,63.4,PRO_MEDIUM,
Trabzonspor,Galatasaray,2026-09-19,corners_under_95,63.3,PRO_MEDIUM,
Trabzonspor,Galatasaray,2026-09-19,sot_under_95,61.9,PRO_MEDIUM,
Trabzonspor,Galatasaray,2026-09-19,booking_pts_over_35,61.6,PRO_MEDIUM,
Trabzonspor,Galatasaray,2026-09-19,away_win_and_under_25,61.4,PRO_MEDIUM,
Trabzonspor,Galatasaray,2026-09-19,dc_1x_and_under_15,61.3,PRO_MEDIUM,
Trabzonspor,Galatasaray,2026-09-19,goals_over_25,61.0,PRO_MEDIUM,
Trabzonspor,Galatasaray,2026-09-19,sot_under_85,59.9,PRO_MEDIUM,
Trabzonspor,Galatasaray,2026-09-19,dc_x2_and_over_15,59.7,PRO_MEDIUM,
Trabzonspor,Galatasaray,2026-09-19,corners_over_85,58.9,PRO_MEDIUM,
Trabzonspor,Galatasaray,2026-09-19,yellows_over_35,57.1,PRO_MEDIUM,
Trabzonspor,Galatasaray,2026-09-19,btts,57.0,PRO_MEDIUM,1.36
Trabzonspor,Galatasaray,2026-09-19,away_goals_over_15,55.8,PRO_MEDIUM,
Trabzonspor,Galatasaray,2026-09-19,away_win_and_under_15,55.3,PRO_MEDIUM,
Trabzonspor,Galatasaray,2026-09-19,dc_x2_and_under_25,55.2,PRO_MEDIUM,
Twente,PSV,2026-09-20,home_win_and_corners_under95,87.4,PRO_STRONG,
Twente,PSV,2026-09-20,away_goals_over_05,86.3,PRO_STRONG,
Twente,PSV,2026-09-20,sot_over_65,83.8,PRO_STRONG,
Twente,PSV,2026-09-20,home_win_and_cards_under35,82.8,PRO_MEDIUM,
Twente,PSV,2026-09-20,dc_12,81.6,PRO_STRONG,1.22
Twente,PSV,2026-09-20,corners_over_75,81.0,PRO_STRONG,
Twente,PSV,2026-09-20,home_goals_under_25,80.4,PRO_STRONG,
Twente,PSV,2026-09-20,home_win_and_under_25,78.4,PRO_STRONG,
Twente,PSV,2026-09-20,away_win_and_cards_under35,76.0,PRO_STRONG,
Twente,PSV,2026-09-20,home_goals_over_05,75.2,PRO_STRONG,
Twente,PSV,2026-09-20,home_win_and_under_15,74.7,PRO_MEDIUM,
Twente,PSV,2026-09-20,dc_x2,73.8,PRO_MEDIUM,1.44
Twente,PSV,2026-09-20,corners_under_115,73.6,PRO_MEDIUM,
Twente,PSV,2026-09-20,away_goals_under_25,72.6,PRO_MEDIUM,
Twente,PSV,2026-09-20,both_teams_carded,69.4,PRO_MEDIUM,
Twente,PSV,2026-09-20,dc_1x_and_under_25,69.3,PRO_MEDIUM,
Twente,PSV,2026-09-20,corners_over_85,67.7,PRO_MEDIUM,
Twente,PSV,2026-09-20,yellows_over_25,66.9,PRO_MEDIUM,
Twente,PSV,2026-09-20,sot_over_75,65.9,PRO_MEDIUM,
Twente,PSV,2026-09-20,away_win_either_half,65.2,PRO_MEDIUM,
Twente,PSV,2026-09-20,goals_over_25,64.5,PRO_MEDIUM,1.28
Twente,PSV,2026-09-20,away_win_and_under_25,61.4,PRO_MEDIUM,
Twente,PSV,2026-09-20,sot_under_95,61.3,PRO_MEDIUM,
Twente,PSV,2026-09-20,dc_12_and_over_25,60.7,PRO_MEDIUM,
Twente,PSV,2026-09-20,dc_x2_and_over_15,58.2,PRO_MEDIUM,
Twente,PSV,2026-09-20,btts,58.1,PRO_MEDIUM,1.3
Twente,PSV,2026-09-20,away_goals_over_15,56.4,PRO_MEDIUM,
Twente,PSV,2026-09-20,home_goals_under_15,56.1,PRO_MEDIUM,
Twente,PSV,2026-09-20,cards_range_3_5,56.1,PRO_MEDIUM,
Twente,PSV,2026-09-20,away_win,55.4,PRO_MEDIUM,2.15
Twente,PSV,2026-09-20,yellows_under_35,55.2,PRO_MEDIUM,
Udinese,Cagliari,2026-09-19,away_goals_under_25,92.3,PRO_STRONG,
Udinese,Cagliari,2026-09-19,away_win_and_under_25,88.9,PRO_STRONG,
Udinese,Cagliari,2026-09-19,home_goals_under_25,88.4,PRO_STRONG,
Udinese,Cagliari,2026-09-19,away_win_and_under_15,85.6,PRO_STRONG,
Udinese,Cagliari,2026-09-19,away_win_and_cards_under35,84.5,PRO_STRONG,
Udinese,Cagliari,2026-09-19,dc_x2_and_under_25,83.9,PRO_STRONG,
Udinese,Cagliari,2026-09-19,home_win_and_corners_under95,81.3,PRO_STRONG,
Udinese,Cagliari,2026-09-19,home_win_and_under_25,79.5,PRO_STRONG,
Udinese,Cagliari,2026-09-19,dc_1x,78.4,PRO_STRONG,1.22
Udinese,Cagliari,2026-09-19,both_teams_carded,78.0,PRO_STRONG,
Udinese,Cagliari,2026-09-19,away_goals_under_15,75.8,PRO_STRONG,
Udinese,Cagliari,2026-09-19,yellows_over_25,75.3,PRO_STRONG,
Udinese,Cagliari,2026-09-19,dc_1x_and_under_25,75.1,PRO_STRONG,
Udinese,Cagliari,2026-09-19,home_goals_over_05,73.2,PRO_MEDIUM,
Udinese,Cagliari,2026-09-19,corners_over_75,70.5,PRO_MEDIUM,
Udinese,Cagliari,2026-09-19,corners_under_115,69.7,PRO_MEDIUM,
Udinese,Cagliari,2026-09-19,sot_over_65,69.6,PRO_MEDIUM,
Udinese,Cagliari,2026-09-19,home_win_and_under_15,68.1,PRO_MEDIUM,
Udinese,Cagliari,2026-09-19,sot_under_95,67.9,PRO_MEDIUM,
Udinese,Cagliari,2026-09-19,dc_12,66.6,PRO_MEDIUM,1.36
Udinese,Cagliari,2026-09-19,dc_12_and_under_25,65.8,PRO_MEDIUM,
Udinese,Cagliari,2026-09-19,home_goals_under_15,64.2,PRO_MEDIUM,
Udinese,Cagliari,2026-09-19,dc_x2_and_under_15,63.5,PRO_MEDIUM,
Udinese,Cagliari,2026-09-19,away_goals_over_05,62.8,PRO_MEDIUM,
Udinese,Cagliari,2026-09-19,sot_over_75,62.8,PRO_MEDIUM,
Udinese,Cagliari,2026-09-19,goals_under_25,62.1,PRO_MEDIUM,1.62
Udinese,Cagliari,2026-09-19,booking_pts_over_35,61.9,PRO_MEDIUM,
Udinese,Cagliari,2026-09-19,corners_over_85,61.7,PRO_MEDIUM,
Udinese,Cagliari,2026-09-19,yellows_over_35,60.0,PRO_MEDIUM,
Udinese,Cagliari,2026-09-19,yellows_under_45,59.8,PRO_MEDIUM,
Udinese,Cagliari,2026-09-19,cards_range_3_5,57.5,PRO_MEDIUM,
Udinese,Cagliari,2026-09-19,booking_pts_under_45,55.2,PRO_MEDIUM,
Udinese,Cagliari,2026-09-19,dc_x2,55.0,PRO_MEDIUM,1.8
Valencia,Sociedad,2026-09-20,both_teams_carded,89.2,PRO_STRONG,
Valencia,Sociedad,2026-09-20,home_goals_under_25,88.3,PRO_STRONG,
Valencia,Sociedad,2026-09-20,away_goals_under_25,85.8,PRO_STRONG,
Valencia,Sociedad,2026-09-20,home_win_and_corners_under95,85.1,PRO_STRONG,
Valencia,Sociedad,2026-09-20,home_win_and_under_25,82.2,PRO_STRONG,
Valencia,Sociedad,2026-09-20,booking_pts_over_35,78.5,PRO_STRONG,
Valencia,Sociedad,2026-09-20,away_win_and_cards_under35,77.1,PRO_STRONG,
Valencia,Sociedad,2026-09-20,home_win_and_under_15,76.8,PRO_STRONG,
Valencia,Sociedad,2026-09-20,away_win_and_under_25,76.3,PRO_STRONG,
Valencia,Sociedad,2026-09-20,away_win_and_under_15,74.3,PRO_MEDIUM,
Valencia,Sociedad,2026-09-20,corners_under_115,74.0,PRO_MEDIUM,
Valencia,Sociedad,2026-09-20,dc_x2_and_under_25,73.6,PRO_MEDIUM,
Valencia,Sociedad,2026-09-20,home_goals_over_05,73.4,PRO_MEDIUM,
Valencia,Sociedad,2026-09-20,dc_1x_and_under_25,73.4,PRO_MEDIUM,
Valencia,Sociedad,2026-09-20,sot_under_95,72.2,PRO_MEDIUM,
Valencia,Sociedad,2026-09-20,dc_12,70.0,PRO_MEDIUM,1.3
Valencia,Sociedad,2026-09-20,dc_x2,69.1,PRO_MEDIUM,1.44
Valencia,Sociedad,2026-09-20,corners_over_75,67.4,PRO_MEDIUM,
Valencia,Sociedad,2026-09-20,away_goals_under_15,66.0,PRO_MEDIUM,
Valencia,Sociedad,2026-09-20,sot_over_65,65.1,PRO_MEDIUM,
Valencia,Sociedad,2026-09-20,home_goals_under_15,63.7,PRO_MEDIUM,
Valencia,Sociedad,2026-09-20,dc_12_and_under_25,62.6,PRO_MEDIUM,
Valencia,Sociedad,2026-09-20,dc_1x,61.0,PRO_MEDIUM,1.5
Valencia,Sociedad,2026-09-20,sot_under_85,59.3,PRO_MEDIUM,
Valencia,Sociedad,2026-09-20,corners_over_85,57.8,PRO_MEDIUM,
Valencia,Sociedad,2026-09-20,yellows_over_45,55.3,PRO_MEDIUM,
Valencia,Sociedad,2026-09-20,away_win_either_half,55.0,PRO_MEDIUM,
Vallecano,Espanol,2026-09-15,away_goals_under_25,90.0,PRO_STRONG,
Vallecano,Espanol,2026-09-15,home_goals_under_25,87.9,PRO_STRONG,
Vallecano,Espanol,2026-09-15,away_win_and_under_25,85.9,PRO_STRONG,
Vallecano,Espanol,2026-09-15,away_win_and_under_15,81.5,PRO_STRONG,
Vallecano,Espanol,2026-09-15,home_win_and_corners_under95,79.9,PRO_STRONG,
Vallecano,Espanol,2026-09-15,dc_x2_and_under_25,79.2,PRO_STRONG,
Vallecano,Espanol,2026-09-15,home_goals_over_05,78.0,PRO_STRONG,
Vallecano,Espanol,2026-09-15,away_win_and_cards_under35,77.6,PRO_STRONG,
Vallecano,Espanol,2026-09-15,corners_over_75,75.5,PRO_STRONG,
Vallecano,Espanol,2026-09-15,home_win_and_under_25,75.3,PRO_STRONG,
Vallecano,Espanol,2026-09-15,corners_under_115,73.4,PRO_MEDIUM,
Vallecano,Espanol,2026-09-15,sot_under_95,72.4,PRO_MEDIUM,
Vallecano,Espanol,2026-09-15,dc_12,71.0,PRO_MEDIUM,1.3
Vallecano,Espanol,2026-09-15,sot_over_65,68.7,PRO_MEDIUM,
Vallecano,Espanol,2026-09-15,dc_1x_and_under_25,68.5,PRO_MEDIUM,
Vallecano,Espanol,2026-09-15,home_win_and_under_15,67.5,PRO_MEDIUM,
Vallecano,Espanol,2026-09-15,away_goals_under_15,67.4,PRO_MEDIUM,
Vallecano,Espanol,2026-09-15,corners_over_85,63.3,PRO_MEDIUM,
Vallecano,Espanol,2026-09-15,dc_x2_and_under_15,60.6,PRO_MEDIUM,
Vallecano,Espanol,2026-09-15,home_win_either_half,59.8,PRO_MEDIUM,
Vallecano,Espanol,2026-09-15,sot_under_85,59.2,PRO_MEDIUM,
Vallecano,Espanol,2026-09-15,dc_12_and_under_25,57.7,PRO_MEDIUM,
Vallecano,Espanol,2026-09-15,dc_x2,56.6,PRO_MEDIUM,1.67
Vallecano,Espanol,2026-09-15,dc_1x_and_over_15,55.8,PRO_MEDIUM,
Venezia,Lazio,2026-09-19,home_goals_under_25,92.9,PRO_STRONG,
Venezia,Lazio,2026-09-19,home_win_and_under_25,90.0,PRO_STRONG,
Venezia,Lazio,2026-09-19,home_win_and_corners_under95,88.9,PRO_STRONG,
Venezia,Lazio,2026-09-19,home_win_and_under_15,87.7,PRO_STRONG,
Venezia,Lazio,2026-09-19,home_win_and_cards_under35,85.7,PRO_MEDIUM,
Venezia,Lazio,2026-09-19,dc_1x_and_under_25,81.8,PRO_STRONG,
Venezia,Lazio,2026-09-19,away_goals_under_25,79.2,PRO_STRONG,
Venezia,Lazio,2026-09-19,dc_x2,77.3,PRO_STRONG,1.28
Venezia,Lazio,2026-09-19,home_goals_under_15,76.6,PRO_STRONG,
Venezia,Lazio,2026-09-19,away_goals_over_05,75.4,PRO_STRONG,
Venezia,Lazio,2026-09-19,dc_12,75.2,PRO_STRONG,1.33
Venezia,Lazio,2026-09-19,dc_1x_and_under_15,70.6,PRO_MEDIUM,
Venezia,Lazio,2026-09-19,sot_over_65,69.9,PRO_MEDIUM,
Venezia,Lazio,2026-09-19,corners_under_115,69.7,PRO_MEDIUM,
Venezia,Lazio,2026-09-19,away_win_and_under_25,68.2,PRO_MEDIUM,
Venezia,Lazio,2026-09-19,corners_over_75,68.2,PRO_MEDIUM,
Venezia,Lazio,2026-09-19,away_win_and_cards_under35,67.0,PRO_MEDIUM,
Venezia,Lazio,2026-09-19,home_goals_over_05,65.8,PRO_MEDIUM,
Venezia,Lazio,2026-09-19,away_win_and_under_15,65.3,PRO_MEDIUM,
Venezia,Lazio,2026-09-19,sot_over_75,62.8,PRO_MEDIUM,
Venezia,Lazio,2026-09-19,sot_under_95,62.5,PRO_MEDIUM,
Venezia,Lazio,2026-09-19,dc_x2_and_under_25,60.7,PRO_MEDIUM,
Venezia,Lazio,2026-09-19,corners_over_85,58.9,PRO_MEDIUM,
Venezia,Lazio,2026-09-19,away_win_either_half,57.4,PRO_MEDIUM,
Villarreal,Betis,2026-09-14,both_teams_carded,88.9,PRO_STRONG,
Villarreal,Betis,2026-09-14,away_goals_under_25,87.9,PRO_STRONG,
Villarreal,Betis,2026-09-14,home_goals_over_05,85.8,PRO_STRONG,
Villarreal,Betis,2026-09-14,away_win_and_cards_under35,84.9,PRO_STRONG,
Villarreal,Betis,2026-09-14,away_win_and_under_25,83.0,PRO_STRONG,
Villarreal,Betis,2026-09-14,away_win_and_under_15,80.8,PRO_STRONG,
Villarreal,Betis,2026-09-14,sot_over_65,78.5,PRO_STRONG,
Villarreal,Betis,2026-09-14,dc_x2_and_under_25,78.5,PRO_STRONG,
Villarreal,Betis,2026-09-14,booking_pts_over_35,77.5,PRO_STRONG,
Villarreal,Betis,2026-09-14,home_win_and_corners_under95,77.2,PRO_STRONG,
Villarreal,Betis,2026-09-14,home_goals_under_25,75.6,PRO_STRONG,
Villarreal,Betis,2026-09-14,dc_12,74.9,PRO_MEDIUM,1.25
Villarreal,Betis,2026-09-14,corners_over_75,74.9,PRO_MEDIUM,
Villarreal,Betis,2026-09-14,corners_under_115,73.4,PRO_MEDIUM,
Villarreal,Betis,2026-09-14,away_goals_over_05,71.2,PRO_MEDIUM,
Villarreal,Betis,2026-09-14,away_goals_under_15,69.9,PRO_MEDIUM,
Villarreal,Betis,2026-09-14,home_win_and_under_25,69.8,PRO_MEDIUM,
Villarreal,Betis,2026-09-14,dc_1x,68.6,PRO_MEDIUM,1.28
Villarreal,Betis,2026-09-14,sot_under_95,68.2,PRO_MEDIUM,
Villarreal,Betis,2026-09-14,dc_1x_and_over_15,68.1,PRO_MEDIUM,
Villarreal,Betis,2026-09-14,corners_over_85,64.2,PRO_MEDIUM,
Villarreal,Betis,2026-09-14,sot_over_75,63.2,PRO_MEDIUM,
Villarreal,Betis,2026-09-14,home_win_and_under_15,60.7,PRO_MEDIUM,
Villarreal,Betis,2026-09-14,home_win_either_half,58.7,PRO_MEDIUM,
Villarreal,Betis,2026-09-14,dc_1x_and_under_25,57.8,PRO_MEDIUM,
Villarreal,Betis,2026-09-14,goals_over_25,57.5,PRO_MEDIUM,1.57
Villarreal,Betis,2026-09-14,dc_x2_and_under_15,56.6,PRO_MEDIUM,
Villarreal,Betis,2026-09-14,dc_x2,56.5,PRO_MEDIUM,1.8
Villarreal,Betis,2026-09-14,btts,55.7,PRO_MEDIUM,1.5
Villarreal,Betis,2026-09-14,home_goals_over_15,55.5,PRO_MEDIUM,
Villarreal,Betis,2026-09-14,yellows_over_45,55.3,PRO_MEDIUM,
Villarreal,Levante,2026-09-20,away_goals_under_25,93.3,PRO_STRONG,
Villarreal,Levante,2026-09-20,away_win_and_cards_under35,92.0,PRO_STRONG,
Villarreal,Levante,2026-09-20,away_win_and_under_25,91.2,PRO_STRONG,
Villarreal,Levante,2026-09-20,home_goals_over_05,89.3,PRO_STRONG,
Villarreal,Levante,2026-09-20,away_win_and_under_15,88.2,PRO_STRONG,
Villarreal,Levante,2026-09-20,both_teams_carded,86.5,PRO_STRONG,
Villarreal,Levante,2026-09-20,dc_x2_and_under_25,84.5,PRO_STRONG,
Villarreal,Levante,2026-09-20,dc_1x,84.5,PRO_STRONG,1.14
Villarreal,Levante,2026-09-20,yellows_over_25,84.5,PRO_STRONG,
Villarreal,Levante,2026-09-20,dc_12,82.6,PRO_STRONG,1.22
Villarreal,Levante,2026-09-20,home_win_either_half,80.8,PRO_STRONG,
Villarreal,Levante,2026-09-20,sot_over_65,78.2,PRO_STRONG,
Villarreal,Levante,2026-09-20,corners_over_75,74.7,PRO_MEDIUM,
Villarreal,Levante,2026-09-20,away_goals_under_15,74.2,PRO_MEDIUM,
Villarreal,Levante,2026-09-20,dc_1x_and_over_15,73.7,PRO_MEDIUM,
Villarreal,Levante,2026-09-20,corners_under_115,73.0,PRO_MEDIUM,
Villarreal,Levante,2026-09-20,dc_x2_and_under_15,71.6,PRO_MEDIUM,
Villarreal,Levante,2026-09-20,home_win_and_corners_under95,68.8,PRO_MEDIUM,
Villarreal,Levante,2026-09-20,home_goals_under_25,68.1,PRO_MEDIUM,
Villarreal,Levante,2026-09-20,home_win,67.0,PRO_MEDIUM,1.55
Villarreal,Levante,2026-09-20,sot_under_95,66.6,PRO_MEDIUM,
Villarreal,Levante,2026-09-20,home_goals_over_15,65.3,PRO_MEDIUM,
Villarreal,Levante,2026-09-20,sot_over_75,65.1,PRO_MEDIUM,
Villarreal,Levante,2026-09-20,away_goals_over_05,64.2,PRO_MEDIUM,
Villarreal,Levante,2026-09-20,corners_over_85,63.0,PRO_MEDIUM,
Villarreal,Levante,2026-09-20,goals_over_25,56.8,PRO_MEDIUM,1.62
Villarreal,Levante,2026-09-20,booking_pts_over_45,56.7,PRO_MEDIUM,
Volos Nfc,AEK Athens,2026-09-20,home_goals_under_25,95.4,PRO_STRONG,
Volos Nfc,AEK Athens,2026-09-20,home_win_and_under_25,92.7,PRO_STRONG,
Volos Nfc,AEK Athens,2026-09-20,home_win_and_under_15,91.1,PRO_STRONG,
Volos Nfc,AEK Athens,2026-09-20,home_win_and_corners_under95,90.4,PRO_STRONG,
Volos Nfc,AEK Athens,2026-09-20,home_win_and_cards_under35,89.8,PRO_MEDIUM,
Volos Nfc,AEK Athens,2026-09-20,dc_1x_and_under_25,88.1,PRO_STRONG,
Volos Nfc,AEK Athens,2026-09-20,away_goals_over_05,88.0,PRO_STRONG,
Volos Nfc,AEK Athens,2026-09-20,dc_x2,86.7,PRO_STRONG,1.08
Volos Nfc,AEK Athens,2026-09-20,both_teams_carded,85.4,PRO_STRONG,
Volos Nfc,AEK Athens,2026-09-20,dc_12,81.6,PRO_STRONG,1.18
Volos Nfc,AEK Athens,2026-09-20,home_goals_under_15,80.6,PRO_STRONG,
Volos Nfc,AEK Athens,2026-09-20,dc_1x_and_under_15,80.1,PRO_STRONG,
Volos Nfc,AEK Athens,2026-09-20,corners_under_115,77.7,PRO_STRONG,
Volos Nfc,AEK Athens,2026-09-20,away_win_either_half,76.2,PRO_STRONG,
Volos Nfc,AEK Athens,2026-09-20,sot_under_95,71.4,PRO_MEDIUM,
Volos Nfc,AEK Athens,2026-09-20,sot_over_65,70.3,PRO_MEDIUM,
Volos Nfc,AEK Athens,2026-09-20,dc_x2_and_over_15,70.1,PRO_MEDIUM,
Volos Nfc,AEK Athens,2026-09-20,away_win,68.3,PRO_MEDIUM,1.38
Volos Nfc,AEK Athens,2026-09-20,corners_over_75,67.4,PRO_MEDIUM,
Volos Nfc,AEK Athens,2026-09-20,away_win_and_cards_under35,67.4,PRO_MEDIUM,
Volos Nfc,AEK Athens,2026-09-20,away_goals_under_25,66.9,PRO_MEDIUM,
Volos Nfc,AEK Athens,2026-09-20,corners_under_95,64.6,PRO_MEDIUM,
Volos Nfc,AEK Athens,2026-09-20,sot_under_85,62.8,PRO_MEDIUM,
Volos Nfc,AEK Athens,2026-09-20,away_goals_over_15,62.6,PRO_MEDIUM,
Volos Nfc,AEK Athens,2026-09-20,yellows_over_45,58.9,PRO_MEDIUM,
Volos Nfc,AEK Athens,2026-09-20,away_win_and_over_15,58.7,PRO_MEDIUM,
Volos Nfc,AEK Athens,2026-09-20,goals_over_25,57.3,PRO_MEDIUM,1.73
Volos Nfc,AEK Athens,2026-09-20,home_goals_over_05,55.8,PRO_MEDIUM,
Volos Nfc,AEK Athens,2026-09-20,corners_over_85,55.5,PRO_MEDIUM,
Werder Bremen,Augsburg,2026-09-19,away_win_and_cards_under35,85.0,PRO_STRONG,
Werder Bremen,Augsburg,2026-09-19,home_goals_under_25,84.5,PRO_STRONG,
Werder Bremen,Augsburg,2026-09-19,home_win_and_corners_under95,84.5,PRO_STRONG,
Werder Bremen,Augsburg,2026-09-19,home_win_and_cards_under35,80.7,PRO_MEDIUM,
Werder Bremen,Augsburg,2026-09-19,home_win_and_under_25,80.1,PRO_STRONG,
Werder Bremen,Augsburg,2026-09-19,away_goals_under_25,78.3,PRO_STRONG,
Werder Bremen,Augsburg,2026-09-19,away_goals_over_05,77.3,PRO_STRONG,
Werder Bremen,Augsburg,2026-09-19,corners_over_75,76.8,PRO_STRONG,
Werder Bremen,Augsburg,2026-09-19,sot_over_65,76.5,PRO_STRONG,
Werder Bremen,Augsburg,2026-09-19,home_goals_over_05,75.9,PRO_STRONG,
Werder Bremen,Augsburg,2026-09-19,corners_under_115,75.1,PRO_STRONG,
Werder Bremen,Augsburg,2026-09-19,home_win_and_under_15,74.6,PRO_MEDIUM,
Werder Bremen,Augsburg,2026-09-19,away_win_and_under_25,73.9,PRO_MEDIUM,
Werder Bremen,Augsburg,2026-09-19,dc_12,73.2,PRO_MEDIUM,1.28
Werder Bremen,Augsburg,2026-09-19,dc_1x_and_under_25,72.1,PRO_MEDIUM,
Werder Bremen,Augsburg,2026-09-19,both_teams_carded,71.0,PRO_MEDIUM,
Werder Bremen,Augsburg,2026-09-19,away_win_and_under_15,68.1,PRO_MEDIUM,
Werder Bremen,Augsburg,2026-09-19,dc_x2,67.2,PRO_MEDIUM,1.53
Werder Bremen,Augsburg,2026-09-19,yellows_over_25,66.9,PRO_MEDIUM,
Werder Bremen,Augsburg,2026-09-19,corners_over_85,64.7,PRO_MEDIUM,
Werder Bremen,Augsburg,2026-09-19,sot_over_75,64.3,PRO_MEDIUM,
Werder Bremen,Augsburg,2026-09-19,dc_x2_and_under_25,64.2,PRO_MEDIUM,
Werder Bremen,Augsburg,2026-09-19,sot_under_95,61.9,PRO_MEDIUM,
Werder Bremen,Augsburg,2026-09-19,home_goals_under_15,61.1,PRO_MEDIUM,
Werder Bremen,Augsburg,2026-09-19,away_goals_under_15,59.8,PRO_MEDIUM,
Werder Bremen,Augsburg,2026-09-19,dc_1x,59.6,PRO_MEDIUM,1.44
Werder Bremen,Augsburg,2026-09-19,btts,56.8,PRO_MEDIUM,1.44
Werder Bremen,Augsburg,2026-09-19,goals_over_25,55.8,PRO_MEDIUM,1.44
Werder Bremen,Augsburg,2026-09-19,away_win_either_half,55.2,PRO_MEDIUM,
Willem Ii,For Sittard,2026-09-19,home_goals_under_25,87.7,PRO_STRONG,
Willem Ii,For Sittard,2026-09-19,home_win_and_corners_under95,87.4,PRO_STRONG,
Willem Ii,For Sittard,2026-09-19,away_goals_over_05,84.1,PRO_STRONG,
Willem Ii,For Sittard,2026-09-19,home_win_and_cards_under35,82.7,PRO_MEDIUM,
Willem Ii,For Sittard,2026-09-19,away_win_and_cards_under35,82.3,PRO_STRONG,
Willem Ii,For Sittard,2026-09-19,home_win_and_under_25,80.4,PRO_STRONG,
Willem Ii,For Sittard,2026-09-19,dc_12,77.3,PRO_STRONG,1.28
Willem Ii,For Sittard,2026-09-19,corners_under_115,75.8,PRO_STRONG,
Willem Ii,For Sittard,2026-09-19,home_win_and_under_15,75.7,PRO_STRONG,
Willem Ii,For Sittard,2026-09-19,away_goals_under_25,74.5,PRO_MEDIUM,
Willem Ii,For Sittard,2026-09-19,dc_x2,74.3,PRO_MEDIUM,1.44
Willem Ii,For Sittard,2026-09-19,dc_1x_and_under_25,72.8,PRO_MEDIUM,
Willem Ii,For Sittard,2026-09-19,both_teams_carded,71.2,PRO_MEDIUM,
Willem Ii,For Sittard,2026-09-19,home_goals_over_05,70.4,PRO_MEDIUM,
Willem Ii,For Sittard,2026-09-19,sot_over_65,70.3,PRO_MEDIUM,
Willem Ii,For Sittard,2026-09-19,corners_over_75,68.3,PRO_MEDIUM,
Willem Ii,For Sittard,2026-09-19,away_win_and_under_25,67.1,PRO_MEDIUM,
Willem Ii,For Sittard,2026-09-19,yellows_over_25,66.9,PRO_MEDIUM,
Willem Ii,For Sittard,2026-09-19,away_win_either_half,65.7,PRO_MEDIUM,
Willem Ii,For Sittard,2026-09-19,sot_under_95,61.9,PRO_MEDIUM,
Willem Ii,For Sittard,2026-09-19,away_win_and_under_15,61.1,PRO_MEDIUM,
Willem Ii,For Sittard,2026-09-19,away_goals_under_15,60.1,PRO_MEDIUM,
Willem Ii,For Sittard,2026-09-19,sot_under_85,59.9,PRO_MEDIUM,
Willem Ii,For Sittard,2026-09-19,home_goals_under_15,58.7,PRO_MEDIUM,
Willem Ii,For Sittard,2026-09-19,dc_x2_and_under_25,58.5,PRO_MEDIUM,
Willem Ii,For Sittard,2026-09-19,btts,57.6,PRO_MEDIUM,1.44
Willem Ii,For Sittard,2026-09-19,corners_over_85,57.6,PRO_MEDIUM,
Willem Ii,For Sittard,2026-09-19,goals_over_25,55.2,PRO_MEDIUM,1.53
Wolves,West Brom,2026-09-20,away_goals_under_25,93.5,PRO_STRONG,
Wolves,West Brom,2026-09-20,away_win_and_under_25,89.7,PRO_STRONG,
Wolves,West Brom,2026-09-20,away_win_and_cards_under35,88.0,PRO_STRONG,
Wolves,West Brom,2026-09-20,away_win_and_under_15,86.5,PRO_STRONG,
Wolves,West Brom,2026-09-20,dc_x2_and_under_25,86.3,PRO_STRONG,
Wolves,West Brom,2026-09-20,home_goals_over_05,84.3,PRO_STRONG,
Wolves,West Brom,2026-09-20,home_goals_under_25,81.3,PRO_STRONG,
Wolves,West Brom,2026-09-20,dc_1x,80.2,PRO_STRONG,1.22
Wolves,West Brom,2026-09-20,dc_12,75.8,PRO_STRONG,1.28
Wolves,West Brom,2026-09-20,away_goals_under_15,75.7,PRO_STRONG,
Wolves,West Brom,2026-09-20,corners_over_75,75.4,PRO_STRONG,
Wolves,West Brom,2026-09-20,sot_under_95,73.6,PRO_MEDIUM,
Wolves,West Brom,2026-09-20,sot_over_65,73.5,PRO_MEDIUM,
Wolves,West Brom,2026-09-20,home_win_and_corners_under95,73.5,PRO_MEDIUM,
Wolves,West Brom,2026-09-20,home_win_and_under_25,73.3,PRO_MEDIUM,
Wolves,West Brom,2026-09-20,both_teams_carded,71.5,PRO_MEDIUM,
Wolves,West Brom,2026-09-20,corners_under_115,70.5,PRO_MEDIUM,
Wolves,West Brom,2026-09-20,dc_x2_and_under_15,68.1,PRO_MEDIUM,
Wolves,West Brom,2026-09-20,home_win_either_half,68.0,PRO_MEDIUM,
Wolves,West Brom,2026-09-20,yellows_over_25,66.9,PRO_MEDIUM,
Wolves,West Brom,2026-09-20,dc_1x_and_under_25,66.3,PRO_MEDIUM,
Wolves,West Brom,2026-09-20,corners_over_85,64.6,PRO_MEDIUM,
Wolves,West Brom,2026-09-20,dc_1x_and_over_15,63.4,PRO_MEDIUM,
Wolves,West Brom,2026-09-20,away_goals_over_05,60.4,PRO_MEDIUM,
Wolves,West Brom,2026-09-20,sot_over_75,58.8,PRO_MEDIUM,
Wolves,West Brom,2026-09-20,sot_under_85,57.3,PRO_MEDIUM,
Wolves,West Brom,2026-09-20,dc_12_and_under_25,56.2,PRO_MEDIUM,
Wolves,West Brom,2026-09-20,home_win,56.0,PRO_MEDIUM,1.75
Wolves,West Brom,2026-09-20,corners_over_95,55.3,PRO_MEDIUM,
Wolves,West Brom,2026-09-20,yellows_under_35,55.0,PRO_MEDIUM,
Wrexham,Southampton,2026-09-19,home_goals_under_25,89.8,PRO_STRONG,
Wrexham,Southampton,2026-09-19,home_win_and_corners_under95,87.6,PRO_STRONG,
Wrexham,Southampton,2026-09-19,home_win_and_under_25,83.4,PRO_STRONG,
Wrexham,Southampton,2026-09-19,home_win_and_cards_under35,83.3,PRO_MEDIUM,
Wrexham,Southampton,2026-09-19,away_goals_under_25,81.8,PRO_STRONG,
Wrexham,Southampton,2026-09-19,dc_12,81.2,PRO_STRONG,1.33
Wrexham,Southampton,2026-09-19,home_win_and_under_15,80.3,PRO_STRONG,
Wrexham,Southampton,2026-09-19,away_goals_over_05,76.8,PRO_STRONG,
Wrexham,Southampton,2026-09-19,dc_1x_and_under_25,75.4,PRO_STRONG,
Wrexham,Southampton,2026-09-19,away_win_and_cards_under35,74.5,PRO_MEDIUM,
Wrexham,Southampton,2026-09-19,sot_under_95,73.6,PRO_MEDIUM,
Wrexham,Southampton,2026-09-19,both_teams_carded,73.3,PRO_MEDIUM,
Wrexham,Southampton,2026-09-19,home_goals_over_05,72.3,PRO_MEDIUM,
Wrexham,Southampton,2026-09-19,dc_x2,71.9,PRO_MEDIUM,1.36
Wrexham,Southampton,2026-09-19,corners_under_115,71.5,PRO_MEDIUM,
Wrexham,Southampton,2026-09-19,away_win_and_under_25,71.3,PRO_MEDIUM,
Wrexham,Southampton,2026-09-19,yellows_over_25,70.6,PRO_MEDIUM,
Wrexham,Southampton,2026-09-19,dc_x2_and_under_25,68.7,PRO_MEDIUM,
Wrexham,Southampton,2026-09-19,home_goals_under_15,67.8,PRO_MEDIUM,
Wrexham,Southampton,2026-09-19,corners_over_75,67.4,PRO_MEDIUM,
Wrexham,Southampton,2026-09-19,sot_over_65,65.1,PRO_MEDIUM,
Wrexham,Southampton,2026-09-19,sot_under_85,63.4,PRO_MEDIUM,
Wrexham,Southampton,2026-09-19,away_win_and_under_15,62.4,PRO_MEDIUM,
Wrexham,Southampton,2026-09-19,dc_1x_and_under_15,62.0,PRO_MEDIUM,
Wrexham,Southampton,2026-09-19,away_win_either_half,61.9,PRO_MEDIUM,
Wrexham,Southampton,2026-09-19,corners_over_85,57.8,PRO_MEDIUM,
Wrexham,Southampton,2026-09-19,booking_pts_over_35,57.7,PRO_MEDIUM,
Wrexham,Southampton,2026-09-19,away_goals_under_15,56.9,PRO_MEDIUM,
