HomeTeam,AwayTeam,match_date,market,probability_%,pro_tier,real_odds
AEK Athens,Ofi Crete,2026-10-10,away_goals_under_25,96.5,PRO_STRONG,
AEK Athens,Ofi Crete,2026-10-10,away_win_and_under_25,95.9,PRO_STRONG,
AEK Athens,Ofi Crete,2026-10-10,away_win_and_under_15,95.8,PRO_STRONG,
AEK Athens,Ofi Crete,2026-10-10,away_win_and_cards_under35,95.7,PRO_STRONG,
AEK Athens,Ofi Crete,2026-10-10,home_goals_over_05,94.3,PRO_STRONG,
AEK Athens,Ofi Crete,2026-10-10,dc_1x,93.4,PRO_STRONG,1.04
AEK Athens,Ofi Crete,2026-10-10,dc_x2_and_under_25,92.5,PRO_STRONG,
AEK Athens,Ofi Crete,2026-10-10,home_win_either_half,89.2,PRO_STRONG,
AEK Athens,Ofi Crete,2026-10-10,dc_x2_and_under_15,88.8,PRO_STRONG,
AEK Athens,Ofi Crete,2026-10-10,dc_12,87.7,PRO_STRONG,1.12
AEK Athens,Ofi Crete,2026-10-10,away_goals_under_15,87.1,PRO_STRONG,
AEK Athens,Ofi Crete,2026-10-10,both_teams_carded,86.8,PRO_STRONG,
AEK Athens,Ofi Crete,2026-10-10,dc_1x_and_over_15,81.3,PRO_STRONG,
AEK Athens,Ofi Crete,2026-10-10,home_win,81.1,PRO_STRONG,1.18
AEK Athens,Ofi Crete,2026-10-10,home_win_and_corners_under95,76.2,PRO_STRONG,
AEK Athens,Ofi Crete,2026-10-10,home_goals_over_15,76.1,PRO_STRONG,
AEK Athens,Ofi Crete,2026-10-10,home_win_and_over_15,72.1,PRO_MEDIUM,
AEK Athens,Ofi Crete,2026-10-10,goals_over_25,65.1,PRO_MEDIUM,1.5
AEK Athens,Ofi Crete,2026-10-10,home_win_2h,64.1,PRO_MEDIUM,
AEK Athens,Ofi Crete,2026-10-10,dc_1x_and_over_25,63.6,PRO_MEDIUM,
AEK Athens,Ofi Crete,2026-10-10,dc_12_and_over_25,63.4,PRO_MEDIUM,
AEK Athens,Ofi Crete,2026-10-10,home_win_1h,61.8,PRO_MEDIUM,
AEK Athens,Ofi Crete,2026-10-10,home_win_and_over_25,60.6,PRO_MEDIUM,
AEK Athens,Ofi Crete,2026-10-10,home_score_both_halves,58.6,PRO_MEDIUM,
AEK Athens,Ofi Crete,2026-10-10,away_goals_under_05,58.3,PRO_MEDIUM,
Aberdeen,St Johnstone,2026-10-11,away_goals_under_25,90.0,PRO_STRONG,
Aberdeen,St Johnstone,2026-10-11,home_goals_under_25,87.0,PRO_STRONG,
Aberdeen,St Johnstone,2026-10-11,away_win_and_under_25,83.1,PRO_STRONG,
Aberdeen,St Johnstone,2026-10-11,home_win_and_corners_under95,82.5,PRO_STRONG,
Aberdeen,St Johnstone,2026-10-11,away_win_and_cards_under35,80.7,PRO_STRONG,
Aberdeen,St Johnstone,2026-10-11,dc_x2_and_under_25,79.6,PRO_STRONG,
Aberdeen,St Johnstone,2026-10-11,home_win_and_under_25,78.3,PRO_STRONG,
Aberdeen,St Johnstone,2026-10-11,away_win_and_under_15,77.9,PRO_STRONG,
Aberdeen,St Johnstone,2026-10-11,home_goals_over_05,77.4,PRO_STRONG,
Aberdeen,St Johnstone,2026-10-11,both_teams_carded,73.0,PRO_MEDIUM,
Aberdeen,St Johnstone,2026-10-11,home_win_and_under_15,72.5,PRO_MEDIUM,
Aberdeen,St Johnstone,2026-10-11,dc_1x_and_under_25,71.2,PRO_MEDIUM,
Aberdeen,St Johnstone,2026-10-11,dc_12,71.1,PRO_MEDIUM,1.3
Aberdeen,St Johnstone,2026-10-11,away_goals_under_15,69.7,PRO_MEDIUM,
Aberdeen,St Johnstone,2026-10-11,away_goals_over_05,69.5,PRO_MEDIUM,
Aberdeen,St Johnstone,2026-10-11,home_goals_under_15,60.9,PRO_MEDIUM,
Aberdeen,St Johnstone,2026-10-11,dc_x2,58.4,PRO_MEDIUM,1.67
Aberdeen,St Johnstone,2026-10-11,dc_12_and_under_25,56.5,PRO_MEDIUM,
Aberdeen,St Johnstone,2026-10-11,dc_x2_and_under_15,56.4,PRO_MEDIUM,
Aberdeen,St Johnstone,2026-10-11,cards_range_3_5,55.7,PRO_MEDIUM,
Aberdeen,St Mirren,2026-10-17,away_goals_under_25,92.5,PRO_STRONG,
Aberdeen,St Mirren,2026-10-17,away_win_and_under_25,87.9,PRO_STRONG,
Aberdeen,St Mirren,2026-10-17,away_win_and_cards_under35,86.7,PRO_STRONG,
Aberdeen,St Mirren,2026-10-17,away_win_and_under_15,83.5,PRO_STRONG,
Aberdeen,St Mirren,2026-10-17,home_goals_over_05,81.7,PRO_STRONG,
Aberdeen,St Mirren,2026-10-17,dc_x2_and_under_25,81.4,PRO_STRONG,
Aberdeen,St Mirren,2026-10-17,home_goals_under_25,81.2,PRO_STRONG,
Aberdeen,St Mirren,2026-10-17,dc_1x,80.1,PRO_STRONG,1.25
Aberdeen,St Mirren,2026-10-17,home_win_and_corners_under95,75.6,PRO_STRONG,
Aberdeen,St Mirren,2026-10-17,both_teams_carded,73.3,PRO_MEDIUM,
Aberdeen,St Mirren,2026-10-17,away_goals_under_15,72.3,PRO_MEDIUM,
Aberdeen,St Mirren,2026-10-17,home_win_and_under_25,69.7,PRO_MEDIUM,
Aberdeen,St Mirren,2026-10-17,dc_12,68.9,PRO_MEDIUM,1.28
Aberdeen,St Mirren,2026-10-17,home_win_and_under_15,63.5,PRO_MEDIUM,
Aberdeen,St Mirren,2026-10-17,dc_1x_and_under_25,62.3,PRO_MEDIUM,
Aberdeen,St Mirren,2026-10-17,home_win_either_half,62.3,PRO_MEDIUM,
Aberdeen,St Mirren,2026-10-17,dc_1x_and_over_15,61.9,PRO_MEDIUM,
Aberdeen,St Mirren,2026-10-17,dc_x2_and_under_15,61.9,PRO_MEDIUM,
Aberdeen,St Mirren,2026-10-17,home_goals_under_15,57.6,PRO_MEDIUM,
Aberdeen,St Mirren,2026-10-17,cards_range_3_5,55.7,PRO_MEDIUM,
Ajax,Nijmegen,2026-10-10,away_goals_under_25,96.4,PRO_STRONG,
Ajax,Nijmegen,2026-10-10,away_win_and_cards_under35,95.9,PRO_STRONG,
Ajax,Nijmegen,2026-10-10,away_win_and_under_25,95.1,PRO_STRONG,
Ajax,Nijmegen,2026-10-10,away_win_and_under_15,94.5,PRO_STRONG,
Ajax,Nijmegen,2026-10-10,home_goals_over_05,93.4,PRO_STRONG,
Ajax,Nijmegen,2026-10-10,dc_1x,92.0,PRO_STRONG,1.07
Ajax,Nijmegen,2026-10-10,dc_x2_and_under_25,89.3,PRO_STRONG,
Ajax,Nijmegen,2026-10-10,dc_12,86.7,PRO_STRONG,1.14
Ajax,Nijmegen,2026-10-10,home_win_either_half,85.7,PRO_STRONG,
Ajax,Nijmegen,2026-10-10,away_goals_under_15,83.2,PRO_STRONG,
Ajax,Nijmegen,2026-10-10,dc_1x_and_over_15,81.0,PRO_STRONG,
Ajax,Nijmegen,2026-10-10,dc_x2_and_under_15,80.3,PRO_STRONG,
Ajax,Nijmegen,2026-10-10,home_win,78.7,PRO_STRONG,1.27
Ajax,Nijmegen,2026-10-10,home_goals_over_15,74.1,PRO_MEDIUM,
Ajax,Nijmegen,2026-10-10,goals_over_25,68.6,PRO_MEDIUM,1.33
Ajax,Nijmegen,2026-10-10,both_teams_carded,68.6,PRO_MEDIUM,
Ajax,Nijmegen,2026-10-10,home_win_and_over_15,67.4,PRO_MEDIUM,
Ajax,Nijmegen,2026-10-10,home_win_and_corners_under95,67.0,PRO_MEDIUM,
Ajax,Nijmegen,2026-10-10,dc_12_and_over_25,66.4,PRO_MEDIUM,
Ajax,Nijmegen,2026-10-10,home_win_2h,63.2,PRO_MEDIUM,
Ajax,Nijmegen,2026-10-10,dc_1x_and_over_25,62.3,PRO_MEDIUM,
Ajax,Nijmegen,2026-10-10,home_win_and_over_25,59.3,PRO_MEDIUM,
Ajax,Nijmegen,2026-10-10,away_goals_over_05,58.0,PRO_MEDIUM,
Ajax,Nijmegen,2026-10-10,cards_range_3_5,56.5,PRO_MEDIUM,
Ajax,Nijmegen,2026-10-10,btts,56.4,PRO_MEDIUM,1.57
Ajax,Nijmegen,2026-10-10,home_win_1h,55.6,PRO_MEDIUM,
Ajax,Nijmegen,2026-10-10,home_score_both_halves,55.2,PRO_MEDIUM,
Alanyaspor,Erzurum Bb,2026-10-10,away_goals_under_25,90.9,PRO_STRONG,
Alanyaspor,Erzurum Bb,2026-10-10,away_win_and_under_25,86.4,PRO_STRONG,
Alanyaspor,Erzurum Bb,2026-10-10,home_goals_under_25,84.1,PRO_STRONG,
Alanyaspor,Erzurum Bb,2026-10-10,away_win_and_cards_under35,82.3,PRO_STRONG,
Alanyaspor,Erzurum Bb,2026-10-10,dc_x2_and_under_25,82.1,PRO_STRONG,
Alanyaspor,Erzurum Bb,2026-10-10,away_win_and_under_15,82.0,PRO_STRONG,
Alanyaspor,Erzurum Bb,2026-10-10,both_teams_carded,78.3,PRO_STRONG,
Alanyaspor,Erzurum Bb,2026-10-10,home_goals_over_05,78.2,PRO_STRONG,
Alanyaspor,Erzurum Bb,2026-10-10,home_win_and_corners_under95,76.4,PRO_STRONG,
Alanyaspor,Erzurum Bb,2026-10-10,away_goals_under_15,73.3,PRO_MEDIUM,
Alanyaspor,Erzurum Bb,2026-10-10,home_win_and_under_25,71.1,PRO_MEDIUM,
Alanyaspor,Erzurum Bb,2026-10-10,dc_12,70.5,PRO_MEDIUM,1.33
Alanyaspor,Erzurum Bb,2026-10-10,home_win_and_under_15,65.8,PRO_MEDIUM,
Alanyaspor,Erzurum Bb,2026-10-10,dc_1x_and_under_25,63.9,PRO_MEDIUM,
Alanyaspor,Erzurum Bb,2026-10-10,dc_x2_and_under_15,62.3,PRO_MEDIUM,
Alanyaspor,Erzurum Bb,2026-10-10,booking_pts_over_35,60.8,PRO_MEDIUM,
Alanyaspor,Erzurum Bb,2026-10-10,dc_1x_and_over_15,58.3,PRO_MEDIUM,
Alanyaspor,Erzurum Bb,2026-10-10,dc_12_and_under_25,57.6,PRO_MEDIUM,
Alanyaspor,Erzurum Bb,2026-10-10,dc_x2,57.4,PRO_MEDIUM,1.8
Alanyaspor,Erzurum Bb,2026-10-10,home_goals_under_15,56.4,PRO_MEDIUM,
Alanyaspor,Erzurum Bb,2026-10-10,btts,55.5,PRO_MEDIUM,2.0
Alanyaspor,Kocaelispor,2026-10-23,away_win_and_under_25,84.1,PRO_STRONG,
Alanyaspor,Kocaelispor,2026-10-23,away_win_and_under_15,80.5,PRO_STRONG,
Alanyaspor,Kocaelispor,2026-10-23,home_goals_over_05,79.6,PRO_STRONG,
Alanyaspor,Kocaelispor,2026-10-23,both_teams_carded,78.7,PRO_STRONG,
Alanyaspor,Kocaelispor,2026-10-23,home_win_and_under_25,76.6,PRO_STRONG,
Alanyaspor,Kocaelispor,2026-10-23,dc_1x,75.1,PRO_STRONG,
Alanyaspor,Kocaelispor,2026-10-23,away_goals_under_15,71.2,PRO_MEDIUM,
Alanyaspor,Kocaelispor,2026-10-23,away_goals_over_05,70.8,PRO_MEDIUM,
Alanyaspor,Kocaelispor,2026-10-23,dc_12,70.6,PRO_MEDIUM,
Alanyaspor,Kocaelispor,2026-10-23,home_win_and_under_15,69.9,PRO_MEDIUM,
Alanyaspor,Kocaelispor,2026-10-23,dc_1x_and_under_25,67.2,PRO_MEDIUM,
Alanyaspor,Kocaelispor,2026-10-23,booking_pts_over_35,64.5,PRO_MEDIUM,
Alanyaspor,Kocaelispor,2026-10-23,dc_12_and_under_25,61.5,PRO_MEDIUM,
Alanyaspor,Kocaelispor,2026-10-23,dc_x2_and_under_15,59.5,PRO_MEDIUM,
Alanyaspor,Kocaelispor,2026-10-23,home_win_either_half,58.9,PRO_MEDIUM,
Alanyaspor,Kocaelispor,2026-10-23,home_goals_under_15,57.3,PRO_MEDIUM,
Alanyaspor,Kocaelispor,2026-10-23,dc_1x_and_over_15,56.1,PRO_MEDIUM,
Alaves,Ath Madrid,2026-10-10,home_goals_under_25,92.8,PRO_STRONG,
Alaves,Ath Madrid,2026-10-10,home_win_and_under_25,90.1,PRO_STRONG,
Alaves,Ath Madrid,2026-10-10,home_win_and_corners_under95,88.9,PRO_STRONG,
Alaves,Ath Madrid,2026-10-10,home_win_and_under_15,87.1,PRO_STRONG,
Alaves,Ath Madrid,2026-10-10,home_win_and_cards_under35,85.9,PRO_MEDIUM,
Alaves,Ath Madrid,2026-10-10,dc_1x_and_under_25,82.4,PRO_STRONG,
Alaves,Ath Madrid,2026-10-10,away_goals_over_05,80.8,PRO_STRONG,
Alaves,Ath Madrid,2026-10-10,dc_x2,80.4,PRO_STRONG,1.25
Alaves,Ath Madrid,2026-10-10,dc_12,77.0,PRO_STRONG,1.28
Alaves,Ath Madrid,2026-10-10,away_goals_under_25,75.2,PRO_STRONG,
Alaves,Ath Madrid,2026-10-10,home_goals_under_15,74.7,PRO_MEDIUM,
Alaves,Ath Madrid,2026-10-10,dc_1x_and_under_15,70.1,PRO_MEDIUM,
Alaves,Ath Madrid,2026-10-10,away_win_either_half,65.3,PRO_MEDIUM,
Alaves,Ath Madrid,2026-10-10,home_goals_over_05,64.7,PRO_MEDIUM,
Alaves,Ath Madrid,2026-10-10,away_win_and_under_25,63.4,PRO_MEDIUM,
Alaves,Ath Madrid,2026-10-10,away_win_and_cards_under35,62.5,PRO_MEDIUM,
Alaves,Ath Madrid,2026-10-10,dc_x2_and_over_15,60.9,PRO_MEDIUM,
Alaves,Ath Madrid,2026-10-10,dc_x2_and_under_25,60.7,PRO_MEDIUM,
Alaves,Ath Madrid,2026-10-10,dc_12_and_under_25,58.1,PRO_MEDIUM,
Alaves,Ath Madrid,2026-10-10,away_win_and_under_15,57.8,PRO_MEDIUM,
Alaves,Ath Madrid,2026-10-10,away_win,57.4,PRO_MEDIUM,1.9
Alaves,Malaga,2026-10-23,both_teams_carded,86.8,PRO_STRONG,
Alaves,Malaga,2026-10-23,away_win_and_under_25,85.1,PRO_STRONG,
Alaves,Malaga,2026-10-23,away_win_and_under_15,78.9,PRO_STRONG,
Alaves,Malaga,2026-10-23,home_goals_over_05,78.5,PRO_STRONG,
Alaves,Malaga,2026-10-23,home_win_and_under_25,76.1,PRO_STRONG,
Alaves,Malaga,2026-10-23,dc_1x,75.5,PRO_STRONG,
Alaves,Malaga,2026-10-23,booking_pts_over_35,74.7,PRO_MEDIUM,
Alaves,Malaga,2026-10-23,home_win_and_under_15,72.4,PRO_MEDIUM,
Alaves,Malaga,2026-10-23,away_goals_under_15,72.3,PRO_MEDIUM,
Alaves,Malaga,2026-10-23,dc_12,66.5,PRO_MEDIUM,
Alaves,Malaga,2026-10-23,away_goals_over_05,65.6,PRO_MEDIUM,
Alaves,Malaga,2026-10-23,dc_1x_and_under_25,65.1,PRO_MEDIUM,
Alaves,Malaga,2026-10-23,dc_12_and_under_25,61.6,PRO_MEDIUM,
Alaves,Malaga,2026-10-23,home_win_either_half,60.7,PRO_MEDIUM,
Alaves,Malaga,2026-10-23,home_goals_under_15,59.1,PRO_MEDIUM,
Alaves,Malaga,2026-10-23,dc_x2,57.9,PRO_MEDIUM,
Alaves,Malaga,2026-10-23,dc_x2_and_under_15,57.0,PRO_MEDIUM,
Amedspor,Besiktas,2026-09-20,home_goals_over_05,83.0,PRO_STRONG,
Amedspor,Besiktas,2026-09-20,away_win_and_under_25,83.0,PRO_STRONG,
Amedspor,Besiktas,2026-09-20,away_win_and_under_15,80.8,PRO_STRONG,
Amedspor,Besiktas,2026-09-20,dc_1x,76.3,PRO_STRONG,
Amedspor,Besiktas,2026-09-20,home_win_and_under_25,75.2,PRO_STRONG,
Amedspor,Besiktas,2026-09-20,both_teams_carded,75.0,PRO_MEDIUM,
Amedspor,Besiktas,2026-09-20,away_goals_over_05,70.3,PRO_MEDIUM,
Amedspor,Besiktas,2026-09-20,dc_12,70.0,PRO_MEDIUM,
Amedspor,Besiktas,2026-09-20,away_goals_under_15,70.0,PRO_MEDIUM,
Amedspor,Besiktas,2026-09-20,dc_1x_and_under_25,64.7,PRO_MEDIUM,
Amedspor,Besiktas,2026-09-20,home_win_either_half,63.3,PRO_MEDIUM,
Amedspor,Besiktas,2026-09-20,home_win_and_under_15,63.2,PRO_MEDIUM,
Amedspor,Besiktas,2026-09-20,booking_pts_over_35,61.5,PRO_MEDIUM,
Amedspor,Besiktas,2026-09-20,dc_x2_and_under_15,57.5,PRO_MEDIUM,
Amedspor,Besiktas,2026-09-20,dc_1x_and_over_15,57.2,PRO_MEDIUM,
Amedspor,Besiktas,2026-09-20,btts,56.9,PRO_MEDIUM,
Amedspor,Konyaspor,2026-10-17,both_teams_carded,86.8,PRO_STRONG,
Amedspor,Konyaspor,2026-10-17,away_win_and_under_25,83.3,PRO_STRONG,
Amedspor,Konyaspor,2026-10-17,home_goals_over_05,81.6,PRO_STRONG,
Amedspor,Konyaspor,2026-10-17,away_win_and_under_15,79.0,PRO_STRONG,
Amedspor,Konyaspor,2026-10-17,home_win_and_under_25,75.6,PRO_STRONG,
Amedspor,Konyaspor,2026-10-17,booking_pts_over_35,73.9,PRO_MEDIUM,
Amedspor,Konyaspor,2026-10-17,away_goals_over_05,70.4,PRO_MEDIUM,
Amedspor,Konyaspor,2026-10-17,away_goals_under_15,69.8,PRO_MEDIUM,
Amedspor,Konyaspor,2026-10-17,dc_12,69.1,PRO_MEDIUM,
Amedspor,Konyaspor,2026-10-17,home_win_and_under_15,67.0,PRO_MEDIUM,
Amedspor,Konyaspor,2026-10-17,dc_1x_and_under_25,62.1,PRO_MEDIUM,
Amedspor,Konyaspor,2026-10-17,home_win_either_half,62.0,PRO_MEDIUM,
Amedspor,Konyaspor,2026-10-17,dc_1x_and_over_15,58.5,PRO_MEDIUM,
Amedspor,Konyaspor,2026-10-17,dc_x2,56.5,PRO_MEDIUM,
Amedspor,Konyaspor,2026-10-17,booking_pts_over_45,56.0,PRO_MEDIUM,
Amedspor,Konyaspor,2026-10-17,dc_x2_and_under_15,55.6,PRO_MEDIUM,
Amedspor,Konyaspor,2026-10-17,btts,55.5,PRO_MEDIUM,
Angers,Marseille,2026-10-18,home_goals_under_25,90.0,PRO_STRONG,
Angers,Marseille,2026-10-18,home_win_and_corners_under95,85.1,PRO_STRONG,
Angers,Marseille,2026-10-18,home_win_and_under_25,82.8,PRO_STRONG,
Angers,Marseille,2026-10-18,away_goals_under_25,82.3,PRO_STRONG,
Angers,Marseille,2026-10-18,home_win_and_cards_under35,81.9,PRO_MEDIUM,
Angers,Marseille,2026-10-18,home_win_and_under_15,79.6,PRO_STRONG,
Angers,Marseille,2026-10-18,away_goals_over_05,77.7,PRO_STRONG,
Angers,Marseille,2026-10-18,dc_1x_and_under_25,75.8,PRO_STRONG,
Angers,Marseille,2026-10-18,both_teams_carded,75.2,PRO_STRONG,
Angers,Marseille,2026-10-18,away_win_and_cards_under35,74.5,PRO_MEDIUM,
Angers,Marseille,2026-10-18,dc_12,73.7,PRO_MEDIUM,1.28
Angers,Marseille,2026-10-18,home_goals_over_05,71.7,PRO_MEDIUM,
Angers,Marseille,2026-10-18,away_win_and_under_25,69.3,PRO_MEDIUM,
Angers,Marseille,2026-10-18,dc_x2,69.0,PRO_MEDIUM,1.36
Angers,Marseille,2026-10-18,dc_x2_and_under_25,67.0,PRO_MEDIUM,
Angers,Marseille,2026-10-18,home_goals_under_15,65.1,PRO_MEDIUM,
Angers,Marseille,2026-10-18,away_win_and_under_15,63.9,PRO_MEDIUM,
Angers,Marseille,2026-10-18,dc_1x_and_under_15,59.4,PRO_MEDIUM,
Angers,Marseille,2026-10-18,booking_pts_over_35,59.0,PRO_MEDIUM,
Angers,Marseille,2026-10-18,dc_12_and_under_25,58.8,PRO_MEDIUM,
Angers,Marseille,2026-10-18,away_win_either_half,58.4,PRO_MEDIUM,
Angers,Marseille,2026-10-18,dc_1x,57.3,PRO_MEDIUM,1.67
Angers,Marseille,2026-10-18,away_goals_under_15,56.7,PRO_MEDIUM,
Antwerp,Royale Union SG,2026-09-20,away_win_and_under_25,83.2,PRO_STRONG,
Antwerp,Royale Union SG,2026-09-20,home_goals_over_05,82.9,PRO_STRONG,
Antwerp,Royale Union SG,2026-09-20,away_win_and_under_15,81.0,PRO_STRONG,
Antwerp,Royale Union SG,2026-09-20,home_win_and_under_25,77.1,PRO_STRONG,
Antwerp,Royale Union SG,2026-09-20,dc_12,71.9,PRO_MEDIUM,
Antwerp,Royale Union SG,2026-09-20,away_goals_over_05,70.5,PRO_MEDIUM,
Antwerp,Royale Union SG,2026-09-20,away_goals_under_15,69.7,PRO_MEDIUM,
Antwerp,Royale Union SG,2026-09-20,dc_1x_and_under_25,69.2,PRO_MEDIUM,
Antwerp,Royale Union SG,2026-09-20,both_teams_carded,69.1,PRO_MEDIUM,
Antwerp,Royale Union SG,2026-09-20,home_win_and_under_15,68.0,PRO_MEDIUM,
Antwerp,Royale Union SG,2026-09-20,home_win_either_half,59.5,PRO_MEDIUM,
Antwerp,Royale Union SG,2026-09-20,home_goals_under_15,59.3,PRO_MEDIUM,
Antwerp,Royale Union SG,2026-09-20,cards_range_3_5,57.5,PRO_MEDIUM,
Antwerp,Royale Union SG,2026-09-20,dc_x2_and_under_15,55.8,PRO_MEDIUM,
Antwerp,Royale Union SG,2026-09-20,btts,55.7,PRO_MEDIUM,
Aris,Iraklis,2026-09-19,both_teams_carded,86.4,PRO_STRONG,
Aris,Iraklis,2026-09-19,away_win_and_under_25,83.4,PRO_STRONG,
Aris,Iraklis,2026-09-19,away_win_and_under_15,80.7,PRO_STRONG,
Aris,Iraklis,2026-09-19,home_goals_over_05,78.3,PRO_STRONG,
Aris,Iraklis,2026-09-19,dc_1x,75.8,PRO_STRONG,
Aris,Iraklis,2026-09-19,home_win_and_under_25,75.4,PRO_STRONG,
Aris,Iraklis,2026-09-19,booking_pts_over_35,74.1,PRO_MEDIUM,
Aris,Iraklis,2026-09-19,away_goals_under_15,71.7,PRO_MEDIUM,
Aris,Iraklis,2026-09-19,home_win_and_under_15,69.8,PRO_MEDIUM,
Aris,Iraklis,2026-09-19,dc_12,68.5,PRO_MEDIUM,
Aris,Iraklis,2026-09-19,dc_1x_and_under_25,68.1,PRO_MEDIUM,
Aris,Iraklis,2026-09-19,away_goals_over_05,65.7,PRO_MEDIUM,
Aris,Iraklis,2026-09-19,home_win_either_half,59.7,PRO_MEDIUM,
Aris,Iraklis,2026-09-19,home_goals_under_15,58.0,PRO_MEDIUM,
Aris,Iraklis,2026-09-19,dc_12_and_under_25,57.4,PRO_MEDIUM,
Aris,Iraklis,2026-09-19,dc_x2_and_under_15,56.8,PRO_MEDIUM,
Aris,Iraklis,2026-09-19,dc_x2,55.7,PRO_MEDIUM,
Aris,Volos Nfc,2026-10-11,away_goals_under_25,94.3,PRO_STRONG,
Aris,Volos Nfc,2026-10-11,away_win_and_cards_under35,91.6,PRO_STRONG,
Aris,Volos Nfc,2026-10-11,away_win_and_under_25,91.3,PRO_STRONG,
Aris,Volos Nfc,2026-10-11,away_win_and_under_15,90.0,PRO_STRONG,
Aris,Volos Nfc,2026-10-11,home_goals_over_05,88.1,PRO_STRONG,
Aris,Volos Nfc,2026-10-11,dc_x2_and_under_25,86.8,PRO_STRONG,
Aris,Volos Nfc,2026-10-11,both_teams_carded,86.4,PRO_STRONG,
Aris,Volos Nfc,2026-10-11,dc_1x,85.7,PRO_STRONG,1.12
Aris,Volos Nfc,2026-10-11,home_goals_under_25,80.5,PRO_STRONG,
Aris,Volos Nfc,2026-10-11,away_goals_under_15,79.3,PRO_STRONG,
Aris,Volos Nfc,2026-10-11,home_win_either_half,75.8,PRO_STRONG,
Aris,Volos Nfc,2026-10-11,dc_12,75.5,PRO_STRONG,1.28
Aris,Volos Nfc,2026-10-11,home_win_and_corners_under95,69.9,PRO_MEDIUM,
Aris,Volos Nfc,2026-10-11,dc_x2_and_under_15,68.0,PRO_MEDIUM,
Aris,Volos Nfc,2026-10-11,dc_1x_and_over_15,67.3,PRO_MEDIUM,
Aris,Volos Nfc,2026-10-11,home_win_and_under_25,65.4,PRO_MEDIUM,
Aris,Volos Nfc,2026-10-11,home_win,61.1,PRO_MEDIUM,1.55
Aris,Volos Nfc,2026-10-11,home_goals_over_15,57.5,PRO_MEDIUM,
Aris,Volos Nfc,2026-10-11,dc_12_and_under_25,55.0,PRO_MEDIUM,
Arouca,Estrela,2026-10-11,away_goals_under_25,90.5,PRO_STRONG,
Arouca,Estrela,2026-10-11,away_win_and_under_25,87.0,PRO_STRONG,
Arouca,Estrela,2026-10-11,home_goals_under_25,86.6,PRO_STRONG,
Arouca,Estrela,2026-10-11,home_win_and_corners_under95,82.3,PRO_STRONG,
Arouca,Estrela,2026-10-11,away_win_and_under_15,81.8,PRO_STRONG,
Arouca,Estrela,2026-10-11,dc_x2_and_under_25,79.8,PRO_STRONG,
Arouca,Estrela,2026-10-11,away_win_and_cards_under35,79.3,PRO_STRONG,
Arouca,Estrela,2026-10-11,home_goals_over_05,77.2,PRO_STRONG,
Arouca,Estrela,2026-10-11,home_win_and_under_25,72.4,PRO_MEDIUM,
Arouca,Estrela,2026-10-11,dc_12,71.0,PRO_MEDIUM,1.33
Arouca,Estrela,2026-10-11,away_goals_under_15,69.0,PRO_MEDIUM,
Arouca,Estrela,2026-10-11,home_win_and_under_15,64.5,PRO_MEDIUM,
Arouca,Estrela,2026-10-11,dc_1x_and_under_25,63.2,PRO_MEDIUM,
Arouca,Estrela,2026-10-11,dc_x2_and_under_15,59.9,PRO_MEDIUM,
Arouca,Estrela,2026-10-11,dc_x2,57.4,PRO_MEDIUM,1.67
Arouca,Estrela,2026-10-11,home_goals_under_15,57.3,PRO_MEDIUM,
Arouca,Estrela,2026-10-11,home_win_either_half,57.1,PRO_MEDIUM,
Arouca,Estrela,2026-10-11,dc_1x_and_over_15,57.0,PRO_MEDIUM,
Arouca,Estrela,2026-10-11,dc_12_and_under_25,55.1,PRO_MEDIUM,
Arsenal,Leeds,2026-10-10,away_win_and_cards_under35,95.9,PRO_STRONG,
Arsenal,Leeds,2026-10-10,away_goals_under_25,94.6,PRO_STRONG,
Arsenal,Leeds,2026-10-10,away_win_and_under_25,94.4,PRO_STRONG,
Arsenal,Leeds,2026-10-10,away_win_and_under_15,93.8,PRO_STRONG,
Arsenal,Leeds,2026-10-10,home_goals_over_05,93.2,PRO_STRONG,
Arsenal,Leeds,2026-10-10,dc_1x,91.6,PRO_STRONG,1.1
Arsenal,Leeds,2026-10-10,dc_x2_and_under_25,88.8,PRO_STRONG,
Arsenal,Leeds,2026-10-10,dc_12,84.9,PRO_STRONG,1.18
Arsenal,Leeds,2026-10-10,home_win_either_half,84.3,PRO_STRONG,
Arsenal,Leeds,2026-10-10,dc_x2_and_under_15,82.2,PRO_STRONG,
Arsenal,Leeds,2026-10-10,away_goals_under_15,81.3,PRO_STRONG,
Arsenal,Leeds,2026-10-10,dc_1x_and_over_15,78.8,PRO_STRONG,
Arsenal,Leeds,2026-10-10,home_win,76.5,PRO_STRONG,1.38
Arsenal,Leeds,2026-10-10,home_win_and_corners_under95,73.6,PRO_MEDIUM,
Arsenal,Leeds,2026-10-10,home_goals_over_15,72.8,PRO_MEDIUM,
Arsenal,Leeds,2026-10-10,both_teams_carded,71.2,PRO_MEDIUM,
Arsenal,Leeds,2026-10-10,home_win_and_over_15,64.3,PRO_MEDIUM,
Arsenal,Leeds,2026-10-10,goals_over_25,63.5,PRO_MEDIUM,1.73
Arsenal,Leeds,2026-10-10,home_goals_under_25,60.6,PRO_MEDIUM,
Arsenal,Leeds,2026-10-10,home_win_2h,59.3,PRO_MEDIUM,
Arsenal,Leeds,2026-10-10,home_win_1h,59.0,PRO_MEDIUM,
Arsenal,Leeds,2026-10-10,cards_range_3_5,56.5,PRO_MEDIUM,
Arsenal,Leeds,2026-10-10,dc_12_and_over_25,56.1,PRO_MEDIUM,
Arsenal,Leeds,2026-10-10,dc_1x_and_over_25,55.4,PRO_MEDIUM,
Asteras Tripolis,Atromitos,2026-10-10,home_goals_under_25,92.3,PRO_STRONG,
Asteras Tripolis,Atromitos,2026-10-10,away_goals_under_25,91.1,PRO_STRONG,
Asteras Tripolis,Atromitos,2026-10-10,away_win_and_under_25,85.6,PRO_STRONG,
Asteras Tripolis,Atromitos,2026-10-10,both_teams_carded,85.5,PRO_STRONG,
Asteras Tripolis,Atromitos,2026-10-10,home_win_and_corners_under95,85.1,PRO_STRONG,
Asteras Tripolis,Atromitos,2026-10-10,dc_x2_and_under_25,82.8,PRO_STRONG,
Asteras Tripolis,Atromitos,2026-10-10,home_win_and_under_25,82.7,PRO_STRONG,
Asteras Tripolis,Atromitos,2026-10-10,away_win_and_under_15,80.7,PRO_STRONG,
Asteras Tripolis,Atromitos,2026-10-10,dc_1x_and_under_25,79.1,PRO_STRONG,
Asteras Tripolis,Atromitos,2026-10-10,home_win_and_under_15,76.4,PRO_STRONG,
Asteras Tripolis,Atromitos,2026-10-10,away_win_and_cards_under35,75.3,PRO_STRONG,
Asteras Tripolis,Atromitos,2026-10-10,away_goals_under_15,74.9,PRO_MEDIUM,
Asteras Tripolis,Atromitos,2026-10-10,booking_pts_over_35,73.7,PRO_MEDIUM,
Asteras Tripolis,Atromitos,2026-10-10,home_goals_under_15,70.5,PRO_MEDIUM,
Asteras Tripolis,Atromitos,2026-10-10,dc_12,67.8,PRO_MEDIUM,1.36
Asteras Tripolis,Atromitos,2026-10-10,dc_x2,67.6,PRO_MEDIUM,1.53
Asteras Tripolis,Atromitos,2026-10-10,home_goals_over_05,66.0,PRO_MEDIUM,
Asteras Tripolis,Atromitos,2026-10-10,dc_1x,64.6,PRO_MEDIUM,1.4
Asteras Tripolis,Atromitos,2026-10-10,dc_12_and_under_25,62.8,PRO_MEDIUM,
Asteras Tripolis,Atromitos,2026-10-10,goals_under_25,60.7,PRO_MEDIUM,1.62
Asteras Tripolis,Atromitos,2026-10-10,dc_x2_and_under_15,58.5,PRO_MEDIUM,
Asteras Tripolis,Atromitos,2026-10-10,dc_1x_and_under_15,57.4,PRO_MEDIUM,
Aston Villa,Brentford,2026-10-10,home_goals_under_25,88.6,PRO_STRONG,
Aston Villa,Brentford,2026-10-10,both_teams_carded,86.5,PRO_STRONG,
Aston Villa,Brentford,2026-10-10,home_win_and_corners_under95,85.1,PRO_STRONG,
Aston Villa,Brentford,2026-10-10,away_goals_under_25,82.2,PRO_STRONG,
Aston Villa,Brentford,2026-10-10,home_win_and_under_25,79.6,PRO_STRONG,
Aston Villa,Brentford,2026-10-10,home_goals_over_05,77.2,PRO_STRONG,
Aston Villa,Brentford,2026-10-10,home_win_and_under_15,76.8,PRO_STRONG,
Aston Villa,Brentford,2026-10-10,away_goals_over_05,76.2,PRO_STRONG,
Aston Villa,Brentford,2026-10-10,away_win_and_cards_under35,76.0,PRO_STRONG,
Aston Villa,Brentford,2026-10-10,dc_12,74.2,PRO_MEDIUM,1.3
Aston Villa,Brentford,2026-10-10,booking_pts_over_35,73.7,PRO_MEDIUM,
Aston Villa,Brentford,2026-10-10,away_win_and_under_25,72.2,PRO_MEDIUM,
Aston Villa,Brentford,2026-10-10,dc_1x_and_under_25,71.7,PRO_MEDIUM,
Aston Villa,Brentford,2026-10-10,dc_x2,71.4,PRO_MEDIUM,1.5
Aston Villa,Brentford,2026-10-10,away_win_and_under_15,69.9,PRO_MEDIUM,
Aston Villa,Brentford,2026-10-10,dc_x2_and_under_25,68.9,PRO_MEDIUM,
Aston Villa,Brentford,2026-10-10,away_goals_under_15,62.9,PRO_MEDIUM,
Aston Villa,Brentford,2026-10-10,home_goals_under_15,61.1,PRO_MEDIUM,
Aston Villa,Brentford,2026-10-10,away_win_either_half,58.5,PRO_MEDIUM,
Aston Villa,Brentford,2026-10-10,btts,56.0,PRO_MEDIUM,1.57
Aston Villa,Brentford,2026-10-10,booking_pts_over_45,55.4,PRO_MEDIUM,
Atalanta,Venezia,2026-10-12,away_goals_under_25,94.4,PRO_STRONG,
Atalanta,Venezia,2026-10-12,away_win_and_under_25,90.7,PRO_STRONG,
Atalanta,Venezia,2026-10-12,away_win_and_cards_under35,90.6,PRO_STRONG,
Atalanta,Venezia,2026-10-12,both_teams_carded,89.2,PRO_STRONG,
Atalanta,Venezia,2026-10-12,home_goals_over_05,88.1,PRO_STRONG,
Atalanta,Venezia,2026-10-12,away_win_and_under_15,87.1,PRO_STRONG,
Atalanta,Venezia,2026-10-12,dc_x2_and_under_25,83.3,PRO_STRONG,
Atalanta,Venezia,2026-10-12,dc_1x,82.0,PRO_STRONG,1.18
Atalanta,Venezia,2026-10-12,dc_12,80.1,PRO_STRONG,1.25
Atalanta,Venezia,2026-10-12,home_win_either_half,78.7,PRO_STRONG,
Atalanta,Venezia,2026-10-12,booking_pts_over_35,77.5,PRO_STRONG,
Atalanta,Venezia,2026-10-12,away_goals_under_15,76.6,PRO_STRONG,
Atalanta,Venezia,2026-10-12,home_win_and_corners_under95,73.6,PRO_MEDIUM,
Atalanta,Venezia,2026-10-12,home_goals_under_25,70.7,PRO_MEDIUM,
Atalanta,Venezia,2026-10-12,dc_1x_and_over_15,68.4,PRO_MEDIUM,
Atalanta,Venezia,2026-10-12,dc_x2_and_under_15,66.6,PRO_MEDIUM,
Atalanta,Venezia,2026-10-12,home_win_and_under_25,65.2,PRO_MEDIUM,
Atalanta,Venezia,2026-10-12,home_win,62.1,PRO_MEDIUM,1.65
Atalanta,Venezia,2026-10-12,away_goals_over_05,60.2,PRO_MEDIUM,
Atalanta,Venezia,2026-10-12,home_goals_over_15,59.6,PRO_MEDIUM,
Atalanta,Venezia,2026-10-12,dc_1x_and_under_25,57.1,PRO_MEDIUM,
Atalanta,Venezia,2026-10-12,dc_12_and_under_25,56.3,PRO_MEDIUM,
Atalanta,Venezia,2026-10-12,goals_over_25,55.1,PRO_MEDIUM,1.57
Ath Madrid,Real Madrid,2026-09-20,away_win_and_under_25,83.7,PRO_STRONG,
Ath Madrid,Real Madrid,2026-09-20,away_win_and_under_15,81.1,PRO_STRONG,
Ath Madrid,Real Madrid,2026-09-20,home_goals_over_05,79.6,PRO_STRONG,
Ath Madrid,Real Madrid,2026-09-20,home_win_and_under_25,76.0,PRO_STRONG,
Ath Madrid,Real Madrid,2026-09-20,dc_12,72.6,PRO_MEDIUM,
Ath Madrid,Real Madrid,2026-09-20,away_goals_under_15,69.9,PRO_MEDIUM,
Ath Madrid,Real Madrid,2026-09-20,dc_1x_and_under_25,67.4,PRO_MEDIUM,
Ath Madrid,Real Madrid,2026-09-20,home_win_and_under_15,61.8,PRO_MEDIUM,
Ath Madrid,Real Madrid,2026-09-20,home_win_either_half,58.4,PRO_MEDIUM,
Ath Madrid,Real Madrid,2026-09-20,dc_1x_and_over_15,56.9,PRO_MEDIUM,
Ath Madrid,Real Madrid,2026-09-20,dc_x2_and_under_15,56.9,PRO_MEDIUM,
Atromitos,AEK Athens,2026-10-17,home_goals_under_25,95.3,PRO_STRONG,
Atromitos,AEK Athens,2026-10-17,home_win_and_under_25,92.3,PRO_STRONG,
Atromitos,AEK Athens,2026-10-17,home_win_and_corners_under95,91.8,PRO_STRONG,
Atromitos,AEK Athens,2026-10-17,home_win_and_under_15,91.4,PRO_STRONG,
Atromitos,AEK Athens,2026-10-17,home_win_and_cards_under35,91.2,PRO_MEDIUM,
Atromitos,AEK Athens,2026-10-17,dc_1x_and_under_25,89.1,PRO_STRONG,
Atromitos,AEK Athens,2026-10-17,away_goals_over_05,87.3,PRO_STRONG,
Atromitos,AEK Athens,2026-10-17,dc_x2,86.8,PRO_STRONG,1.1
Atromitos,AEK Athens,2026-10-17,home_goals_under_15,82.7,PRO_STRONG,
Atromitos,AEK Athens,2026-10-17,dc_12,82.1,PRO_STRONG,1.2
Atromitos,AEK Athens,2026-10-17,dc_1x_and_under_15,79.5,PRO_STRONG,
Atromitos,AEK Athens,2026-10-17,both_teams_carded,77.6,PRO_STRONG,
Atromitos,AEK Athens,2026-10-17,away_win_either_half,77.6,PRO_STRONG,
Atromitos,AEK Athens,2026-10-17,away_win_and_cards_under35,74.5,PRO_MEDIUM,
Atromitos,AEK Athens,2026-10-17,dc_x2_and_over_15,71.5,PRO_MEDIUM,
Atromitos,AEK Athens,2026-10-17,away_win,68.9,PRO_MEDIUM,1.38
Atromitos,AEK Athens,2026-10-17,away_goals_under_25,65.3,PRO_MEDIUM,
Atromitos,AEK Athens,2026-10-17,booking_pts_over_35,62.5,PRO_MEDIUM,
Atromitos,AEK Athens,2026-10-17,away_goals_over_15,62.2,PRO_MEDIUM,
Atromitos,AEK Athens,2026-10-17,away_win_and_over_15,56.8,PRO_MEDIUM,
Atromitos,AEK Athens,2026-10-17,away_win_and_under_25,56.1,PRO_MEDIUM,
Atromitos,AEK Athens,2026-10-17,away_win_2h,56.0,PRO_MEDIUM,
Atromitos,AEK Athens,2026-10-17,home_goals_over_05,55.6,PRO_MEDIUM,
Augsburg,Bayern Munich,2026-10-10,home_goals_under_25,94.3,PRO_STRONG,
Augsburg,Bayern Munich,2026-10-10,home_win_and_under_25,91.8,PRO_STRONG,
Augsburg,Bayern Munich,2026-10-10,home_win_and_corners_under95,91.8,PRO_STRONG,
Augsburg,Bayern Munich,2026-10-10,home_win_and_cards_under35,91.0,PRO_MEDIUM,
Augsburg,Bayern Munich,2026-10-10,home_win_and_under_15,90.7,PRO_STRONG,
Augsburg,Bayern Munich,2026-10-10,away_goals_over_05,89.3,PRO_STRONG,
Augsburg,Bayern Munich,2026-10-10,dc_1x_and_under_25,87.4,PRO_STRONG,
Augsburg,Bayern Munich,2026-10-10,dc_x2,87.2,PRO_STRONG,1.06
Augsburg,Bayern Munich,2026-10-10,dc_12,84.3,PRO_STRONG,1.11
Augsburg,Bayern Munich,2026-10-10,away_win_either_half,79.2,PRO_STRONG,
Augsburg,Bayern Munich,2026-10-10,dc_1x_and_under_15,78.8,PRO_STRONG,
Augsburg,Bayern Munich,2026-10-10,home_goals_under_15,78.4,PRO_STRONG,
Augsburg,Bayern Munich,2026-10-10,dc_x2_and_over_15,73.2,PRO_MEDIUM,
Augsburg,Bayern Munich,2026-10-10,away_win,71.6,PRO_MEDIUM,1.22
Augsburg,Bayern Munich,2026-10-10,goals_over_25,70.7,PRO_MEDIUM,1.17
Augsburg,Bayern Munich,2026-10-10,both_teams_carded,69.8,PRO_MEDIUM,
Augsburg,Bayern Munich,2026-10-10,away_win_and_cards_under35,69.0,PRO_MEDIUM,
Augsburg,Bayern Munich,2026-10-10,dc_12_and_over_25,68.4,PRO_MEDIUM,
Augsburg,Bayern Munich,2026-10-10,away_goals_under_25,64.4,PRO_MEDIUM,
Augsburg,Bayern Munich,2026-10-10,away_goals_over_15,63.6,PRO_MEDIUM,
Augsburg,Bayern Munich,2026-10-10,away_win_and_over_15,61.1,PRO_MEDIUM,
Augsburg,Bayern Munich,2026-10-10,home_goals_over_05,56.6,PRO_MEDIUM,
Augsburg,Bayern Munich,2026-10-10,away_win_2h,56.3,PRO_MEDIUM,
Augsburg,Bayern Munich,2026-10-10,btts,56.3,PRO_MEDIUM,1.4
Auxerre,Brest,2026-09-20,away_win_and_under_25,84.5,PRO_STRONG,
Auxerre,Brest,2026-09-20,away_win_and_under_15,80.8,PRO_STRONG,
Auxerre,Brest,2026-09-20,home_goals_over_05,78.1,PRO_STRONG,
Auxerre,Brest,2026-09-20,home_win_and_under_25,76.9,PRO_STRONG,
Auxerre,Brest,2026-09-20,both_teams_carded,71.8,PRO_MEDIUM,
Auxerre,Brest,2026-09-20,dc_12,71.7,PRO_MEDIUM,
Auxerre,Brest,2026-09-20,away_goals_under_15,70.2,PRO_MEDIUM,
Auxerre,Brest,2026-09-20,dc_1x_and_under_25,68.6,PRO_MEDIUM,
Auxerre,Brest,2026-09-20,home_win_and_under_15,68.0,PRO_MEDIUM,
Auxerre,Brest,2026-09-20,home_win_either_half,60.8,PRO_MEDIUM,
Auxerre,Brest,2026-09-20,dc_12_and_under_25,60.3,PRO_MEDIUM,
Auxerre,Brest,2026-09-20,home_goals_under_15,58.3,PRO_MEDIUM,
Auxerre,Brest,2026-09-20,dc_x2_and_under_15,57.5,PRO_MEDIUM,
Auxerre,Brest,2026-09-20,cards_range_3_5,57.2,PRO_MEDIUM,
Az Alkmaar,Telstar,2026-09-20,away_win_and_under_25,84.6,PRO_STRONG,
Az Alkmaar,Telstar,2026-09-20,away_win_and_under_15,82.2,PRO_STRONG,
Az Alkmaar,Telstar,2026-09-20,home_goals_over_05,80.2,PRO_STRONG,
Az Alkmaar,Telstar,2026-09-20,dc_1x,76.1,PRO_STRONG,
Az Alkmaar,Telstar,2026-09-20,home_win_and_under_25,74.4,PRO_MEDIUM,
Az Alkmaar,Telstar,2026-09-20,both_teams_carded,71.5,PRO_MEDIUM,
Az Alkmaar,Telstar,2026-09-20,dc_12,69.8,PRO_MEDIUM,
Az Alkmaar,Telstar,2026-09-20,away_goals_over_05,69.7,PRO_MEDIUM,
Az Alkmaar,Telstar,2026-09-20,away_goals_under_15,67.2,PRO_MEDIUM,
Az Alkmaar,Telstar,2026-09-20,home_win_and_under_15,65.9,PRO_MEDIUM,
Az Alkmaar,Telstar,2026-09-20,dc_1x_and_under_25,64.8,PRO_MEDIUM,
Az Alkmaar,Telstar,2026-09-20,home_win_either_half,62.4,PRO_MEDIUM,
Az Alkmaar,Telstar,2026-09-20,dc_x2_and_under_15,57.8,PRO_MEDIUM,
Az Alkmaar,Telstar,2026-09-20,dc_1x_and_over_15,57.5,PRO_MEDIUM,
Az Alkmaar,Telstar,2026-09-20,dc_12_and_under_25,57.1,PRO_MEDIUM,
Az Alkmaar,Telstar,2026-09-20,home_goals_under_15,56.3,PRO_MEDIUM,
Barcelona,Getafe,2026-10-10,away_goals_under_25,96.4,PRO_STRONG,
Barcelona,Getafe,2026-10-10,away_win_and_under_25,96.0,PRO_STRONG,
Barcelona,Getafe,2026-10-10,away_win_and_cards_under35,95.7,PRO_STRONG,
Barcelona,Getafe,2026-10-10,away_win_and_under_15,95.4,PRO_STRONG,
Barcelona,Getafe,2026-10-10,home_goals_over_05,94.7,PRO_STRONG,
Barcelona,Getafe,2026-10-10,dc_1x,93.3,PRO_STRONG,1.01
Barcelona,Getafe,2026-10-10,dc_x2_and_under_25,92.4,PRO_STRONG,
Barcelona,Getafe,2026-10-10,dc_12,90.8,PRO_STRONG,1.04
Barcelona,Getafe,2026-10-10,dc_x2_and_under_15,89.6,PRO_STRONG,
Barcelona,Getafe,2026-10-10,home_win_either_half,89.1,PRO_STRONG,
Barcelona,Getafe,2026-10-10,both_teams_carded,87.7,PRO_STRONG,
Barcelona,Getafe,2026-10-10,away_goals_under_15,85.2,PRO_STRONG,
Barcelona,Getafe,2026-10-10,home_win,84.1,PRO_STRONG,1.06
Barcelona,Getafe,2026-10-10,dc_1x_and_over_15,82.3,PRO_STRONG,
Barcelona,Getafe,2026-10-10,home_goals_over_15,77.9,PRO_STRONG,
Barcelona,Getafe,2026-10-10,booking_pts_over_35,74.8,PRO_MEDIUM,
Barcelona,Getafe,2026-10-10,home_win_and_over_15,73.8,PRO_MEDIUM,
Barcelona,Getafe,2026-10-10,home_win_2h,68.5,PRO_MEDIUM,
Barcelona,Getafe,2026-10-10,goals_over_25,67.1,PRO_MEDIUM,1.22
Barcelona,Getafe,2026-10-10,home_win_and_corners_under95,66.4,PRO_MEDIUM,
Barcelona,Getafe,2026-10-10,home_win_1h,64.8,PRO_MEDIUM,
Barcelona,Getafe,2026-10-10,dc_12_and_over_25,64.0,PRO_MEDIUM,
Barcelona,Getafe,2026-10-10,dc_1x_and_over_25,63.6,PRO_MEDIUM,
Barcelona,Getafe,2026-10-10,home_win_and_over_25,60.3,PRO_MEDIUM,
Barcelona,Getafe,2026-10-10,home_score_both_halves,57.9,PRO_MEDIUM,
Basaksehir,Gaziantep,2026-10-18,away_win_and_under_25,83.0,PRO_STRONG,
Basaksehir,Gaziantep,2026-10-18,home_goals_over_05,81.8,PRO_STRONG,
Basaksehir,Gaziantep,2026-10-18,away_win_and_under_15,80.4,PRO_STRONG,
Basaksehir,Gaziantep,2026-10-18,both_teams_carded,77.2,PRO_STRONG,
Basaksehir,Gaziantep,2026-10-18,home_win_and_under_25,72.4,PRO_MEDIUM,
Basaksehir,Gaziantep,2026-10-18,away_goals_over_05,71.8,PRO_MEDIUM,
Basaksehir,Gaziantep,2026-10-18,away_goals_under_15,70.7,PRO_MEDIUM,
Basaksehir,Gaziantep,2026-10-18,dc_12,68.8,PRO_MEDIUM,
Basaksehir,Gaziantep,2026-10-18,home_win_and_under_15,67.8,PRO_MEDIUM,
Basaksehir,Gaziantep,2026-10-18,booking_pts_over_35,62.1,PRO_MEDIUM,
Basaksehir,Gaziantep,2026-10-18,dc_1x_and_under_25,61.7,PRO_MEDIUM,
Basaksehir,Gaziantep,2026-10-18,home_win_either_half,61.2,PRO_MEDIUM,
Basaksehir,Gaziantep,2026-10-18,dc_1x_and_over_15,59.4,PRO_MEDIUM,
Basaksehir,Gaziantep,2026-10-18,btts,58.6,PRO_MEDIUM,
Basaksehir,Gaziantep,2026-10-18,dc_x2,56.9,PRO_MEDIUM,
Basaksehir,Gaziantep,2026-10-18,dc_x2_and_under_15,55.4,PRO_MEDIUM,
Bayern Munich,Rb Leipzig,2026-10-17,away_win_and_cards_under35,95.9,PRO_STRONG,
Bayern Munich,Rb Leipzig,2026-10-17,away_win_and_under_25,94.7,PRO_STRONG,
Bayern Munich,Rb Leipzig,2026-10-17,home_goals_over_05,94.2,PRO_STRONG,
Bayern Munich,Rb Leipzig,2026-10-17,away_win_and_under_15,94.1,PRO_STRONG,
Bayern Munich,Rb Leipzig,2026-10-17,away_goals_under_25,93.0,PRO_STRONG,
Bayern Munich,Rb Leipzig,2026-10-17,dc_1x,91.6,PRO_STRONG,1.06
Bayern Munich,Rb Leipzig,2026-10-17,dc_x2_and_under_25,89.0,PRO_STRONG,
Bayern Munich,Rb Leipzig,2026-10-17,dc_12,88.7,PRO_STRONG,1.1
Bayern Munich,Rb Leipzig,2026-10-17,home_win_either_half,88.0,PRO_STRONG,
Bayern Munich,Rb Leipzig,2026-10-17,dc_x2_and_under_15,83.9,PRO_STRONG,
Bayern Munich,Rb Leipzig,2026-10-17,dc_1x_and_over_15,83.1,PRO_STRONG,
Bayern Munich,Rb Leipzig,2026-10-17,home_win,80.2,PRO_STRONG,1.2
Bayern Munich,Rb Leipzig,2026-10-17,home_goals_over_15,77.7,PRO_STRONG,
Bayern Munich,Rb Leipzig,2026-10-17,away_goals_under_15,76.8,PRO_STRONG,
Bayern Munich,Rb Leipzig,2026-10-17,home_win_and_over_15,72.0,PRO_MEDIUM,
Bayern Munich,Rb Leipzig,2026-10-17,goals_over_25,71.4,PRO_MEDIUM,1.17
Bayern Munich,Rb Leipzig,2026-10-17,both_teams_carded,69.5,PRO_MEDIUM,
Bayern Munich,Rb Leipzig,2026-10-17,dc_12_and_over_25,67.7,PRO_MEDIUM,
Bayern Munich,Rb Leipzig,2026-10-17,dc_1x_and_over_25,66.6,PRO_MEDIUM,
Bayern Munich,Rb Leipzig,2026-10-17,home_win_and_corners_under95,66.4,PRO_MEDIUM,
Bayern Munich,Rb Leipzig,2026-10-17,home_win_1h,65.6,PRO_MEDIUM,
Bayern Munich,Rb Leipzig,2026-10-17,home_win_2h,64.4,PRO_MEDIUM,
Bayern Munich,Rb Leipzig,2026-10-17,home_win_and_over_25,64.1,PRO_MEDIUM,
Bayern Munich,Rb Leipzig,2026-10-17,home_score_both_halves,61.6,PRO_MEDIUM,
Bayern Munich,Rb Leipzig,2026-10-17,home_goals_over_25,57.9,PRO_MEDIUM,
Bayern Munich,Rb Leipzig,2026-10-17,away_goals_over_05,56.6,PRO_MEDIUM,
Benfica,Guimaraes,2026-10-11,away_goals_under_25,96.7,PRO_STRONG,
Benfica,Guimaraes,2026-10-11,away_win_and_cards_under35,95.7,PRO_STRONG,
Benfica,Guimaraes,2026-10-11,away_win_and_under_25,95.2,PRO_STRONG,
Benfica,Guimaraes,2026-10-11,away_win_and_under_15,95.0,PRO_STRONG,
Benfica,Guimaraes,2026-10-11,home_goals_over_05,94.8,PRO_STRONG,
Benfica,Guimaraes,2026-10-11,dc_1x,92.7,PRO_STRONG,1.06
Benfica,Guimaraes,2026-10-11,dc_12,89.6,PRO_STRONG,1.14
Benfica,Guimaraes,2026-10-11,dc_x2_and_under_25,89.5,PRO_STRONG,
Benfica,Guimaraes,2026-10-11,home_win_either_half,88.5,PRO_STRONG,
Benfica,Guimaraes,2026-10-11,both_teams_carded,86.7,PRO_STRONG,
Benfica,Guimaraes,2026-10-11,dc_x2_and_under_15,85.3,PRO_STRONG,
Benfica,Guimaraes,2026-10-11,away_goals_under_15,83.0,PRO_STRONG,
Benfica,Guimaraes,2026-10-11,home_win,82.2,PRO_STRONG,1.25
Benfica,Guimaraes,2026-10-11,dc_1x_and_over_15,80.7,PRO_STRONG,
Benfica,Guimaraes,2026-10-11,home_goals_over_15,74.2,PRO_MEDIUM,
Benfica,Guimaraes,2026-10-11,booking_pts_over_35,74.1,PRO_MEDIUM,
Benfica,Guimaraes,2026-10-11,home_win_and_over_15,67.1,PRO_MEDIUM,
Benfica,Guimaraes,2026-10-11,home_win_and_corners_under95,67.0,PRO_MEDIUM,
Benfica,Guimaraes,2026-10-11,goals_over_25,66.0,PRO_MEDIUM,1.5
Benfica,Guimaraes,2026-10-11,home_win_1h,65.5,PRO_MEDIUM,
Benfica,Guimaraes,2026-10-11,home_win_2h,64.8,PRO_MEDIUM,
Benfica,Guimaraes,2026-10-11,dc_1x_and_over_25,61.3,PRO_MEDIUM,
Benfica,Guimaraes,2026-10-11,dc_12_and_over_25,58.9,PRO_MEDIUM,
Benfica,Guimaraes,2026-10-11,home_score_both_halves,57.3,PRO_MEDIUM,
Benfica,Guimaraes,2026-10-11,home_win_and_over_25,56.5,PRO_MEDIUM,
Besiktas,Kocaelispor,2026-10-11,away_win_and_under_25,96.1,PRO_STRONG,
Besiktas,Kocaelispor,2026-10-11,away_goals_under_25,95.9,PRO_STRONG,
Besiktas,Kocaelispor,2026-10-11,away_win_and_under_15,95.8,PRO_STRONG,
Besiktas,Kocaelispor,2026-10-11,away_win_and_cards_under35,95.7,PRO_STRONG,
Besiktas,Kocaelispor,2026-10-11,dc_1x,93.2,PRO_STRONG,1.04
Besiktas,Kocaelispor,2026-10-11,home_goals_over_05,92.4,PRO_STRONG,
Besiktas,Kocaelispor,2026-10-11,dc_x2_and_under_25,92.2,PRO_STRONG,
Besiktas,Kocaelispor,2026-10-11,home_win_either_half,88.4,PRO_STRONG,
Besiktas,Kocaelispor,2026-10-11,dc_12,88.4,PRO_STRONG,1.14
Besiktas,Kocaelispor,2026-10-11,dc_x2_and_under_15,87.8,PRO_STRONG,
Besiktas,Kocaelispor,2026-10-11,both_teams_carded,86.4,PRO_STRONG,
Besiktas,Kocaelispor,2026-10-11,away_goals_under_15,85.5,PRO_STRONG,
Besiktas,Kocaelispor,2026-10-11,home_win,81.6,PRO_STRONG,1.22
Besiktas,Kocaelispor,2026-10-11,dc_1x_and_over_15,77.4,PRO_STRONG,
Besiktas,Kocaelispor,2026-10-11,home_goals_over_15,72.3,PRO_MEDIUM,
Besiktas,Kocaelispor,2026-10-11,home_win_and_corners_under95,69.4,PRO_MEDIUM,
Besiktas,Kocaelispor,2026-10-11,home_win_and_over_15,68.6,PRO_MEDIUM,
Besiktas,Kocaelispor,2026-10-11,home_win_2h,66.3,PRO_MEDIUM,
Besiktas,Kocaelispor,2026-10-11,goals_over_25,59.3,PRO_MEDIUM,1.6
Besiktas,Kocaelispor,2026-10-11,dc_1x_and_over_25,57.4,PRO_MEDIUM,
Besiktas,Kocaelispor,2026-10-11,home_goals_under_25,57.3,PRO_MEDIUM,
Besiktas,Kocaelispor,2026-10-11,dc_12_and_over_25,56.5,PRO_MEDIUM,
Besiktas,Kocaelispor,2026-10-11,home_win_1h,56.4,PRO_MEDIUM,
Besiktas,Kocaelispor,2026-10-11,booking_pts_over_45,55.1,PRO_MEDIUM,
Betis,Barcelona,2026-10-17,home_goals_under_25,93.4,PRO_STRONG,
Betis,Barcelona,2026-10-17,home_win_and_corners_under95,91.8,PRO_STRONG,
Betis,Barcelona,2026-10-17,home_win_and_under_25,91.4,PRO_STRONG,
Betis,Barcelona,2026-10-17,home_win_and_under_15,89.7,PRO_STRONG,
Betis,Barcelona,2026-10-17,away_goals_over_05,87.9,PRO_STRONG,
Betis,Barcelona,2026-10-17,both_teams_carded,86.8,PRO_STRONG,
Betis,Barcelona,2026-10-17,home_win_and_cards_under35,86.2,PRO_MEDIUM,
Betis,Barcelona,2026-10-17,dc_x2,84.3,PRO_STRONG,1.17
Betis,Barcelona,2026-10-17,dc_1x_and_under_25,83.9,PRO_STRONG,
Betis,Barcelona,2026-10-17,dc_12,79.6,PRO_STRONG,1.18
Betis,Barcelona,2026-10-17,home_goals_under_15,77.7,PRO_STRONG,
Betis,Barcelona,2026-10-17,away_win_either_half,74.0,PRO_MEDIUM,
Betis,Barcelona,2026-10-17,dc_x2_and_over_15,71.8,PRO_MEDIUM,
Betis,Barcelona,2026-10-17,dc_1x_and_under_15,71.1,PRO_MEDIUM,
Betis,Barcelona,2026-10-17,away_win_and_cards_under35,68.7,PRO_MEDIUM,
Betis,Barcelona,2026-10-17,away_goals_under_25,67.4,PRO_MEDIUM,
Betis,Barcelona,2026-10-17,away_win,63.9,PRO_MEDIUM,1.5
Betis,Barcelona,2026-10-17,home_goals_over_05,62.7,PRO_MEDIUM,
Betis,Barcelona,2026-10-17,goals_over_25,61.3,PRO_MEDIUM,1.3
Betis,Barcelona,2026-10-17,away_goals_over_15,60.3,PRO_MEDIUM,
Betis,Barcelona,2026-10-17,dc_12_and_over_25,55.5,PRO_MEDIUM,
Betis,Barcelona,2026-10-17,away_win_and_over_15,55.4,PRO_MEDIUM,
Betis,Barcelona,2026-10-17,away_win_and_under_25,55.2,PRO_MEDIUM,
Betis,Osasuna,2026-10-11,away_goals_under_25,92.9,PRO_STRONG,
Betis,Osasuna,2026-10-11,away_win_and_cards_under35,91.0,PRO_STRONG,
Betis,Osasuna,2026-10-11,away_win_and_under_25,90.9,PRO_STRONG,
Betis,Osasuna,2026-10-11,away_win_and_under_15,89.8,PRO_STRONG,
Betis,Osasuna,2026-10-11,home_goals_over_05,89.5,PRO_STRONG,
Betis,Osasuna,2026-10-11,both_teams_carded,86.8,PRO_STRONG,
Betis,Osasuna,2026-10-11,dc_x2_and_under_25,85.9,PRO_STRONG,
Betis,Osasuna,2026-10-11,dc_1x,85.5,PRO_STRONG,1.18
Betis,Osasuna,2026-10-11,home_win_either_half,79.5,PRO_STRONG,
Betis,Osasuna,2026-10-11,dc_12,79.1,PRO_STRONG,1.25
Betis,Osasuna,2026-10-11,home_win_and_corners_under95,76.1,PRO_STRONG,
Betis,Osasuna,2026-10-11,home_goals_under_25,75.4,PRO_STRONG,
Betis,Osasuna,2026-10-11,away_goals_under_15,75.1,PRO_STRONG,
Betis,Osasuna,2026-10-11,dc_x2_and_under_15,69.7,PRO_MEDIUM,
Betis,Osasuna,2026-10-11,dc_1x_and_over_15,67.4,PRO_MEDIUM,
Betis,Osasuna,2026-10-11,home_win_and_under_25,64.6,PRO_MEDIUM,
Betis,Osasuna,2026-10-11,home_win,64.6,PRO_MEDIUM,1.65
Betis,Osasuna,2026-10-11,away_goals_over_05,61.6,PRO_MEDIUM,
Betis,Osasuna,2026-10-11,dc_1x_and_under_25,59.9,PRO_MEDIUM,
Betis,Osasuna,2026-10-11,home_goals_over_15,56.8,PRO_MEDIUM,
Birmingham,Preston,2026-10-13,away_win_and_under_25,85.2,PRO_STRONG,
Birmingham,Preston,2026-10-13,both_teams_carded,81.2,PRO_STRONG,
Birmingham,Preston,2026-10-13,away_win_and_under_15,80.0,PRO_STRONG,
Birmingham,Preston,2026-10-13,home_goals_over_05,78.6,PRO_STRONG,
Birmingham,Preston,2026-10-13,home_win_and_under_25,76.8,PRO_STRONG,
Birmingham,Preston,2026-10-13,dc_12,70.9,PRO_MEDIUM,
Birmingham,Preston,2026-10-13,away_goals_under_15,70.9,PRO_MEDIUM,
Birmingham,Preston,2026-10-13,dc_1x_and_under_25,67.2,PRO_MEDIUM,
Birmingham,Preston,2026-10-13,away_goals_over_05,66.3,PRO_MEDIUM,
Birmingham,Preston,2026-10-13,home_win_and_under_15,65.8,PRO_MEDIUM,
Birmingham,Preston,2026-10-13,dc_12_and_under_25,61.9,PRO_MEDIUM,
Birmingham,Preston,2026-10-13,booking_pts_over_35,60.8,PRO_MEDIUM,
Birmingham,Preston,2026-10-13,home_win_either_half,58.6,PRO_MEDIUM,
Birmingham,Preston,2026-10-13,dc_x2_and_under_15,57.3,PRO_MEDIUM,
Birmingham,Preston,2026-10-13,home_goals_under_15,55.9,PRO_MEDIUM,
Birmingham,Preston,2026-10-13,dc_x2,55.1,PRO_MEDIUM,
Birmingham,QPR,2026-10-17,away_win_and_under_25,85.8,PRO_STRONG,
Birmingham,QPR,2026-10-17,away_win_and_under_15,81.3,PRO_STRONG,
Birmingham,QPR,2026-10-17,both_teams_carded,79.3,PRO_STRONG,
Birmingham,QPR,2026-10-17,home_win_and_under_25,77.7,PRO_STRONG,
Birmingham,QPR,2026-10-17,home_goals_over_05,77.4,PRO_STRONG,
Birmingham,QPR,2026-10-17,dc_1x,76.9,PRO_STRONG,
Birmingham,QPR,2026-10-17,dc_12,69.3,PRO_MEDIUM,
Birmingham,QPR,2026-10-17,away_goals_under_15,68.2,PRO_MEDIUM,
Birmingham,QPR,2026-10-17,home_win_and_under_15,66.9,PRO_MEDIUM,
Birmingham,QPR,2026-10-17,dc_1x_and_under_25,66.6,PRO_MEDIUM,
Birmingham,QPR,2026-10-17,dc_12_and_under_25,60.9,PRO_MEDIUM,
Birmingham,QPR,2026-10-17,booking_pts_over_35,60.2,PRO_MEDIUM,
Birmingham,QPR,2026-10-17,home_win_either_half,58.8,PRO_MEDIUM,
Birmingham,QPR,2026-10-17,dc_x2_and_under_15,57.6,PRO_MEDIUM,
Birmingham,QPR,2026-10-17,home_goals_under_15,55.9,PRO_MEDIUM,
Birmingham,QPR,2026-10-17,dc_1x_and_over_15,55.2,PRO_MEDIUM,
Blackburn,Cardiff,2026-10-10,home_goals_under_25,88.3,PRO_STRONG,
Blackburn,Cardiff,2026-10-10,home_win_and_corners_under95,85.1,PRO_STRONG,
Blackburn,Cardiff,2026-10-10,away_goals_under_25,82.5,PRO_STRONG,
Blackburn,Cardiff,2026-10-10,home_win_and_cards_under35,80.5,PRO_MEDIUM,
Blackburn,Cardiff,2026-10-10,home_win_and_under_25,79.5,PRO_STRONG,
Blackburn,Cardiff,2026-10-10,dc_12,77.9,PRO_STRONG,1.28
Blackburn,Cardiff,2026-10-10,away_win_and_cards_under35,75.8,PRO_STRONG,
Blackburn,Cardiff,2026-10-10,home_win_and_under_15,75.2,PRO_STRONG,
Blackburn,Cardiff,2026-10-10,away_win_and_under_25,74.8,PRO_MEDIUM,
Blackburn,Cardiff,2026-10-10,away_goals_over_05,74.1,PRO_MEDIUM,
Blackburn,Cardiff,2026-10-10,home_goals_over_05,73.2,PRO_MEDIUM,
Blackburn,Cardiff,2026-10-10,both_teams_carded,70.4,PRO_MEDIUM,
Blackburn,Cardiff,2026-10-10,away_win_and_under_15,70.3,PRO_MEDIUM,
Blackburn,Cardiff,2026-10-10,dc_x2_and_under_25,70.3,PRO_MEDIUM,
Blackburn,Cardiff,2026-10-10,dc_1x_and_under_25,70.2,PRO_MEDIUM,
Blackburn,Cardiff,2026-10-10,dc_x2,66.4,PRO_MEDIUM,1.5
Blackburn,Cardiff,2026-10-10,away_goals_under_15,60.7,PRO_MEDIUM,
Blackburn,Cardiff,2026-10-10,away_win_either_half,59.4,PRO_MEDIUM,
Blackburn,Cardiff,2026-10-10,home_goals_under_15,58.2,PRO_MEDIUM,
Blackburn,Cardiff,2026-10-10,dc_12_and_under_25,57.7,PRO_MEDIUM,
Blackburn,Cardiff,2026-10-10,dc_1x,55.7,PRO_MEDIUM,1.5
Bologna,Inter,2026-10-17,home_goals_under_25,94.7,PRO_STRONG,
Bologna,Inter,2026-10-17,home_win_and_under_25,91.7,PRO_STRONG,
Bologna,Inter,2026-10-17,home_win_and_corners_under95,91.1,PRO_STRONG,
Bologna,Inter,2026-10-17,home_win_and_under_15,89.6,PRO_STRONG,
Bologna,Inter,2026-10-17,away_goals_over_05,87.2,PRO_STRONG,
Bologna,Inter,2026-10-17,home_win_and_cards_under35,85.9,PRO_MEDIUM,
Bologna,Inter,2026-10-17,dc_1x_and_under_25,84.8,PRO_STRONG,
Bologna,Inter,2026-10-17,dc_x2,84.8,PRO_STRONG,
Bologna,Inter,2026-10-17,both_teams_carded,78.0,PRO_STRONG,
Bologna,Inter,2026-10-17,dc_12,76.4,PRO_STRONG,
Bologna,Inter,2026-10-17,away_win_and_cards_under35,75.7,PRO_STRONG,
Bologna,Inter,2026-10-17,home_goals_under_15,74.6,PRO_MEDIUM,
Bologna,Inter,2026-10-17,away_win_either_half,74.0,PRO_MEDIUM,
Bologna,Inter,2026-10-17,away_goals_under_25,70.1,PRO_MEDIUM,
Bologna,Inter,2026-10-17,dc_1x_and_under_15,69.6,PRO_MEDIUM,
Bologna,Inter,2026-10-17,dc_x2_and_over_15,68.8,PRO_MEDIUM,
Bologna,Inter,2026-10-17,away_win_and_under_25,62.0,PRO_MEDIUM,
Bologna,Inter,2026-10-17,away_win,61.1,PRO_MEDIUM,1.65
Bologna,Inter,2026-10-17,booking_pts_over_35,60.5,PRO_MEDIUM,
Bologna,Inter,2026-10-17,home_goals_over_05,60.3,PRO_MEDIUM,
Bologna,Inter,2026-10-17,away_goals_over_15,58.3,PRO_MEDIUM,
Bologna,Inter,2026-10-17,goals_over_25,58.1,PRO_MEDIUM,1.67
Bologna,Inter,2026-10-17,cards_range_3_5,57.2,PRO_MEDIUM,
Bologna,Inter,2026-10-17,booking_pts_under_45,55.6,PRO_MEDIUM,
Bolton,Middlesbrough,2026-10-23,away_win_and_under_25,84.0,PRO_STRONG,
Bolton,Middlesbrough,2026-10-23,away_win_and_under_15,79.3,PRO_STRONG,
Bolton,Middlesbrough,2026-10-23,home_win_and_under_25,78.6,PRO_STRONG,
Bolton,Middlesbrough,2026-10-23,home_goals_over_05,76.5,PRO_STRONG,
Bolton,Middlesbrough,2026-10-23,dc_12,73.5,PRO_MEDIUM,
Bolton,Middlesbrough,2026-10-23,dc_1x_and_under_25,72.5,PRO_MEDIUM,
Bolton,Middlesbrough,2026-10-23,both_teams_carded,71.5,PRO_MEDIUM,
Bolton,Middlesbrough,2026-10-23,away_goals_over_05,69.4,PRO_MEDIUM,
Bolton,Middlesbrough,2026-10-23,away_goals_under_15,67.9,PRO_MEDIUM,
Bolton,Middlesbrough,2026-10-23,home_win_and_under_15,67.0,PRO_MEDIUM,
Bolton,Middlesbrough,2026-10-23,dc_12_and_under_25,62.4,PRO_MEDIUM,
Bolton,Middlesbrough,2026-10-23,home_win_either_half,60.7,PRO_MEDIUM,
Bolton,Middlesbrough,2026-10-23,home_goals_under_15,59.1,PRO_MEDIUM,
Bolton,Middlesbrough,2026-10-23,dc_x2_and_under_15,56.2,PRO_MEDIUM,
Bolton,Stoke,2026-10-10,home_goals_under_25,89.0,PRO_STRONG,
Bolton,Stoke,2026-10-10,home_win_and_corners_under95,85.1,PRO_STRONG,
Bolton,Stoke,2026-10-10,away_goals_under_25,84.5,PRO_STRONG,
Bolton,Stoke,2026-10-10,away_win_and_cards_under35,81.3,PRO_STRONG,
Bolton,Stoke,2026-10-10,dc_12,80.9,PRO_STRONG,1.3
Bolton,Stoke,2026-10-10,home_win_and_under_25,80.3,PRO_STRONG,
Bolton,Stoke,2026-10-10,away_win_and_under_25,77.7,PRO_STRONG,
Bolton,Stoke,2026-10-10,home_win_and_under_15,75.6,PRO_STRONG,
Bolton,Stoke,2026-10-10,both_teams_carded,73.6,PRO_MEDIUM,
Bolton,Stoke,2026-10-10,dc_x2_and_under_25,73.6,PRO_MEDIUM,
Bolton,Stoke,2026-10-10,dc_1x_and_under_25,71.7,PRO_MEDIUM,
Bolton,Stoke,2026-10-10,away_win_and_under_15,71.7,PRO_MEDIUM,
Bolton,Stoke,2026-10-10,home_goals_over_05,71.0,PRO_MEDIUM,
Bolton,Stoke,2026-10-10,away_goals_over_05,69.6,PRO_MEDIUM,
Bolton,Stoke,2026-10-10,home_goals_under_15,65.3,PRO_MEDIUM,
Bolton,Stoke,2026-10-10,away_goals_under_15,63.4,PRO_MEDIUM,
Bolton,Stoke,2026-10-10,dc_12_and_under_25,61.5,PRO_MEDIUM,
Bolton,Stoke,2026-10-10,dc_x2,60.8,PRO_MEDIUM,1.5
Bolton,Stoke,2026-10-10,dc_1x,58.2,PRO_MEDIUM,1.5
Bolton,Stoke,2026-10-10,away_win_either_half,57.2,PRO_MEDIUM,
Bolton,Stoke,2026-10-10,booking_pts_over_35,56.4,PRO_MEDIUM,
Bolton,Stoke,2026-10-10,goals_under_25,55.4,PRO_MEDIUM,1.91
Bournemouth,Liverpool,2026-09-20,away_win_and_under_25,84.7,PRO_STRONG,
Bournemouth,Liverpool,2026-09-20,away_win_and_under_15,82.5,PRO_STRONG,
Bournemouth,Liverpool,2026-09-20,home_goals_over_05,82.3,PRO_STRONG,
Bournemouth,Liverpool,2026-09-20,both_teams_carded,76.9,PRO_STRONG,
Bournemouth,Liverpool,2026-09-20,home_win_and_under_25,75.6,PRO_STRONG,
Bournemouth,Liverpool,2026-09-20,dc_12,71.0,PRO_MEDIUM,
Bournemouth,Liverpool,2026-09-20,away_goals_over_05,70.1,PRO_MEDIUM,
Bournemouth,Liverpool,2026-09-20,away_goals_under_15,68.4,PRO_MEDIUM,
Bournemouth,Liverpool,2026-09-20,dc_1x_and_under_25,66.9,PRO_MEDIUM,
Bournemouth,Liverpool,2026-09-20,home_win_and_under_15,64.4,PRO_MEDIUM,
Bournemouth,Liverpool,2026-09-20,home_win_either_half,61.8,PRO_MEDIUM,
Bournemouth,Liverpool,2026-09-20,booking_pts_over_35,59.9,PRO_MEDIUM,
Bournemouth,Liverpool,2026-09-20,dc_1x_and_over_15,58.1,PRO_MEDIUM,
Bournemouth,Liverpool,2026-09-20,dc_x2_and_under_15,56.1,PRO_MEDIUM,
Bournemouth,Liverpool,2026-09-20,cards_range_3_5,55.4,PRO_MEDIUM,
Bournemouth,Liverpool,2026-09-20,dc_12_and_under_25,55.3,PRO_MEDIUM,
Bournemouth,Sunderland,2026-10-18,away_goals_under_25,89.6,PRO_STRONG,
Bournemouth,Sunderland,2026-10-18,both_teams_carded,86.7,PRO_STRONG,
Bournemouth,Sunderland,2026-10-18,away_win_and_under_25,85.5,PRO_STRONG,
Bournemouth,Sunderland,2026-10-18,home_goals_under_25,84.3,PRO_STRONG,
Bournemouth,Sunderland,2026-10-18,away_win_and_under_15,84.2,PRO_STRONG,
Bournemouth,Sunderland,2026-10-18,dc_x2_and_under_25,80.2,PRO_STRONG,
Bournemouth,Sunderland,2026-10-18,home_win_and_corners_under95,79.9,PRO_STRONG,
Bournemouth,Sunderland,2026-10-18,home_goals_over_05,79.7,PRO_STRONG,
Bournemouth,Sunderland,2026-10-18,away_win_and_cards_under35,78.6,PRO_STRONG,
Bournemouth,Sunderland,2026-10-18,dc_1x,77.0,PRO_STRONG,1.28
Bournemouth,Sunderland,2026-10-18,home_win_and_under_25,76.3,PRO_STRONG,
Bournemouth,Sunderland,2026-10-18,away_goals_under_15,71.6,PRO_MEDIUM,
Bournemouth,Sunderland,2026-10-18,dc_1x_and_under_25,69.5,PRO_MEDIUM,
Bournemouth,Sunderland,2026-10-18,home_win_and_under_15,67.7,PRO_MEDIUM,
Bournemouth,Sunderland,2026-10-18,dc_12,65.7,PRO_MEDIUM,1.28
Bournemouth,Sunderland,2026-10-18,away_goals_over_05,65.2,PRO_MEDIUM,
Bournemouth,Sunderland,2026-10-18,dc_x2_and_under_15,59.5,PRO_MEDIUM,
Bournemouth,Sunderland,2026-10-18,home_win_either_half,59.3,PRO_MEDIUM,
Bournemouth,Sunderland,2026-10-18,dc_1x_and_over_15,57.5,PRO_MEDIUM,
Bournemouth,Sunderland,2026-10-18,dc_x2,57.4,PRO_MEDIUM,1.8
Bournemouth,Sunderland,2026-10-18,dc_12_and_under_25,57.4,PRO_MEDIUM,
Bournemouth,Sunderland,2026-10-18,booking_pts_over_45,55.0,PRO_MEDIUM,
Brentford,Liverpool,2026-10-17,home_win_and_corners_under95,85.1,PRO_STRONG,
Brentford,Liverpool,2026-10-17,away_goals_over_05,84.4,PRO_STRONG,
Brentford,Liverpool,2026-10-17,home_goals_under_25,82.3,PRO_STRONG,
Brentford,Liverpool,2026-10-17,home_win_and_cards_under35,81.3,PRO_MEDIUM,
Brentford,Liverpool,2026-10-17,away_win_and_cards_under35,79.7,PRO_STRONG,
Brentford,Liverpool,2026-10-17,both_teams_carded,77.5,PRO_STRONG,
Brentford,Liverpool,2026-10-17,home_goals_over_05,77.2,PRO_STRONG,
Brentford,Liverpool,2026-10-17,dc_12,77.0,PRO_STRONG,1.25
Brentford,Liverpool,2026-10-17,home_win_and_under_25,75.2,PRO_STRONG,
Brentford,Liverpool,2026-10-17,away_goals_under_25,75.1,PRO_STRONG,
Brentford,Liverpool,2026-10-17,home_win_and_under_15,71.8,PRO_MEDIUM,
Brentford,Liverpool,2026-10-17,dc_1x_and_under_25,70.6,PRO_MEDIUM,
Brentford,Liverpool,2026-10-17,away_win_and_under_25,68.4,PRO_MEDIUM,
Brentford,Liverpool,2026-10-17,booking_pts_over_35,64.9,PRO_MEDIUM,
Brentford,Liverpool,2026-10-17,dc_x2,64.7,PRO_MEDIUM,1.44
Brentford,Liverpool,2026-10-17,away_win_either_half,64.3,PRO_MEDIUM,
Brentford,Liverpool,2026-10-17,away_win_and_under_15,63.6,PRO_MEDIUM,
Brentford,Liverpool,2026-10-17,goals_over_25,63.6,PRO_MEDIUM,1.57
Brentford,Liverpool,2026-10-17,dc_x2_and_under_25,59.0,PRO_MEDIUM,
Brentford,Liverpool,2026-10-17,home_goals_under_15,58.4,PRO_MEDIUM,
Brentford,Liverpool,2026-10-17,dc_1x,58.3,PRO_MEDIUM,1.57
Brentford,Liverpool,2026-10-17,dc_12_and_over_25,56.5,PRO_MEDIUM,
Brentford,Liverpool,2026-10-17,btts,55.5,PRO_MEDIUM,1.5
Brest,Angers,2026-10-10,away_goals_under_25,91.2,PRO_STRONG,
Brest,Angers,2026-10-10,away_win_and_cards_under35,88.0,PRO_STRONG,
Brest,Angers,2026-10-10,away_win_and_under_25,87.6,PRO_STRONG,
Brest,Angers,2026-10-10,home_goals_under_25,86.0,PRO_STRONG,
Brest,Angers,2026-10-10,away_win_and_under_15,83.8,PRO_STRONG,
Brest,Angers,2026-10-10,dc_x2_and_under_25,80.8,PRO_STRONG,
Brest,Angers,2026-10-10,home_win_and_corners_under95,80.6,PRO_STRONG,
Brest,Angers,2026-10-10,dc_1x,78.9,PRO_STRONG,1.22
Brest,Angers,2026-10-10,home_goals_over_05,78.8,PRO_STRONG,
Brest,Angers,2026-10-10,home_win_and_under_25,76.3,PRO_STRONG,
Brest,Angers,2026-10-10,both_teams_carded,71.1,PRO_MEDIUM,
Brest,Angers,2026-10-10,away_goals_under_15,69.0,PRO_MEDIUM,
Brest,Angers,2026-10-10,dc_1x_and_under_25,68.4,PRO_MEDIUM,
Brest,Angers,2026-10-10,dc_12,67.9,PRO_MEDIUM,1.28
Brest,Angers,2026-10-10,home_win_and_under_15,64.2,PRO_MEDIUM,
Brest,Angers,2026-10-10,away_goals_over_05,64.1,PRO_MEDIUM,
Brest,Angers,2026-10-10,dc_x2_and_under_15,62.4,PRO_MEDIUM,
Brest,Angers,2026-10-10,home_win_either_half,62.2,PRO_MEDIUM,
Brest,Angers,2026-10-10,cards_range_3_5,60.0,PRO_MEDIUM,
Brest,Angers,2026-10-10,dc_12_and_under_25,58.8,PRO_MEDIUM,
Brest,Angers,2026-10-10,dc_1x_and_over_15,56.7,PRO_MEDIUM,
Brest,Nice,2026-10-23,away_win_and_under_25,86.1,PRO_STRONG,
Brest,Nice,2026-10-23,away_win_and_under_15,82.1,PRO_STRONG,
Brest,Nice,2026-10-23,home_goals_over_05,77.8,PRO_STRONG,
Brest,Nice,2026-10-23,dc_1x,75.9,PRO_STRONG,
Brest,Nice,2026-10-23,home_win_and_under_25,75.9,PRO_STRONG,
Brest,Nice,2026-10-23,away_goals_under_15,71.3,PRO_MEDIUM,
Brest,Nice,2026-10-23,both_teams_carded,71.1,PRO_MEDIUM,
Brest,Nice,2026-10-23,dc_12,69.3,PRO_MEDIUM,
Brest,Nice,2026-10-23,dc_1x_and_under_25,67.2,PRO_MEDIUM,
Brest,Nice,2026-10-23,away_goals_over_05,66.4,PRO_MEDIUM,
Brest,Nice,2026-10-23,home_win_and_under_15,66.2,PRO_MEDIUM,
Brest,Nice,2026-10-23,home_win_either_half,59.5,PRO_MEDIUM,
Brest,Nice,2026-10-23,dc_x2_and_under_15,57.8,PRO_MEDIUM,
Brest,Nice,2026-10-23,cards_range_3_5,56.9,PRO_MEDIUM,
Brest,Nice,2026-10-23,dc_12_and_under_25,56.0,PRO_MEDIUM,
Brighton,Crystal Palace,2026-10-18,away_goals_under_25,92.3,PRO_STRONG,
Brighton,Crystal Palace,2026-10-18,away_win_and_cards_under35,92.0,PRO_STRONG,
Brighton,Crystal Palace,2026-10-18,away_win_and_under_25,89.4,PRO_STRONG,
Brighton,Crystal Palace,2026-10-18,home_goals_over_05,89.1,PRO_STRONG,
Brighton,Crystal Palace,2026-10-18,away_win_and_under_15,87.6,PRO_STRONG,
Brighton,Crystal Palace,2026-10-18,dc_x2_and_under_25,85.8,PRO_STRONG,
Brighton,Crystal Palace,2026-10-18,dc_1x,84.9,PRO_STRONG,1.17
Brighton,Crystal Palace,2026-10-18,dc_12,82.6,PRO_STRONG,1.22
Brighton,Crystal Palace,2026-10-18,away_goals_under_15,77.1,PRO_STRONG,
Brighton,Crystal Palace,2026-10-18,both_teams_carded,76.8,PRO_STRONG,
Brighton,Crystal Palace,2026-10-18,home_win_and_corners_under95,75.7,PRO_STRONG,
Brighton,Crystal Palace,2026-10-18,home_win_either_half,74.6,PRO_MEDIUM,
Brighton,Crystal Palace,2026-10-18,dc_x2_and_under_15,70.9,PRO_MEDIUM,
Brighton,Crystal Palace,2026-10-18,dc_1x_and_over_15,68.7,PRO_MEDIUM,
Brighton,Crystal Palace,2026-10-18,home_win,67.5,PRO_MEDIUM,1.55
Brighton,Crystal Palace,2026-10-18,home_goals_under_25,64.8,PRO_MEDIUM,
Brighton,Crystal Palace,2026-10-18,home_goals_over_15,62.1,PRO_MEDIUM,
Brighton,Crystal Palace,2026-10-18,booking_pts_over_35,61.3,PRO_MEDIUM,
Brighton,Crystal Palace,2026-10-18,away_goals_over_05,59.5,PRO_MEDIUM,
Brighton,Crystal Palace,2026-10-18,home_win_and_under_25,59.4,PRO_MEDIUM,
Brighton,Crystal Palace,2026-10-18,home_win_and_over_15,59.0,PRO_MEDIUM,
Brighton,Crystal Palace,2026-10-18,dc_1x_and_under_25,56.5,PRO_MEDIUM,
Brighton,Crystal Palace,2026-10-18,cards_range_3_5,55.7,PRO_MEDIUM,
Bristol City,Blackburn,2026-10-13,away_win_and_under_25,85.2,PRO_STRONG,
Bristol City,Blackburn,2026-10-13,away_win_and_under_15,81.3,PRO_STRONG,
Bristol City,Blackburn,2026-10-13,home_goals_over_05,79.4,PRO_STRONG,
Bristol City,Blackburn,2026-10-13,both_teams_carded,79.3,PRO_STRONG,
Bristol City,Blackburn,2026-10-13,home_win_and_under_25,76.0,PRO_STRONG,
Bristol City,Blackburn,2026-10-13,away_goals_under_15,69.5,PRO_MEDIUM,
Bristol City,Blackburn,2026-10-13,dc_12,68.9,PRO_MEDIUM,
Bristol City,Blackburn,2026-10-13,home_win_and_under_15,67.6,PRO_MEDIUM,
Bristol City,Blackburn,2026-10-13,dc_1x_and_under_25,66.7,PRO_MEDIUM,
Bristol City,Blackburn,2026-10-13,away_goals_over_05,66.3,PRO_MEDIUM,
Bristol City,Blackburn,2026-10-13,booking_pts_over_35,60.8,PRO_MEDIUM,
Bristol City,Blackburn,2026-10-13,home_win_either_half,60.6,PRO_MEDIUM,
Bristol City,Blackburn,2026-10-13,home_goals_under_15,57.5,PRO_MEDIUM,
Bristol City,Blackburn,2026-10-13,dc_x2,56.8,PRO_MEDIUM,
Bristol City,Blackburn,2026-10-13,dc_12_and_under_25,56.1,PRO_MEDIUM,
Bristol City,Sheffield United,2026-10-17,away_win_and_under_25,85.5,PRO_STRONG,
Bristol City,Sheffield United,2026-10-17,away_win_and_under_15,79.7,PRO_STRONG,
Bristol City,Sheffield United,2026-10-17,home_goals_over_05,78.4,PRO_STRONG,
Bristol City,Sheffield United,2026-10-17,home_win_and_under_25,76.3,PRO_STRONG,
Bristol City,Sheffield United,2026-10-17,both_teams_carded,73.3,PRO_MEDIUM,
Bristol City,Sheffield United,2026-10-17,dc_12,70.2,PRO_MEDIUM,
Bristol City,Sheffield United,2026-10-17,away_goals_under_15,69.6,PRO_MEDIUM,
Bristol City,Sheffield United,2026-10-17,dc_1x_and_under_25,68.3,PRO_MEDIUM,
Bristol City,Sheffield United,2026-10-17,home_win_and_under_15,68.2,PRO_MEDIUM,
Bristol City,Sheffield United,2026-10-17,home_win_either_half,61.3,PRO_MEDIUM,
Bristol City,Sheffield United,2026-10-17,dc_12_and_under_25,58.4,PRO_MEDIUM,
Bristol City,Sheffield United,2026-10-17,home_goals_under_15,57.1,PRO_MEDIUM,
Bristol City,Sheffield United,2026-10-17,dc_x2,56.0,PRO_MEDIUM,
Burnley,Charlton,2026-10-13,away_win_and_under_25,83.3,PRO_STRONG,
Burnley,Charlton,2026-10-13,both_teams_carded,81.2,PRO_STRONG,
Burnley,Charlton,2026-10-13,away_win_and_under_15,80.3,PRO_STRONG,
Burnley,Charlton,2026-10-13,home_goals_over_05,79.3,PRO_STRONG,
Burnley,Charlton,2026-10-13,dc_1x,77.3,PRO_STRONG,
Burnley,Charlton,2026-10-13,home_win_and_under_25,75.4,PRO_STRONG,
Burnley,Charlton,2026-10-13,away_goals_under_15,71.5,PRO_MEDIUM,
Burnley,Charlton,2026-10-13,home_win_and_under_15,70.6,PRO_MEDIUM,
Burnley,Charlton,2026-10-13,dc_12,66.6,PRO_MEDIUM,
Burnley,Charlton,2026-10-13,dc_1x_and_under_25,66.0,PRO_MEDIUM,
Burnley,Charlton,2026-10-13,home_win_either_half,61.6,PRO_MEDIUM,
Burnley,Charlton,2026-10-13,dc_12_and_under_25,60.8,PRO_MEDIUM,
Burnley,Charlton,2026-10-13,booking_pts_over_35,60.8,PRO_MEDIUM,
Burnley,Charlton,2026-10-13,home_goals_under_15,57.6,PRO_MEDIUM,
Burnley,Charlton,2026-10-13,dc_x2_and_under_15,57.6,PRO_MEDIUM,
Burnley,Charlton,2026-10-13,dc_x2,56.0,PRO_MEDIUM,
Burnley,Charlton,2026-10-13,dc_1x_and_over_15,55.3,PRO_MEDIUM,
Burnley,Wolves,2026-10-16,away_win_and_under_25,83.9,PRO_STRONG,
Burnley,Wolves,2026-10-16,away_win_and_under_15,80.7,PRO_STRONG,
Burnley,Wolves,2026-10-16,home_goals_over_05,80.3,PRO_STRONG,
Burnley,Wolves,2026-10-16,home_win_and_under_25,76.0,PRO_STRONG,
Burnley,Wolves,2026-10-16,dc_1x,75.4,PRO_STRONG,
Burnley,Wolves,2026-10-16,away_goals_under_15,71.4,PRO_MEDIUM,
Burnley,Wolves,2026-10-16,both_teams_carded,70.4,PRO_MEDIUM,
Burnley,Wolves,2026-10-16,dc_12,70.0,PRO_MEDIUM,
Burnley,Wolves,2026-10-16,away_goals_over_05,69.2,PRO_MEDIUM,
Burnley,Wolves,2026-10-16,home_win_and_under_15,67.4,PRO_MEDIUM,
Burnley,Wolves,2026-10-16,dc_1x_and_under_25,66.8,PRO_MEDIUM,
Burnley,Wolves,2026-10-16,home_win_either_half,61.1,PRO_MEDIUM,
Burnley,Wolves,2026-10-16,dc_12_and_under_25,59.7,PRO_MEDIUM,
Burnley,Wolves,2026-10-16,dc_x2_and_under_15,56.1,PRO_MEDIUM,
Burnley,Wolves,2026-10-16,dc_1x_and_over_15,55.8,PRO_MEDIUM,
Cagliari,Juventus,2026-10-11,home_goals_under_25,94.2,PRO_STRONG,
Cagliari,Juventus,2026-10-11,home_win_and_under_25,92.2,PRO_STRONG,
Cagliari,Juventus,2026-10-11,home_win_and_corners_under95,91.8,PRO_STRONG,
Cagliari,Juventus,2026-10-11,home_win_and_under_15,90.1,PRO_STRONG,
Cagliari,Juventus,2026-10-11,home_win_and_cards_under35,87.2,PRO_MEDIUM,
Cagliari,Juventus,2026-10-11,dc_x2,86.3,PRO_STRONG,1.12
Cagliari,Juventus,2026-10-11,dc_1x_and_under_25,86.0,PRO_STRONG,
Cagliari,Juventus,2026-10-11,away_goals_over_05,84.1,PRO_STRONG,
Cagliari,Juventus,2026-10-11,dc_12,80.0,PRO_STRONG,1.28
Cagliari,Juventus,2026-10-11,home_goals_under_15,78.1,PRO_STRONG,
Cagliari,Juventus,2026-10-11,both_teams_carded,77.4,PRO_STRONG,
Cagliari,Juventus,2026-10-11,dc_1x_and_under_15,74.1,PRO_MEDIUM,
Cagliari,Juventus,2026-10-11,away_win_either_half,72.0,PRO_MEDIUM,
Cagliari,Juventus,2026-10-11,away_win_and_cards_under35,71.8,PRO_MEDIUM,
Cagliari,Juventus,2026-10-11,away_goals_under_25,69.1,PRO_MEDIUM,
Cagliari,Juventus,2026-10-11,dc_x2_and_over_15,66.3,PRO_MEDIUM,
Cagliari,Juventus,2026-10-11,away_win,66.3,PRO_MEDIUM,1.57
Cagliari,Juventus,2026-10-11,booking_pts_over_35,61.5,PRO_MEDIUM,
Cagliari,Juventus,2026-10-11,away_win_and_under_25,61.2,PRO_MEDIUM,
Cagliari,Juventus,2026-10-11,cards_range_3_5,59.7,PRO_MEDIUM,
Cagliari,Juventus,2026-10-11,away_goals_over_15,58.7,PRO_MEDIUM,
Cagliari,Juventus,2026-10-11,goals_over_25,58.2,PRO_MEDIUM,2.0
Cagliari,Juventus,2026-10-11,booking_pts_under_45,55.6,PRO_MEDIUM,
Cambuur,Az Alkmaar,2026-10-18,home_goals_under_25,95.0,PRO_STRONG,
Cambuur,Az Alkmaar,2026-10-18,home_win_and_corners_under95,91.8,PRO_STRONG,
Cambuur,Az Alkmaar,2026-10-18,home_win_and_under_25,91.6,PRO_STRONG,
Cambuur,Az Alkmaar,2026-10-18,home_win_and_cards_under35,90.9,PRO_MEDIUM,
Cambuur,Az Alkmaar,2026-10-18,home_win_and_under_15,90.0,PRO_STRONG,
Cambuur,Az Alkmaar,2026-10-18,away_goals_over_05,88.6,PRO_STRONG,
Cambuur,Az Alkmaar,2026-10-18,dc_x2,87.2,PRO_STRONG,1.1
Cambuur,Az Alkmaar,2026-10-18,dc_1x_and_under_25,86.4,PRO_STRONG,
Cambuur,Az Alkmaar,2026-10-18,dc_12,82.8,PRO_STRONG,1.17
Cambuur,Az Alkmaar,2026-10-18,away_win_either_half,78.5,PRO_STRONG,
Cambuur,Az Alkmaar,2026-10-18,dc_1x_and_under_15,78.1,PRO_STRONG,
Cambuur,Az Alkmaar,2026-10-18,home_goals_under_15,77.4,PRO_STRONG,
Cambuur,Az Alkmaar,2026-10-18,away_win_and_cards_under35,76.0,PRO_STRONG,
Cambuur,Az Alkmaar,2026-10-18,dc_x2_and_over_15,72.5,PRO_MEDIUM,
Cambuur,Az Alkmaar,2026-10-18,away_win,70.0,PRO_MEDIUM,1.36
Cambuur,Az Alkmaar,2026-10-18,both_teams_carded,69.1,PRO_MEDIUM,
Cambuur,Az Alkmaar,2026-10-18,goals_over_25,68.0,PRO_MEDIUM,1.36
Cambuur,Az Alkmaar,2026-10-18,away_goals_under_25,66.2,PRO_MEDIUM,
Cambuur,Az Alkmaar,2026-10-18,dc_12_and_over_25,64.6,PRO_MEDIUM,
Cambuur,Az Alkmaar,2026-10-18,away_goals_over_15,63.1,PRO_MEDIUM,
Cambuur,Az Alkmaar,2026-10-18,away_win_and_over_15,59.4,PRO_MEDIUM,
Cambuur,Az Alkmaar,2026-10-18,cards_range_3_5,57.1,PRO_MEDIUM,
Cambuur,Az Alkmaar,2026-10-18,home_goals_over_05,57.0,PRO_MEDIUM,
Cambuur,Az Alkmaar,2026-10-18,btts,56.5,PRO_MEDIUM,1.57
Cardiff,Watford,2026-10-13,away_win_and_under_25,84.9,PRO_STRONG,
Cardiff,Watford,2026-10-13,away_win_and_under_15,81.7,PRO_STRONG,
Cardiff,Watford,2026-10-13,both_teams_carded,81.4,PRO_STRONG,
Cardiff,Watford,2026-10-13,home_goals_over_05,79.5,PRO_STRONG,
Cardiff,Watford,2026-10-13,home_win_and_under_25,76.9,PRO_STRONG,
Cardiff,Watford,2026-10-13,away_goals_under_15,71.5,PRO_MEDIUM,
Cardiff,Watford,2026-10-13,dc_12,71.1,PRO_MEDIUM,
Cardiff,Watford,2026-10-13,home_win_and_under_15,68.1,PRO_MEDIUM,
Cardiff,Watford,2026-10-13,dc_1x_and_under_25,67.0,PRO_MEDIUM,
Cardiff,Watford,2026-10-13,booking_pts_over_35,60.1,PRO_MEDIUM,
Cardiff,Watford,2026-10-13,home_win_either_half,60.0,PRO_MEDIUM,
Cardiff,Watford,2026-10-13,dc_12_and_under_25,59.3,PRO_MEDIUM,
Cardiff,Watford,2026-10-13,dc_x2_and_under_15,57.8,PRO_MEDIUM,
Casa Pia,Santa Clara,2026-10-10,home_goals_under_25,94.1,PRO_STRONG,
Casa Pia,Santa Clara,2026-10-10,home_win_and_under_25,90.6,PRO_STRONG,
Casa Pia,Santa Clara,2026-10-10,home_win_and_corners_under95,88.9,PRO_STRONG,
Casa Pia,Santa Clara,2026-10-10,home_win_and_under_15,86.5,PRO_STRONG,
Casa Pia,Santa Clara,2026-10-10,home_win_and_cards_under35,84.7,PRO_MEDIUM,
Casa Pia,Santa Clara,2026-10-10,dc_1x_and_under_25,83.7,PRO_STRONG,
Casa Pia,Santa Clara,2026-10-10,away_goals_under_25,80.7,PRO_STRONG,
Casa Pia,Santa Clara,2026-10-10,home_goals_under_15,78.9,PRO_STRONG,
Casa Pia,Santa Clara,2026-10-10,dc_x2,76.7,PRO_STRONG,1.18
Casa Pia,Santa Clara,2026-10-10,away_win_and_under_25,72.9,PRO_MEDIUM,
Casa Pia,Santa Clara,2026-10-10,dc_x2_and_under_25,71.5,PRO_MEDIUM,
Casa Pia,Santa Clara,2026-10-10,dc_12,71.2,PRO_MEDIUM,1.36
Casa Pia,Santa Clara,2026-10-10,away_goals_over_05,71.0,PRO_MEDIUM,
Casa Pia,Santa Clara,2026-10-10,dc_1x_and_under_15,67.4,PRO_MEDIUM,
Casa Pia,Santa Clara,2026-10-10,away_win_and_cards_under35,67.0,PRO_MEDIUM,
Casa Pia,Santa Clara,2026-10-10,dc_12_and_under_25,65.8,PRO_MEDIUM,
Casa Pia,Santa Clara,2026-10-10,away_win_and_under_15,64.2,PRO_MEDIUM,
Casa Pia,Santa Clara,2026-10-10,away_goals_under_15,62.5,PRO_MEDIUM,
Casa Pia,Santa Clara,2026-10-10,home_goals_over_05,61.8,PRO_MEDIUM,
Casa Pia,Santa Clara,2026-10-10,goals_under_25,61.0,PRO_MEDIUM,1.5
Casa Pia,Santa Clara,2026-10-10,away_win_either_half,60.3,PRO_MEDIUM,
Casa Pia,Santa Clara,2026-10-10,dc_x2_and_over_15,55.6,PRO_MEDIUM,
Celta,Alaves,2026-10-18,away_goals_under_25,91.7,PRO_STRONG,
Celta,Alaves,2026-10-18,both_teams_carded,89.2,PRO_STRONG,
Celta,Alaves,2026-10-18,away_win_and_under_25,88.1,PRO_STRONG,
Celta,Alaves,2026-10-18,away_win_and_under_15,85.0,PRO_STRONG,
Celta,Alaves,2026-10-18,home_goals_under_25,84.4,PRO_STRONG,
Celta,Alaves,2026-10-18,away_win_and_cards_under35,84.3,PRO_STRONG,
Celta,Alaves,2026-10-18,home_win_and_corners_under95,81.2,PRO_STRONG,
Celta,Alaves,2026-10-18,dc_x2_and_under_25,79.3,PRO_STRONG,
Celta,Alaves,2026-10-18,booking_pts_over_35,78.5,PRO_STRONG,
Celta,Alaves,2026-10-18,dc_1x,77.9,PRO_STRONG,1.25
Celta,Alaves,2026-10-18,home_goals_over_05,77.9,PRO_STRONG,
Celta,Alaves,2026-10-18,home_win_and_under_25,74.2,PRO_MEDIUM,
Celta,Alaves,2026-10-18,away_goals_under_15,71.2,PRO_MEDIUM,
Celta,Alaves,2026-10-18,dc_12,67.2,PRO_MEDIUM,1.33
Celta,Alaves,2026-10-18,dc_1x_and_under_25,63.7,PRO_MEDIUM,
Celta,Alaves,2026-10-18,dc_x2_and_under_15,61.2,PRO_MEDIUM,
Celta,Alaves,2026-10-18,home_win_and_under_15,61.1,PRO_MEDIUM,
Celta,Alaves,2026-10-18,dc_1x_and_over_15,58.3,PRO_MEDIUM,
Celta,Alaves,2026-10-18,dc_12_and_under_25,56.7,PRO_MEDIUM,
Celta,Alaves,2026-10-18,dc_x2,55.0,PRO_MEDIUM,1.83
Celtic,Hearts,2026-10-18,away_goals_under_25,95.9,PRO_STRONG,
Celtic,Hearts,2026-10-18,away_win_and_under_25,93.8,PRO_STRONG,
Celtic,Hearts,2026-10-18,away_win_and_under_15,92.9,PRO_STRONG,
Celtic,Hearts,2026-10-18,away_win_and_cards_under35,92.0,PRO_STRONG,
Celtic,Hearts,2026-10-18,home_goals_over_05,90.8,PRO_STRONG,
Celtic,Hearts,2026-10-18,dc_1x,88.5,PRO_STRONG,1.12
Celtic,Hearts,2026-10-18,dc_x2_and_under_25,85.0,PRO_STRONG,
Celtic,Hearts,2026-10-18,home_win_either_half,84.5,PRO_STRONG,
Celtic,Hearts,2026-10-18,away_goals_under_15,80.1,PRO_STRONG,
Celtic,Hearts,2026-10-18,dc_12,79.8,PRO_STRONG,1.18
Celtic,Hearts,2026-10-18,dc_1x_and_over_15,77.3,PRO_STRONG,
Celtic,Hearts,2026-10-18,dc_x2_and_under_15,72.3,PRO_MEDIUM,
Celtic,Hearts,2026-10-18,both_teams_carded,69.8,PRO_MEDIUM,
Celtic,Hearts,2026-10-18,home_win_and_corners_under95,69.4,PRO_MEDIUM,
Celtic,Hearts,2026-10-18,home_goals_over_15,68.4,PRO_MEDIUM,
Celtic,Hearts,2026-10-18,home_win,68.3,PRO_MEDIUM,1.44
Celtic,Hearts,2026-10-18,home_goals_under_25,60.3,PRO_MEDIUM,
Celtic,Hearts,2026-10-18,goals_over_25,60.1,PRO_MEDIUM,1.5
Celtic,Hearts,2026-10-18,home_win_and_under_25,58.8,PRO_MEDIUM,
Celtic,Hearts,2026-10-18,home_win_and_over_15,58.6,PRO_MEDIUM,
Celtic,Hearts,2026-10-18,home_win_2h,57.2,PRO_MEDIUM,
Celtic,Hearts,2026-10-18,away_goals_over_05,55.7,PRO_MEDIUM,
Celtic,Rangers,2026-09-20,away_win_and_under_25,83.1,PRO_STRONG,
Celtic,Rangers,2026-09-20,home_goals_over_05,83.0,PRO_STRONG,
Celtic,Rangers,2026-09-20,away_win_and_under_15,80.8,PRO_STRONG,
Celtic,Rangers,2026-09-20,home_win_and_under_25,76.7,PRO_STRONG,
Celtic,Rangers,2026-09-20,dc_12,71.4,PRO_MEDIUM,
Celtic,Rangers,2026-09-20,away_goals_over_05,71.1,PRO_MEDIUM,
Celtic,Rangers,2026-09-20,both_teams_carded,69.8,PRO_MEDIUM,
Celtic,Rangers,2026-09-20,away_goals_under_15,68.6,PRO_MEDIUM,
Celtic,Rangers,2026-09-20,dc_1x_and_under_25,66.4,PRO_MEDIUM,
Celtic,Rangers,2026-09-20,home_win_and_under_15,66.1,PRO_MEDIUM,
Celtic,Rangers,2026-09-20,home_win_either_half,61.9,PRO_MEDIUM,
Celtic,Rangers,2026-09-20,dc_1x_and_over_15,57.4,PRO_MEDIUM,
Celtic,Rangers,2026-09-20,btts,56.3,PRO_MEDIUM,
Celtic,Rangers,2026-09-20,dc_x2_and_under_15,55.6,PRO_MEDIUM,
Cercle Brugge,Anderlecht,2026-10-10,home_goals_under_25,89.9,PRO_STRONG,
Cercle Brugge,Anderlecht,2026-10-10,home_win_and_corners_under95,86.2,PRO_STRONG,
Cercle Brugge,Anderlecht,2026-10-10,home_win_and_under_25,82.5,PRO_STRONG,
Cercle Brugge,Anderlecht,2026-10-10,home_win_and_under_15,82.3,PRO_STRONG,
Cercle Brugge,Anderlecht,2026-10-10,home_win_and_cards_under35,80.8,PRO_MEDIUM,
Cercle Brugge,Anderlecht,2026-10-10,dc_12,80.2,PRO_STRONG,1.3
Cercle Brugge,Anderlecht,2026-10-10,away_goals_under_25,78.8,PRO_STRONG,
Cercle Brugge,Anderlecht,2026-10-10,dc_1x_and_under_25,78.5,PRO_STRONG,
Cercle Brugge,Anderlecht,2026-10-10,away_win_and_cards_under35,75.5,PRO_STRONG,
Cercle Brugge,Anderlecht,2026-10-10,away_goals_over_05,75.1,PRO_STRONG,
Cercle Brugge,Anderlecht,2026-10-10,both_teams_carded,73.6,PRO_MEDIUM,
Cercle Brugge,Anderlecht,2026-10-10,dc_x2,72.7,PRO_MEDIUM,1.3
Cercle Brugge,Anderlecht,2026-10-10,home_goals_over_05,70.6,PRO_MEDIUM,
Cercle Brugge,Anderlecht,2026-10-10,away_win_and_under_25,69.0,PRO_MEDIUM,
Cercle Brugge,Anderlecht,2026-10-10,home_goals_under_15,68.1,PRO_MEDIUM,
Cercle Brugge,Anderlecht,2026-10-10,dc_x2_and_under_25,66.6,PRO_MEDIUM,
Cercle Brugge,Anderlecht,2026-10-10,dc_1x_and_under_15,65.4,PRO_MEDIUM,
Cercle Brugge,Anderlecht,2026-10-10,away_win_and_under_15,64.9,PRO_MEDIUM,
Cercle Brugge,Anderlecht,2026-10-10,booking_pts_over_35,57.1,PRO_MEDIUM,
Cercle Brugge,Anderlecht,2026-10-10,away_win_either_half,56.9,PRO_MEDIUM,
Cercle Brugge,Anderlecht,2026-10-10,btts,55.6,PRO_MEDIUM,1.62
Cercle Brugge,Anderlecht,2026-10-10,away_goals_under_15,55.4,PRO_MEDIUM,
Charlton,Bristol City,2026-10-10,home_goals_under_25,91.8,PRO_STRONG,
Charlton,Bristol City,2026-10-10,home_win_and_corners_under95,86.2,PRO_STRONG,
Charlton,Bristol City,2026-10-10,away_goals_under_25,84.7,PRO_STRONG,
Charlton,Bristol City,2026-10-10,home_win_and_under_25,84.5,PRO_STRONG,
Charlton,Bristol City,2026-10-10,home_win_and_under_15,83.4,PRO_STRONG,
Charlton,Bristol City,2026-10-10,home_win_and_cards_under35,82.7,PRO_MEDIUM,
Charlton,Bristol City,2026-10-10,dc_1x_and_under_25,79.6,PRO_STRONG,
Charlton,Bristol City,2026-10-10,away_win_and_cards_under35,79.5,PRO_STRONG,
Charlton,Bristol City,2026-10-10,dc_12,77.5,PRO_STRONG,1.33
Charlton,Bristol City,2026-10-10,dc_x2_and_under_25,75.7,PRO_STRONG,
Charlton,Bristol City,2026-10-10,away_win_and_under_25,74.6,PRO_MEDIUM,
Charlton,Bristol City,2026-10-10,home_goals_under_15,72.1,PRO_MEDIUM,
Charlton,Bristol City,2026-10-10,dc_x2,72.0,PRO_MEDIUM,1.36
Charlton,Bristol City,2026-10-10,both_teams_carded,71.5,PRO_MEDIUM,
Charlton,Bristol City,2026-10-10,home_goals_over_05,67.4,PRO_MEDIUM,
Charlton,Bristol City,2026-10-10,away_win_and_under_15,66.3,PRO_MEDIUM,
Charlton,Bristol City,2026-10-10,dc_1x_and_under_15,63.2,PRO_MEDIUM,
Charlton,Bristol City,2026-10-10,away_goals_under_15,60.5,PRO_MEDIUM,
Charlton,Bristol City,2026-10-10,dc_12_and_under_25,59.8,PRO_MEDIUM,
Charlton,Bristol City,2026-10-10,away_win_either_half,59.2,PRO_MEDIUM,
Charlton,Bristol City,2026-10-10,goals_under_25,55.3,PRO_MEDIUM,1.73
Chelsea,Bournemouth,2026-10-10,away_goals_under_25,90.6,PRO_STRONG,
Chelsea,Bournemouth,2026-10-10,away_win_and_cards_under35,90.3,PRO_STRONG,
Chelsea,Bournemouth,2026-10-10,away_win_and_under_25,90.0,PRO_STRONG,
Chelsea,Bournemouth,2026-10-10,home_goals_over_05,87.5,PRO_STRONG,
Chelsea,Bournemouth,2026-10-10,away_win_and_under_15,86.9,PRO_STRONG,
Chelsea,Bournemouth,2026-10-10,both_teams_carded,86.7,PRO_STRONG,
Chelsea,Bournemouth,2026-10-10,dc_x2_and_under_25,85.5,PRO_STRONG,
Chelsea,Bournemouth,2026-10-10,dc_12,81.3,PRO_STRONG,1.22
Chelsea,Bournemouth,2026-10-10,dc_1x,80.0,PRO_STRONG,1.22
Chelsea,Bournemouth,2026-10-10,away_goals_under_15,77.3,PRO_STRONG,
Chelsea,Bournemouth,2026-10-10,dc_1x_and_over_15,73.1,PRO_MEDIUM,
Chelsea,Bournemouth,2026-10-10,dc_x2_and_under_15,68.9,PRO_MEDIUM,
Chelsea,Bournemouth,2026-10-10,home_win_and_corners_under95,68.8,PRO_MEDIUM,
Chelsea,Bournemouth,2026-10-10,home_win_either_half,68.2,PRO_MEDIUM,
Chelsea,Bournemouth,2026-10-10,home_goals_under_25,67.3,PRO_MEDIUM,
Chelsea,Bournemouth,2026-10-10,home_goals_over_15,63.2,PRO_MEDIUM,
Chelsea,Bournemouth,2026-10-10,away_goals_over_05,62.2,PRO_MEDIUM,
Chelsea,Bournemouth,2026-10-10,goals_over_25,61.7,PRO_MEDIUM,1.5
Chelsea,Bournemouth,2026-10-10,home_win,61.4,PRO_MEDIUM,1.7
Chelsea,Bournemouth,2026-10-10,home_win_and_under_25,57.7,PRO_MEDIUM,
Chelsea,Bournemouth,2026-10-10,btts,55.0,PRO_MEDIUM,1.5
Chelsea,Bournemouth,2026-10-10,booking_pts_over_45,55.0,PRO_MEDIUM,
Club Brugge,Genk,2026-09-20,home_goals_over_05,84.8,PRO_STRONG,
Club Brugge,Genk,2026-09-20,away_win_and_under_25,84.4,PRO_STRONG,
Club Brugge,Genk,2026-09-20,away_win_and_under_15,79.6,PRO_STRONG,
Club Brugge,Genk,2026-09-20,both_teams_carded,75.5,PRO_STRONG,
Club Brugge,Genk,2026-09-20,home_win_and_under_25,72.3,PRO_MEDIUM,
Club Brugge,Genk,2026-09-20,away_goals_over_05,69.9,PRO_MEDIUM,
Club Brugge,Genk,2026-09-20,dc_12,69.7,PRO_MEDIUM,
Club Brugge,Genk,2026-09-20,away_goals_under_15,67.5,PRO_MEDIUM,
Club Brugge,Genk,2026-09-20,home_win_and_under_15,63.6,PRO_MEDIUM,
Club Brugge,Genk,2026-09-20,dc_1x_and_under_25,63.2,PRO_MEDIUM,
Club Brugge,Genk,2026-09-20,home_win_either_half,61.6,PRO_MEDIUM,
Club Brugge,Genk,2026-09-20,btts,58.9,PRO_MEDIUM,
Club Brugge,Genk,2026-09-20,booking_pts_over_35,57.7,PRO_MEDIUM,
Club Brugge,Genk,2026-09-20,dc_1x_and_over_15,56.9,PRO_MEDIUM,
Club Brugge,Genk,2026-09-20,dc_x2,56.7,PRO_MEDIUM,
Club Brugge,Genk,2026-09-20,goals_over_25,55.6,PRO_MEDIUM,
Como,Roma,2026-10-11,home_goals_under_25,88.4,PRO_STRONG,
Como,Roma,2026-10-11,home_win_and_corners_under95,85.1,PRO_STRONG,
Como,Roma,2026-10-11,away_win_and_cards_under35,81.8,PRO_STRONG,
Como,Roma,2026-10-11,home_win_and_under_25,80.8,PRO_STRONG,
Como,Roma,2026-10-11,away_goals_under_25,80.7,PRO_STRONG,
Como,Roma,2026-10-11,home_goals_over_05,78.6,PRO_STRONG,
Como,Roma,2026-10-11,both_teams_carded,77.4,PRO_STRONG,
Como,Roma,2026-10-11,dc_12,75.4,PRO_STRONG,1.3
Como,Roma,2026-10-11,home_win_and_under_15,75.2,PRO_STRONG,
Como,Roma,2026-10-11,away_win_and_under_25,74.5,PRO_MEDIUM,
Como,Roma,2026-10-11,away_goals_over_05,73.4,PRO_MEDIUM,
Como,Roma,2026-10-11,away_win_and_under_15,72.1,PRO_MEDIUM,
Como,Roma,2026-10-11,dc_1x_and_under_25,71.7,PRO_MEDIUM,
Como,Roma,2026-10-11,dc_x2_and_under_25,69.9,PRO_MEDIUM,
Como,Roma,2026-10-11,dc_1x,62.5,PRO_MEDIUM,1.5
Como,Roma,2026-10-11,dc_x2,62.1,PRO_MEDIUM,1.5
Como,Roma,2026-10-11,booking_pts_over_35,61.9,PRO_MEDIUM,
Como,Roma,2026-10-11,away_goals_under_15,61.7,PRO_MEDIUM,
Como,Roma,2026-10-11,home_goals_under_15,60.1,PRO_MEDIUM,
Como,Roma,2026-10-11,cards_range_3_5,59.0,PRO_MEDIUM,
Como,Roma,2026-10-11,dc_12_and_under_25,56.8,PRO_MEDIUM,
Como,Roma,2026-10-11,booking_pts_under_45,55.2,PRO_MEDIUM,
Como,Roma,2026-10-11,btts,55.1,PRO_MEDIUM,1.57
Corum,Rizespor,2026-10-16,both_teams_carded,86.9,PRO_STRONG,
Corum,Rizespor,2026-10-16,away_win_and_under_25,85.5,PRO_STRONG,
Corum,Rizespor,2026-10-16,away_win_and_under_15,80.0,PRO_STRONG,
Corum,Rizespor,2026-10-16,home_goals_over_05,79.7,PRO_STRONG,
Corum,Rizespor,2026-10-16,home_win_and_under_25,76.5,PRO_STRONG,
Corum,Rizespor,2026-10-16,dc_12,71.3,PRO_MEDIUM,
Corum,Rizespor,2026-10-16,away_goals_over_05,70.6,PRO_MEDIUM,
Corum,Rizespor,2026-10-16,away_goals_under_15,69.3,PRO_MEDIUM,
Corum,Rizespor,2026-10-16,home_win_and_under_15,67.9,PRO_MEDIUM,
Corum,Rizespor,2026-10-16,dc_1x_and_under_25,67.2,PRO_MEDIUM,
Corum,Rizespor,2026-10-16,home_win_either_half,58.7,PRO_MEDIUM,
Corum,Rizespor,2026-10-16,home_goals_under_15,57.8,PRO_MEDIUM,
Corum,Rizespor,2026-10-16,dc_12_and_under_25,57.4,PRO_MEDIUM,
Corum,Rizespor,2026-10-16,dc_1x_and_over_15,56.2,PRO_MEDIUM,
Corum,Rizespor,2026-10-16,booking_pts_over_45,55.6,PRO_MEDIUM,
Corum,Rizespor,2026-10-16,btts,55.4,PRO_MEDIUM,
Corum,Rizespor,2026-10-16,dc_x2_and_under_15,55.4,PRO_MEDIUM,
Corum,Rizespor,2026-10-16,dc_x2,55.1,PRO_MEDIUM,
Coventry,Newcastle,2026-10-12,home_goals_under_25,89.1,PRO_STRONG,
Coventry,Newcastle,2026-10-12,home_win_and_corners_under95,87.6,PRO_STRONG,
Coventry,Newcastle,2026-10-12,home_win_and_under_15,83.4,PRO_STRONG,
Coventry,Newcastle,2026-10-12,home_win_and_cards_under35,83.2,PRO_MEDIUM,
Coventry,Newcastle,2026-10-12,home_win_and_under_25,83.1,PRO_STRONG,
Coventry,Newcastle,2026-10-12,away_goals_under_25,81.5,PRO_STRONG,
Coventry,Newcastle,2026-10-12,away_win_and_cards_under35,79.5,PRO_STRONG,
Coventry,Newcastle,2026-10-12,dc_12,78.0,PRO_STRONG,1.28
Coventry,Newcastle,2026-10-12,dc_1x_and_under_25,76.0,PRO_STRONG,
Coventry,Newcastle,2026-10-12,away_goals_over_05,75.7,PRO_STRONG,
Coventry,Newcastle,2026-10-12,dc_x2,73.2,PRO_MEDIUM,1.33
Coventry,Newcastle,2026-10-12,home_goals_over_05,72.3,PRO_MEDIUM,
Coventry,Newcastle,2026-10-12,both_teams_carded,71.5,PRO_MEDIUM,
Coventry,Newcastle,2026-10-12,home_goals_under_15,70.8,PRO_MEDIUM,
Coventry,Newcastle,2026-10-12,away_win_and_under_25,69.9,PRO_MEDIUM,
Coventry,Newcastle,2026-10-12,dc_x2_and_under_25,67.6,PRO_MEDIUM,
Coventry,Newcastle,2026-10-12,away_win_and_under_15,65.5,PRO_MEDIUM,
Coventry,Newcastle,2026-10-12,dc_1x_and_under_15,65.2,PRO_MEDIUM,
Coventry,Newcastle,2026-10-12,away_win_either_half,57.8,PRO_MEDIUM,
Coventry,Newcastle,2026-10-12,cards_range_3_5,56.8,PRO_MEDIUM,
Coventry,Newcastle,2026-10-12,away_goals_under_15,56.1,PRO_MEDIUM,
Crystal Palace,Nottingham,2026-10-11,home_goals_under_25,90.6,PRO_STRONG,
Crystal Palace,Nottingham,2026-10-11,away_goals_under_25,86.8,PRO_STRONG,
Crystal Palace,Nottingham,2026-10-11,home_win_and_corners_under95,85.1,PRO_STRONG,
Crystal Palace,Nottingham,2026-10-11,home_win_and_under_25,84.5,PRO_STRONG,
Crystal Palace,Nottingham,2026-10-11,away_win_and_cards_under35,83.3,PRO_STRONG,
Crystal Palace,Nottingham,2026-10-11,away_win_and_under_25,80.1,PRO_STRONG,
Crystal Palace,Nottingham,2026-10-11,dc_1x_and_under_25,78.5,PRO_STRONG,
Crystal Palace,Nottingham,2026-10-11,both_teams_carded,78.1,PRO_STRONG,
Crystal Palace,Nottingham,2026-10-11,home_win_and_under_15,78.0,PRO_STRONG,
Crystal Palace,Nottingham,2026-10-11,dc_x2_and_under_25,77.2,PRO_STRONG,
Crystal Palace,Nottingham,2026-10-11,away_win_and_under_15,74.6,PRO_MEDIUM,
Crystal Palace,Nottingham,2026-10-11,dc_12,71.3,PRO_MEDIUM,1.36
Crystal Palace,Nottingham,2026-10-11,home_goals_over_05,70.4,PRO_MEDIUM,
Crystal Palace,Nottingham,2026-10-11,away_goals_over_05,69.7,PRO_MEDIUM,
Crystal Palace,Nottingham,2026-10-11,away_goals_under_15,69.3,PRO_MEDIUM,
Crystal Palace,Nottingham,2026-10-11,home_goals_under_15,69.2,PRO_MEDIUM,
Crystal Palace,Nottingham,2026-10-11,dc_x2,67.4,PRO_MEDIUM,1.44
Crystal Palace,Nottingham,2026-10-11,booking_pts_over_35,65.4,PRO_MEDIUM,
Crystal Palace,Nottingham,2026-10-11,dc_1x,61.3,PRO_MEDIUM,1.44
Crystal Palace,Nottingham,2026-10-11,dc_12_and_under_25,60.5,PRO_MEDIUM,
Crystal Palace,Nottingham,2026-10-11,dc_1x_and_under_15,58.4,PRO_MEDIUM,
Crystal Palace,Nottingham,2026-10-11,goals_under_25,57.3,PRO_MEDIUM,1.8
Crystal Palace,Nottingham,2026-10-11,dc_x2_and_under_15,56.0,PRO_MEDIUM,
Den Haag,PSV,2026-10-17,home_goals_under_25,94.9,PRO_STRONG,
Den Haag,PSV,2026-10-17,home_win_and_corners_under95,91.8,PRO_STRONG,
Den Haag,PSV,2026-10-17,home_win_and_under_25,91.8,PRO_STRONG,
Den Haag,PSV,2026-10-17,home_win_and_under_15,91.0,PRO_STRONG,
Den Haag,PSV,2026-10-17,home_win_and_cards_under35,90.9,PRO_MEDIUM,
Den Haag,PSV,2026-10-17,away_goals_over_05,89.2,PRO_STRONG,
Den Haag,PSV,2026-10-17,dc_1x_and_under_25,88.1,PRO_STRONG,
Den Haag,PSV,2026-10-17,dc_x2,87.0,PRO_STRONG,1.07
Den Haag,PSV,2026-10-17,dc_12,84.4,PRO_STRONG,1.12
Den Haag,PSV,2026-10-17,home_goals_under_15,80.3,PRO_STRONG,
Den Haag,PSV,2026-10-17,dc_1x_and_under_15,79.5,PRO_STRONG,
Den Haag,PSV,2026-10-17,away_win_either_half,78.9,PRO_STRONG,
Den Haag,PSV,2026-10-17,away_win_and_cards_under35,76.0,PRO_STRONG,
Den Haag,PSV,2026-10-17,dc_x2_and_over_15,72.7,PRO_MEDIUM,
Den Haag,PSV,2026-10-17,away_win,71.5,PRO_MEDIUM,1.25
Den Haag,PSV,2026-10-17,goals_over_25,68.4,PRO_MEDIUM,1.22
Den Haag,PSV,2026-10-17,both_teams_carded,68.3,PRO_MEDIUM,
Den Haag,PSV,2026-10-17,dc_12_and_over_25,65.0,PRO_MEDIUM,
Den Haag,PSV,2026-10-17,away_goals_under_25,64.7,PRO_MEDIUM,
Den Haag,PSV,2026-10-17,away_goals_over_15,63.9,PRO_MEDIUM,
Den Haag,PSV,2026-10-17,away_win_and_over_15,60.5,PRO_MEDIUM,
Den Haag,PSV,2026-10-17,cards_range_3_5,57.5,PRO_MEDIUM,
Den Haag,PSV,2026-10-17,home_goals_over_05,56.6,PRO_MEDIUM,
Den Haag,PSV,2026-10-17,away_win_2h,56.3,PRO_MEDIUM,
Den Haag,PSV,2026-10-17,btts,55.3,PRO_MEDIUM,1.5
Derby,Stoke,2026-10-17,away_win_and_under_25,85.5,PRO_STRONG,
Derby,Stoke,2026-10-17,both_teams_carded,81.4,PRO_STRONG,
Derby,Stoke,2026-10-17,away_win_and_under_15,80.5,PRO_STRONG,
Derby,Stoke,2026-10-17,home_goals_over_05,77.5,PRO_STRONG,
Derby,Stoke,2026-10-17,dc_1x,76.6,PRO_STRONG,
Derby,Stoke,2026-10-17,home_win_and_under_25,75.4,PRO_STRONG,
Derby,Stoke,2026-10-17,away_goals_under_15,72.5,PRO_MEDIUM,
Derby,Stoke,2026-10-17,dc_12,68.7,PRO_MEDIUM,
Derby,Stoke,2026-10-17,home_win_and_under_15,68.4,PRO_MEDIUM,
Derby,Stoke,2026-10-17,dc_1x_and_under_25,65.0,PRO_MEDIUM,
Derby,Stoke,2026-10-17,booking_pts_over_35,60.1,PRO_MEDIUM,
Derby,Stoke,2026-10-17,dc_12_and_under_25,59.5,PRO_MEDIUM,
Derby,Stoke,2026-10-17,home_win_either_half,58.6,PRO_MEDIUM,
Derby,Stoke,2026-10-17,home_goals_under_15,56.4,PRO_MEDIUM,
Derby,Stoke,2026-10-17,dc_x2_and_under_15,56.1,PRO_MEDIUM,
Derby,Wrexham,2026-10-10,home_goals_under_25,90.2,PRO_STRONG,
Derby,Wrexham,2026-10-10,away_goals_under_25,85.5,PRO_STRONG,
Derby,Wrexham,2026-10-10,home_win_and_corners_under95,85.1,PRO_STRONG,
Derby,Wrexham,2026-10-10,home_win_and_under_25,79.5,PRO_STRONG,
Derby,Wrexham,2026-10-10,away_win_and_under_25,78.8,PRO_STRONG,
Derby,Wrexham,2026-10-10,home_win_and_under_15,77.7,PRO_STRONG,
Derby,Wrexham,2026-10-10,away_win_and_cards_under35,76.8,PRO_STRONG,
Derby,Wrexham,2026-10-10,dc_x2_and_under_25,75.3,PRO_STRONG,
Derby,Wrexham,2026-10-10,dc_12,74.5,PRO_MEDIUM,1.36
Derby,Wrexham,2026-10-10,away_goals_over_05,74.0,PRO_MEDIUM,
Derby,Wrexham,2026-10-10,away_win_and_under_15,73.2,PRO_MEDIUM,
Derby,Wrexham,2026-10-10,dc_1x_and_under_25,72.5,PRO_MEDIUM,
Derby,Wrexham,2026-10-10,both_teams_carded,70.7,PRO_MEDIUM,
Derby,Wrexham,2026-10-10,home_goals_over_05,70.4,PRO_MEDIUM,
Derby,Wrexham,2026-10-10,dc_x2,67.2,PRO_MEDIUM,1.44
Derby,Wrexham,2026-10-10,away_goals_under_15,65.8,PRO_MEDIUM,
Derby,Wrexham,2026-10-10,home_goals_under_15,64.5,PRO_MEDIUM,
Derby,Wrexham,2026-10-10,dc_12_and_under_25,59.5,PRO_MEDIUM,
Derby,Wrexham,2026-10-10,dc_1x,58.3,PRO_MEDIUM,1.5
Dortmund,Werder Bremen,2026-10-09,away_win_and_cards_under35,95.9,PRO_STRONG,
Dortmund,Werder Bremen,2026-10-09,away_goals_under_25,94.4,PRO_STRONG,
Dortmund,Werder Bremen,2026-10-09,home_goals_over_05,93.8,PRO_STRONG,
Dortmund,Werder Bremen,2026-10-09,away_win_and_under_25,93.1,PRO_STRONG,
Dortmund,Werder Bremen,2026-10-09,away_win_and_under_15,93.0,PRO_STRONG,
Dortmund,Werder Bremen,2026-10-09,dc_1x,92.0,PRO_STRONG,1.1
Dortmund,Werder Bremen,2026-10-09,dc_x2_and_under_25,88.2,PRO_STRONG,
Dortmund,Werder Bremen,2026-10-09,dc_12,87.3,PRO_STRONG,1.17
Dortmund,Werder Bremen,2026-10-09,home_win_either_half,85.9,PRO_STRONG,
Dortmund,Werder Bremen,2026-10-09,dc_x2_and_under_15,80.5,PRO_STRONG,
Dortmund,Werder Bremen,2026-10-09,home_win,79.4,PRO_STRONG,1.36
Dortmund,Werder Bremen,2026-10-09,dc_1x_and_over_15,78.7,PRO_STRONG,
Dortmund,Werder Bremen,2026-10-09,away_goals_under_15,77.2,PRO_STRONG,
Dortmund,Werder Bremen,2026-10-09,home_win_and_corners_under95,75.7,PRO_STRONG,
Dortmund,Werder Bremen,2026-10-09,home_goals_over_15,72.6,PRO_MEDIUM,
Dortmund,Werder Bremen,2026-10-09,both_teams_carded,70.8,PRO_MEDIUM,
Dortmund,Werder Bremen,2026-10-09,goals_over_25,68.2,PRO_MEDIUM,1.4
Dortmund,Werder Bremen,2026-10-09,home_win_and_over_15,64.7,PRO_MEDIUM,
Dortmund,Werder Bremen,2026-10-09,home_win_2h,62.0,PRO_MEDIUM,
Dortmund,Werder Bremen,2026-10-09,dc_12_and_over_25,60.8,PRO_MEDIUM,
Dortmund,Werder Bremen,2026-10-09,home_goals_under_25,60.0,PRO_MEDIUM,
Dortmund,Werder Bremen,2026-10-09,dc_1x_and_over_25,58.6,PRO_MEDIUM,
Dortmund,Werder Bremen,2026-10-09,away_goals_over_05,56.9,PRO_MEDIUM,
Dortmund,Werder Bremen,2026-10-09,home_win_1h,56.6,PRO_MEDIUM,
Dortmund,Werder Bremen,2026-10-09,home_score_both_halves,55.7,PRO_MEDIUM,
Dundee,Rangers,2026-10-17,home_goals_under_25,94.7,PRO_STRONG,
Dundee,Rangers,2026-10-17,home_win_and_under_25,92.8,PRO_STRONG,
Dundee,Rangers,2026-10-17,home_win_and_corners_under95,91.8,PRO_STRONG,
Dundee,Rangers,2026-10-17,home_win_and_under_15,91.2,PRO_STRONG,
Dundee,Rangers,2026-10-17,home_win_and_cards_under35,90.9,PRO_MEDIUM,
Dundee,Rangers,2026-10-17,dc_1x_and_under_25,88.9,PRO_STRONG,
Dundee,Rangers,2026-10-17,away_goals_over_05,88.7,PRO_STRONG,
Dundee,Rangers,2026-10-17,dc_x2,86.9,PRO_STRONG,1.1
Dundee,Rangers,2026-10-17,dc_12,83.9,PRO_STRONG,1.18
Dundee,Rangers,2026-10-17,home_goals_under_15,82.5,PRO_STRONG,
Dundee,Rangers,2026-10-17,dc_1x_and_under_15,80.4,PRO_STRONG,
Dundee,Rangers,2026-10-17,away_win_either_half,79.2,PRO_STRONG,
Dundee,Rangers,2026-10-17,away_win_and_cards_under35,76.0,PRO_STRONG,
Dundee,Rangers,2026-10-17,dc_x2_and_over_15,72.8,PRO_MEDIUM,
Dundee,Rangers,2026-10-17,away_win,70.8,PRO_MEDIUM,1.38
Dundee,Rangers,2026-10-17,both_teams_carded,69.1,PRO_MEDIUM,
Dundee,Rangers,2026-10-17,away_goals_under_25,66.5,PRO_MEDIUM,
Dundee,Rangers,2026-10-17,away_goals_over_15,63.2,PRO_MEDIUM,
Dundee,Rangers,2026-10-17,goals_over_25,61.6,PRO_MEDIUM,1.57
Dundee,Rangers,2026-10-17,cards_range_3_5,59.7,PRO_MEDIUM,
Dundee,Rangers,2026-10-17,away_win_and_over_15,59.2,PRO_MEDIUM,
Dundee,Rangers,2026-10-17,dc_12_and_over_25,56.6,PRO_MEDIUM,
Dundee,Rangers,2026-10-17,away_win_2h,56.4,PRO_MEDIUM,
Dundee,Rangers,2026-10-17,home_goals_over_05,55.7,PRO_MEDIUM,
Dundee United,Hibernian,2026-10-10,home_goals_under_25,86.1,PRO_STRONG,
Dundee United,Hibernian,2026-10-10,home_win_and_corners_under95,85.1,PRO_STRONG,
Dundee United,Hibernian,2026-10-10,away_goals_under_25,81.4,PRO_STRONG,
Dundee United,Hibernian,2026-10-10,home_win_and_under_25,80.9,PRO_STRONG,
Dundee United,Hibernian,2026-10-10,away_goals_over_05,79.7,PRO_STRONG,
Dundee United,Hibernian,2026-10-10,away_win_and_cards_under35,75.8,PRO_STRONG,
Dundee United,Hibernian,2026-10-10,dc_12,75.5,PRO_STRONG,1.28
Dundee United,Hibernian,2026-10-10,away_win_and_under_25,74.5,PRO_MEDIUM,
Dundee United,Hibernian,2026-10-10,home_win_and_under_15,74.3,PRO_MEDIUM,
Dundee United,Hibernian,2026-10-10,dc_1x_and_under_25,73.7,PRO_MEDIUM,
Dundee United,Hibernian,2026-10-10,home_goals_over_05,72.5,PRO_MEDIUM,
Dundee United,Hibernian,2026-10-10,away_win_and_under_15,71.2,PRO_MEDIUM,
Dundee United,Hibernian,2026-10-10,both_teams_carded,70.7,PRO_MEDIUM,
Dundee United,Hibernian,2026-10-10,dc_x2,68.8,PRO_MEDIUM,1.5
Dundee United,Hibernian,2026-10-10,dc_x2_and_under_25,66.8,PRO_MEDIUM,
Dundee United,Hibernian,2026-10-10,home_goals_under_15,62.8,PRO_MEDIUM,
Dundee United,Hibernian,2026-10-10,away_goals_under_15,60.1,PRO_MEDIUM,
Dundee United,Hibernian,2026-10-10,dc_1x,55.6,PRO_MEDIUM,1.53
Dundee United,Hibernian,2026-10-10,cards_range_3_5,55.4,PRO_MEDIUM,
Ein Frankfurt,Fc Koln,2026-10-16,away_goals_under_25,89.7,PRO_STRONG,
Ein Frankfurt,Fc Koln,2026-10-16,home_goals_over_05,85.3,PRO_STRONG,
Ein Frankfurt,Fc Koln,2026-10-16,away_win_and_under_25,84.6,PRO_STRONG,
Ein Frankfurt,Fc Koln,2026-10-16,away_win_and_cards_under35,83.7,PRO_STRONG,
Ein Frankfurt,Fc Koln,2026-10-16,away_win_and_under_15,80.6,PRO_STRONG,
Ein Frankfurt,Fc Koln,2026-10-16,both_teams_carded,80.2,PRO_STRONG,
Ein Frankfurt,Fc Koln,2026-10-16,dc_x2_and_under_25,79.2,PRO_STRONG,
Ein Frankfurt,Fc Koln,2026-10-16,home_win_and_corners_under95,77.6,PRO_STRONG,
Ein Frankfurt,Fc Koln,2026-10-16,home_goals_under_25,76.5,PRO_STRONG,
Ein Frankfurt,Fc Koln,2026-10-16,away_goals_over_05,71.6,PRO_MEDIUM,
Ein Frankfurt,Fc Koln,2026-10-16,dc_12,69.7,PRO_MEDIUM,1.22
Ein Frankfurt,Fc Koln,2026-10-16,home_win_and_under_25,69.1,PRO_MEDIUM,
Ein Frankfurt,Fc Koln,2026-10-16,away_goals_under_15,68.0,PRO_MEDIUM,
Ein Frankfurt,Fc Koln,2026-10-16,dc_1x_and_over_15,62.0,PRO_MEDIUM,
Ein Frankfurt,Fc Koln,2026-10-16,dc_1x_and_under_25,61.9,PRO_MEDIUM,
Ein Frankfurt,Fc Koln,2026-10-16,home_win_and_under_15,61.7,PRO_MEDIUM,
Ein Frankfurt,Fc Koln,2026-10-16,booking_pts_over_35,57.8,PRO_MEDIUM,
Ein Frankfurt,Fc Koln,2026-10-16,btts,57.1,PRO_MEDIUM,1.36
Ein Frankfurt,Fc Koln,2026-10-16,goals_over_25,57.1,PRO_MEDIUM,1.36
Ein Frankfurt,Fc Koln,2026-10-16,dc_x2_and_under_15,57.1,PRO_MEDIUM,
Ein Frankfurt,Fc Koln,2026-10-16,dc_x2,55.5,PRO_MEDIUM,1.83
Ein Frankfurt,Freiburg,2026-09-19,away_win_and_under_25,85.6,PRO_STRONG,
Ein Frankfurt,Freiburg,2026-09-19,away_win_and_under_15,81.5,PRO_STRONG,
Ein Frankfurt,Freiburg,2026-09-19,home_goals_over_05,81.3,PRO_STRONG,
Ein Frankfurt,Freiburg,2026-09-19,home_win_and_under_25,73.5,PRO_MEDIUM,
Ein Frankfurt,Freiburg,2026-09-19,both_teams_carded,72.8,PRO_MEDIUM,
Ein Frankfurt,Freiburg,2026-09-19,away_goals_over_05,71.9,PRO_MEDIUM,
Ein Frankfurt,Freiburg,2026-09-19,dc_12,70.2,PRO_MEDIUM,
Ein Frankfurt,Freiburg,2026-09-19,away_goals_under_15,67.2,PRO_MEDIUM,
Ein Frankfurt,Freiburg,2026-09-19,dc_1x_and_under_25,66.6,PRO_MEDIUM,
Ein Frankfurt,Freiburg,2026-09-19,home_win_and_under_15,66.2,PRO_MEDIUM,
Ein Frankfurt,Freiburg,2026-09-19,home_win_either_half,59.2,PRO_MEDIUM,
Ein Frankfurt,Freiburg,2026-09-19,btts,57.8,PRO_MEDIUM,
Ein Frankfurt,Freiburg,2026-09-19,dc_12_and_under_25,56.3,PRO_MEDIUM,
Ein Frankfurt,Freiburg,2026-09-19,dc_1x_and_over_15,55.4,PRO_MEDIUM,
Ein Frankfurt,Freiburg,2026-09-19,home_goals_under_15,55.4,PRO_MEDIUM,
Ein Frankfurt,Freiburg,2026-09-19,dc_x2,55.3,PRO_MEDIUM,
Elche,Celta,2026-10-11,home_goals_under_25,92.9,PRO_STRONG,
Elche,Celta,2026-10-11,away_goals_under_25,85.4,PRO_STRONG,
Elche,Celta,2026-10-11,home_win_and_under_25,85.3,PRO_STRONG,
Elche,Celta,2026-10-11,home_win_and_corners_under95,85.1,PRO_STRONG,
Elche,Celta,2026-10-11,dc_1x_and_under_25,80.6,PRO_STRONG,
Elche,Celta,2026-10-11,home_win_and_under_15,79.6,PRO_STRONG,
Elche,Celta,2026-10-11,away_win_and_under_25,78.2,PRO_STRONG,
Elche,Celta,2026-10-11,dc_x2_and_under_25,75.6,PRO_STRONG,
Elche,Celta,2026-10-11,away_win_and_under_15,73.7,PRO_MEDIUM,
Elche,Celta,2026-10-11,dc_12,73.0,PRO_MEDIUM,1.36
Elche,Celta,2026-10-11,dc_x2,70.3,PRO_MEDIUM,1.4
Elche,Celta,2026-10-11,home_goals_under_15,70.2,PRO_MEDIUM,
Elche,Celta,2026-10-11,away_goals_under_15,69.7,PRO_MEDIUM,
Elche,Celta,2026-10-11,away_win_and_cards_under35,69.3,PRO_MEDIUM,
Elche,Celta,2026-10-11,home_goals_over_05,67.9,PRO_MEDIUM,
Elche,Celta,2026-10-11,dc_12_and_under_25,65.9,PRO_MEDIUM,
Elche,Celta,2026-10-11,dc_1x_and_under_15,62.6,PRO_MEDIUM,
Elche,Celta,2026-10-11,goals_under_25,61.4,PRO_MEDIUM,1.8
Elche,Celta,2026-10-11,dc_1x,56.7,PRO_MEDIUM,1.5
Elche,Celta,2026-10-11,away_win_either_half,56.5,PRO_MEDIUM,
Elversberg,Augsburg,2026-10-17,home_win_and_corners_under95,82.5,PRO_STRONG,
Elversberg,Augsburg,2026-10-17,home_goals_over_05,81.9,PRO_STRONG,
Elversberg,Augsburg,2026-10-17,home_win_and_cards_under35,80.1,PRO_MEDIUM,
Elversberg,Augsburg,2026-10-17,away_win_and_cards_under35,80.0,PRO_STRONG,
Elversberg,Augsburg,2026-10-17,home_goals_under_25,79.0,PRO_STRONG,
Elversberg,Augsburg,2026-10-17,away_goals_under_25,78.5,PRO_STRONG,
Elversberg,Augsburg,2026-10-17,away_goals_over_05,78.2,PRO_STRONG,
Elversberg,Augsburg,2026-10-17,dc_12,77.4,PRO_STRONG,1.25
Elversberg,Augsburg,2026-10-17,away_win_and_under_25,74.1,PRO_MEDIUM,
Elversberg,Augsburg,2026-10-17,both_teams_carded,72.5,PRO_MEDIUM,
Elversberg,Augsburg,2026-10-17,home_win_and_under_25,70.1,PRO_MEDIUM,
Elversberg,Augsburg,2026-10-17,away_win_and_under_15,69.3,PRO_MEDIUM,
Elversberg,Augsburg,2026-10-17,home_win_and_under_15,69.2,PRO_MEDIUM,
Elversberg,Augsburg,2026-10-17,dc_x2_and_under_25,68.4,PRO_MEDIUM,
Elversberg,Augsburg,2026-10-17,dc_1x_and_under_25,65.2,PRO_MEDIUM,
Elversberg,Augsburg,2026-10-17,dc_1x,63.4,PRO_MEDIUM,1.4
Elversberg,Augsburg,2026-10-17,away_goals_under_15,62.1,PRO_MEDIUM,
Elversberg,Augsburg,2026-10-17,goals_over_25,61.1,PRO_MEDIUM,1.44
Elversberg,Augsburg,2026-10-17,dc_x2,59.2,PRO_MEDIUM,1.62
Elversberg,Augsburg,2026-10-17,btts,56.0,PRO_MEDIUM,1.4
Elversberg,Augsburg,2026-10-17,dc_1x_and_over_15,55.9,PRO_MEDIUM,
Erzurum Bb,Eyupspor,2026-10-17,away_win_and_under_25,84.5,PRO_STRONG,
Erzurum Bb,Eyupspor,2026-10-17,away_win_and_under_15,81.0,PRO_STRONG,
Erzurum Bb,Eyupspor,2026-10-17,home_goals_over_05,77.9,PRO_STRONG,
Erzurum Bb,Eyupspor,2026-10-17,home_win_and_under_25,77.6,PRO_STRONG,
Erzurum Bb,Eyupspor,2026-10-17,away_goals_under_15,72.6,PRO_MEDIUM,
Erzurum Bb,Eyupspor,2026-10-17,both_teams_carded,71.7,PRO_MEDIUM,
Erzurum Bb,Eyupspor,2026-10-17,home_win_and_under_15,69.4,PRO_MEDIUM,
Erzurum Bb,Eyupspor,2026-10-17,dc_12,69.0,PRO_MEDIUM,
Erzurum Bb,Eyupspor,2026-10-17,dc_1x_and_under_25,68.0,PRO_MEDIUM,
Erzurum Bb,Eyupspor,2026-10-17,dc_12_and_under_25,60.8,PRO_MEDIUM,
Erzurum Bb,Eyupspor,2026-10-17,home_win_either_half,59.1,PRO_MEDIUM,
Erzurum Bb,Eyupspor,2026-10-17,dc_x2_and_under_15,58.9,PRO_MEDIUM,
Erzurum Bb,Eyupspor,2026-10-17,home_goals_under_15,58.8,PRO_MEDIUM,
Erzurum Bb,Eyupspor,2026-10-17,dc_x2,56.4,PRO_MEDIUM,
Erzurum Bb,Samsunspor,2026-09-20,away_win_and_under_25,84.9,PRO_STRONG,
Erzurum Bb,Samsunspor,2026-09-20,away_win_and_under_15,83.6,PRO_STRONG,
Erzurum Bb,Samsunspor,2026-09-20,home_goals_over_05,78.0,PRO_STRONG,
Erzurum Bb,Samsunspor,2026-09-20,home_win_and_under_25,78.0,PRO_STRONG,
Erzurum Bb,Samsunspor,2026-09-20,dc_1x,77.0,PRO_STRONG,
Erzurum Bb,Samsunspor,2026-09-20,both_teams_carded,71.7,PRO_MEDIUM,
Erzurum Bb,Samsunspor,2026-09-20,away_goals_under_15,71.3,PRO_MEDIUM,
Erzurum Bb,Samsunspor,2026-09-20,dc_1x_and_under_25,69.0,PRO_MEDIUM,
Erzurum Bb,Samsunspor,2026-09-20,home_win_and_under_15,67.9,PRO_MEDIUM,
Erzurum Bb,Samsunspor,2026-09-20,dc_12,67.2,PRO_MEDIUM,
Erzurum Bb,Samsunspor,2026-09-20,home_goals_under_15,60.8,PRO_MEDIUM,
Erzurum Bb,Samsunspor,2026-09-20,home_win_either_half,59.8,PRO_MEDIUM,
Erzurum Bb,Samsunspor,2026-09-20,dc_12_and_under_25,59.7,PRO_MEDIUM,
Erzurum Bb,Samsunspor,2026-09-20,dc_x2_and_under_15,58.8,PRO_MEDIUM,
Erzurum Bb,Samsunspor,2026-09-20,dc_x2,55.8,PRO_MEDIUM,
Espanol,Ath Madrid,2026-10-17,home_goals_under_25,93.4,PRO_STRONG,
Espanol,Ath Madrid,2026-10-17,home_win_and_under_25,90.1,PRO_STRONG,
Espanol,Ath Madrid,2026-10-17,home_win_and_corners_under95,88.9,PRO_STRONG,
Espanol,Ath Madrid,2026-10-17,home_win_and_under_15,87.3,PRO_STRONG,
Espanol,Ath Madrid,2026-10-17,both_teams_carded,86.6,PRO_STRONG,
Espanol,Ath Madrid,2026-10-17,home_win_and_cards_under35,85.2,PRO_MEDIUM,
Espanol,Ath Madrid,2026-10-17,dc_1x_and_under_25,81.9,PRO_STRONG,
Espanol,Ath Madrid,2026-10-17,away_goals_over_05,81.5,PRO_STRONG,
Espanol,Ath Madrid,2026-10-17,dc_x2,81.0,PRO_STRONG,1.22
Espanol,Ath Madrid,2026-10-17,booking_pts_over_35,74.7,PRO_MEDIUM,
Espanol,Ath Madrid,2026-10-17,away_goals_under_25,74.5,PRO_MEDIUM,
Espanol,Ath Madrid,2026-10-17,dc_12,74.3,PRO_MEDIUM,1.28
Espanol,Ath Madrid,2026-10-17,home_goals_under_15,74.2,PRO_MEDIUM,
Espanol,Ath Madrid,2026-10-17,dc_1x_and_under_15,68.2,PRO_MEDIUM,
Espanol,Ath Madrid,2026-10-17,away_win_either_half,65.0,PRO_MEDIUM,
Espanol,Ath Madrid,2026-10-17,away_win_and_cards_under35,64.3,PRO_MEDIUM,
Espanol,Ath Madrid,2026-10-17,home_goals_over_05,63.8,PRO_MEDIUM,
Espanol,Ath Madrid,2026-10-17,away_win_and_under_25,63.7,PRO_MEDIUM,
Espanol,Ath Madrid,2026-10-17,dc_x2_and_over_15,61.3,PRO_MEDIUM,
Espanol,Ath Madrid,2026-10-17,dc_x2_and_under_25,59.1,PRO_MEDIUM,
Espanol,Ath Madrid,2026-10-17,away_win_and_under_15,57.7,PRO_MEDIUM,
Espanol,Ath Madrid,2026-10-17,dc_12_and_under_25,56.2,PRO_MEDIUM,
Espanol,Ath Madrid,2026-10-17,away_win,55.3,PRO_MEDIUM,1.85
Estoril,Casa Pia,2026-09-20,both_teams_carded,88.6,PRO_STRONG,
Estoril,Casa Pia,2026-09-20,away_win_and_under_25,84.5,PRO_STRONG,
Estoril,Casa Pia,2026-09-20,away_win_and_under_15,80.6,PRO_STRONG,
Estoril,Casa Pia,2026-09-20,booking_pts_over_35,77.9,PRO_STRONG,
Estoril,Casa Pia,2026-09-20,home_goals_over_05,77.3,PRO_STRONG,
Estoril,Casa Pia,2026-09-20,dc_1x,76.8,PRO_STRONG,
Estoril,Casa Pia,2026-09-20,home_win_and_under_25,74.6,PRO_MEDIUM,
Estoril,Casa Pia,2026-09-20,dc_1x_and_under_25,70.0,PRO_MEDIUM,
Estoril,Casa Pia,2026-09-20,away_goals_under_15,68.7,PRO_MEDIUM,
Estoril,Casa Pia,2026-09-20,home_win_and_under_15,67.6,PRO_MEDIUM,
Estoril,Casa Pia,2026-09-20,dc_12,66.4,PRO_MEDIUM,
Estoril,Casa Pia,2026-09-20,away_goals_over_05,65.5,PRO_MEDIUM,
Estoril,Casa Pia,2026-09-20,dc_12_and_under_25,61.7,PRO_MEDIUM,
Estoril,Casa Pia,2026-09-20,home_win_either_half,59.8,PRO_MEDIUM,
Estoril,Casa Pia,2026-09-20,home_goals_under_15,59.0,PRO_MEDIUM,
Estoril,Casa Pia,2026-09-20,dc_x2_and_under_15,57.6,PRO_MEDIUM,
Estoril,Casa Pia,2026-09-20,dc_x2,56.8,PRO_MEDIUM,
Estoril,Casa Pia,2026-09-20,goals_under_25,55.8,PRO_MEDIUM,
Everton,Chelsea,2026-10-17,both_teams_carded,85.8,PRO_STRONG,
Everton,Chelsea,2026-10-17,home_goals_under_25,85.7,PRO_STRONG,
Everton,Chelsea,2026-10-17,home_win_and_corners_under95,85.1,PRO_STRONG,
Everton,Chelsea,2026-10-17,away_goals_under_25,82.4,PRO_STRONG,
Everton,Chelsea,2026-10-17,home_win_and_under_25,81.7,PRO_STRONG,
Everton,Chelsea,2026-10-17,home_win_and_under_15,76.4,PRO_STRONG,
Everton,Chelsea,2026-10-17,dc_12,74.9,PRO_MEDIUM,1.28
Everton,Chelsea,2026-10-17,away_win_and_under_25,74.2,PRO_MEDIUM,
Everton,Chelsea,2026-10-17,home_goals_over_05,72.8,PRO_MEDIUM,
Everton,Chelsea,2026-10-17,dc_1x_and_under_25,71.5,PRO_MEDIUM,
Everton,Chelsea,2026-10-17,away_win_and_cards_under35,69.7,PRO_MEDIUM,
Everton,Chelsea,2026-10-17,dc_x2_and_under_25,68.8,PRO_MEDIUM,
Everton,Chelsea,2026-10-17,dc_x2,68.4,PRO_MEDIUM,1.4
Everton,Chelsea,2026-10-17,away_win_and_under_15,67.5,PRO_MEDIUM,
Everton,Chelsea,2026-10-17,away_win_either_half,58.5,PRO_MEDIUM,
Everton,Chelsea,2026-10-17,home_goals_under_15,57.8,PRO_MEDIUM,
Everton,Chelsea,2026-10-17,away_goals_under_15,57.2,PRO_MEDIUM,
Everton,Chelsea,2026-10-17,dc_1x,56.7,PRO_MEDIUM,1.57
Everton,Chelsea,2026-10-17,booking_pts_over_45,55.4,PRO_MEDIUM,
Everton,Chelsea,2026-10-17,dc_12_and_under_25,55.3,PRO_MEDIUM,
Excelsior,Groningen,2026-10-11,home_win_and_corners_under95,85.1,PRO_STRONG,
Excelsior,Groningen,2026-10-11,away_win_and_cards_under35,84.1,PRO_STRONG,
Excelsior,Groningen,2026-10-11,home_goals_under_25,83.3,PRO_STRONG,
Excelsior,Groningen,2026-10-11,home_win_and_cards_under35,81.3,PRO_MEDIUM,
Excelsior,Groningen,2026-10-11,dc_12,79.2,PRO_STRONG,1.28
Excelsior,Groningen,2026-10-11,home_win_and_under_25,79.2,PRO_STRONG,
Excelsior,Groningen,2026-10-11,away_goals_over_05,77.7,PRO_STRONG,
Excelsior,Groningen,2026-10-11,away_goals_under_25,77.5,PRO_STRONG,
Excelsior,Groningen,2026-10-11,home_goals_over_05,77.5,PRO_STRONG,
Excelsior,Groningen,2026-10-11,home_win_and_under_15,73.4,PRO_MEDIUM,
Excelsior,Groningen,2026-10-11,away_win_and_under_25,71.8,PRO_MEDIUM,
Excelsior,Groningen,2026-10-11,dc_1x_and_under_25,71.5,PRO_MEDIUM,
Excelsior,Groningen,2026-10-11,both_teams_carded,71.2,PRO_MEDIUM,
Excelsior,Groningen,2026-10-11,away_win_and_under_15,69.1,PRO_MEDIUM,
Excelsior,Groningen,2026-10-11,dc_x2,66.4,PRO_MEDIUM,1.5
Excelsior,Groningen,2026-10-11,dc_x2_and_under_25,63.6,PRO_MEDIUM,
Excelsior,Groningen,2026-10-11,away_goals_under_15,61.0,PRO_MEDIUM,
Excelsior,Groningen,2026-10-11,home_goals_under_15,58.2,PRO_MEDIUM,
Excelsior,Groningen,2026-10-11,btts,57.4,PRO_MEDIUM,1.5
Excelsior,Groningen,2026-10-11,away_win_either_half,56.6,PRO_MEDIUM,
Excelsior,Groningen,2026-10-11,goals_over_25,56.3,PRO_MEDIUM,1.57
Excelsior,Groningen,2026-10-11,dc_12_and_over_25,55.9,PRO_MEDIUM,
Eyupspor,Goztep,2026-10-12,home_goals_under_25,91.3,PRO_STRONG,
Eyupspor,Goztep,2026-10-12,home_win_and_corners_under95,88.9,PRO_STRONG,
Eyupspor,Goztep,2026-10-12,home_win_and_cards_under35,85.9,PRO_MEDIUM,
Eyupspor,Goztep,2026-10-12,home_win_and_under_25,83.4,PRO_STRONG,
Eyupspor,Goztep,2026-10-12,home_win_and_under_15,82.6,PRO_STRONG,
Eyupspor,Goztep,2026-10-12,dc_1x_and_under_25,81.6,PRO_STRONG,
Eyupspor,Goztep,2026-10-12,both_teams_carded,78.4,PRO_STRONG,
Eyupspor,Goztep,2026-10-12,away_win_and_cards_under35,78.2,PRO_STRONG,
Eyupspor,Goztep,2026-10-12,away_goals_under_25,76.9,PRO_STRONG,
Eyupspor,Goztep,2026-10-12,away_goals_over_05,76.6,PRO_STRONG,
Eyupspor,Goztep,2026-10-12,dc_12,76.0,PRO_STRONG,1.28
Eyupspor,Goztep,2026-10-12,dc_x2,72.9,PRO_MEDIUM,1.3
Eyupspor,Goztep,2026-10-12,home_goals_under_15,72.8,PRO_MEDIUM,
Eyupspor,Goztep,2026-10-12,home_goals_over_05,72.5,PRO_MEDIUM,
Eyupspor,Goztep,2026-10-12,dc_x2_and_under_25,71.7,PRO_MEDIUM,
Eyupspor,Goztep,2026-10-12,away_win_and_under_25,70.8,PRO_MEDIUM,
Eyupspor,Goztep,2026-10-12,booking_pts_over_35,65.7,PRO_MEDIUM,
Eyupspor,Goztep,2026-10-12,dc_1x_and_under_15,64.5,PRO_MEDIUM,
Eyupspor,Goztep,2026-10-12,away_win_and_under_15,63.9,PRO_MEDIUM,
Eyupspor,Goztep,2026-10-12,away_win_either_half,59.3,PRO_MEDIUM,
Eyupspor,Goztep,2026-10-12,dc_12_and_under_25,59.1,PRO_MEDIUM,
Eyupspor,Goztep,2026-10-12,away_goals_under_15,55.7,PRO_MEDIUM,
Falkirk,Dundee,2026-10-10,away_goals_under_25,86.9,PRO_STRONG,
Falkirk,Dundee,2026-10-10,home_goals_under_25,86.5,PRO_STRONG,
Falkirk,Dundee,2026-10-10,away_win_and_cards_under35,85.2,PRO_STRONG,
Falkirk,Dundee,2026-10-10,away_win_and_under_25,82.3,PRO_STRONG,
Falkirk,Dundee,2026-10-10,away_win_and_under_15,78.6,PRO_STRONG,
Falkirk,Dundee,2026-10-10,home_win_and_corners_under95,78.6,PRO_STRONG,
Falkirk,Dundee,2026-10-10,dc_x2_and_under_25,76.8,PRO_STRONG,
Falkirk,Dundee,2026-10-10,home_goals_over_05,75.4,PRO_STRONG,
Falkirk,Dundee,2026-10-10,home_win_and_under_25,74.5,PRO_MEDIUM,
Falkirk,Dundee,2026-10-10,dc_12,73.9,PRO_MEDIUM,1.28
Falkirk,Dundee,2026-10-10,away_goals_over_05,71.6,PRO_MEDIUM,
Falkirk,Dundee,2026-10-10,both_teams_carded,71.5,PRO_MEDIUM,
Falkirk,Dundee,2026-10-10,dc_1x_and_under_25,70.4,PRO_MEDIUM,
Falkirk,Dundee,2026-10-10,home_win_and_under_15,70.2,PRO_MEDIUM,
Falkirk,Dundee,2026-10-10,dc_1x,66.9,PRO_MEDIUM,1.36
Falkirk,Dundee,2026-10-10,away_goals_under_15,66.1,PRO_MEDIUM,
Falkirk,Dundee,2026-10-10,dc_x2,59.2,PRO_MEDIUM,1.7
Falkirk,Dundee,2026-10-10,home_goals_under_15,58.4,PRO_MEDIUM,
Falkirk,Dundee,2026-10-10,dc_x2_and_under_15,58.4,PRO_MEDIUM,
Falkirk,Dundee,2026-10-10,cards_range_3_5,57.2,PRO_MEDIUM,
Famalicao,Alverca,2026-10-12,away_goals_under_25,93.5,PRO_STRONG,
Famalicao,Alverca,2026-10-12,away_win_and_under_25,91.1,PRO_STRONG,
Famalicao,Alverca,2026-10-12,both_teams_carded,88.9,PRO_STRONG,
Famalicao,Alverca,2026-10-12,away_win_and_under_15,88.2,PRO_STRONG,
Famalicao,Alverca,2026-10-12,away_win_and_cards_under35,86.5,PRO_STRONG,
Famalicao,Alverca,2026-10-12,dc_x2_and_under_25,85.8,PRO_STRONG,
Famalicao,Alverca,2026-10-12,home_goals_over_05,84.1,PRO_STRONG,
Famalicao,Alverca,2026-10-12,home_goals_under_25,82.4,PRO_STRONG,
Famalicao,Alverca,2026-10-12,dc_1x,80.9,PRO_STRONG,1.2
Famalicao,Alverca,2026-10-12,away_goals_under_15,78.8,PRO_STRONG,
Famalicao,Alverca,2026-10-12,dc_12,78.6,PRO_STRONG,1.3
Famalicao,Alverca,2026-10-12,booking_pts_over_35,77.9,PRO_STRONG,
Famalicao,Alverca,2026-10-12,home_win_and_corners_under95,74.6,PRO_MEDIUM,
Famalicao,Alverca,2026-10-12,home_win_either_half,71.3,PRO_MEDIUM,
Famalicao,Alverca,2026-10-12,dc_x2_and_under_15,70.1,PRO_MEDIUM,
Famalicao,Alverca,2026-10-12,home_win_and_under_25,69.4,PRO_MEDIUM,
Famalicao,Alverca,2026-10-12,dc_1x_and_under_25,62.1,PRO_MEDIUM,
Famalicao,Alverca,2026-10-12,away_goals_over_05,60.7,PRO_MEDIUM,
Famalicao,Alverca,2026-10-12,dc_1x_and_over_15,60.6,PRO_MEDIUM,
Famalicao,Alverca,2026-10-12,home_win,59.5,PRO_MEDIUM,1.83
Famalicao,Alverca,2026-10-12,dc_12_and_under_25,56.5,PRO_MEDIUM,
Fc Koln,M'Gladbach,2026-10-11,away_goals_under_25,88.4,PRO_STRONG,
Fc Koln,M'Gladbach,2026-10-11,away_win_and_cards_under35,86.3,PRO_STRONG,
Fc Koln,M'Gladbach,2026-10-11,away_win_and_under_25,85.3,PRO_STRONG,
Fc Koln,M'Gladbach,2026-10-11,home_goals_over_05,84.7,PRO_STRONG,
Fc Koln,M'Gladbach,2026-10-11,away_win_and_under_15,80.5,PRO_STRONG,
Fc Koln,M'Gladbach,2026-10-11,dc_x2_and_under_25,77.6,PRO_STRONG,
Fc Koln,M'Gladbach,2026-10-11,home_win_and_corners_under95,76.2,PRO_STRONG,
Fc Koln,M'Gladbach,2026-10-11,dc_12,73.6,PRO_MEDIUM,1.25
Fc Koln,M'Gladbach,2026-10-11,home_goals_under_25,73.1,PRO_MEDIUM,
Fc Koln,M'Gladbach,2026-10-11,away_goals_over_05,71.6,PRO_MEDIUM,
Fc Koln,M'Gladbach,2026-10-11,both_teams_carded,71.0,PRO_MEDIUM,
Fc Koln,M'Gladbach,2026-10-11,home_win_and_under_25,70.8,PRO_MEDIUM,
Fc Koln,M'Gladbach,2026-10-11,away_goals_under_15,67.7,PRO_MEDIUM,
Fc Koln,M'Gladbach,2026-10-11,dc_1x_and_under_25,63.2,PRO_MEDIUM,
Fc Koln,M'Gladbach,2026-10-11,dc_1x_and_over_15,63.2,PRO_MEDIUM,
Fc Koln,M'Gladbach,2026-10-11,home_win_and_under_15,62.8,PRO_MEDIUM,
Fc Koln,M'Gladbach,2026-10-11,dc_x2_and_under_15,61.7,PRO_MEDIUM,
Fc Koln,M'Gladbach,2026-10-11,home_win_either_half,60.8,PRO_MEDIUM,
Fc Koln,M'Gladbach,2026-10-11,goals_over_25,56.9,PRO_MEDIUM,1.5
Fc Koln,M'Gladbach,2026-10-11,btts,56.4,PRO_MEDIUM,1.5
Fenerbahce,Alanyaspor,2026-10-17,away_win_and_under_25,84.0,PRO_STRONG,
Fenerbahce,Alanyaspor,2026-10-17,home_goals_over_05,82.8,PRO_STRONG,
Fenerbahce,Alanyaspor,2026-10-17,away_win_and_under_15,79.6,PRO_STRONG,
Fenerbahce,Alanyaspor,2026-10-17,both_teams_carded,77.5,PRO_STRONG,
Fenerbahce,Alanyaspor,2026-10-17,dc_12,74.0,PRO_MEDIUM,
Fenerbahce,Alanyaspor,2026-10-17,home_win_and_under_25,73.8,PRO_MEDIUM,
Fenerbahce,Alanyaspor,2026-10-17,away_goals_over_05,72.0,PRO_MEDIUM,
Fenerbahce,Alanyaspor,2026-10-17,away_goals_under_15,68.0,PRO_MEDIUM,
Fenerbahce,Alanyaspor,2026-10-17,dc_1x_and_under_25,63.8,PRO_MEDIUM,
Fenerbahce,Alanyaspor,2026-10-17,home_win_either_half,63.5,PRO_MEDIUM,
Fenerbahce,Alanyaspor,2026-10-17,home_win_and_under_15,62.8,PRO_MEDIUM,
Fenerbahce,Alanyaspor,2026-10-17,booking_pts_over_35,60.8,PRO_MEDIUM,
Fenerbahce,Alanyaspor,2026-10-17,dc_1x_and_over_15,58.8,PRO_MEDIUM,
Fenerbahce,Alanyaspor,2026-10-17,btts,58.5,PRO_MEDIUM,
Fenerbahce,Alanyaspor,2026-10-17,goals_over_25,55.5,PRO_MEDIUM,
Fenerbahce,Eyupspor,2026-09-20,both_teams_carded,86.4,PRO_STRONG,
Fenerbahce,Eyupspor,2026-09-20,away_win_and_under_25,83.7,PRO_STRONG,
Fenerbahce,Eyupspor,2026-09-20,away_win_and_under_15,82.6,PRO_STRONG,
Fenerbahce,Eyupspor,2026-09-20,home_goals_over_05,82.1,PRO_STRONG,
Fenerbahce,Eyupspor,2026-09-20,dc_1x,78.4,PRO_STRONG,
Fenerbahce,Eyupspor,2026-09-20,home_win_and_under_25,75.2,PRO_STRONG,
Fenerbahce,Eyupspor,2026-09-20,away_goals_under_15,71.0,PRO_MEDIUM,
Fenerbahce,Eyupspor,2026-09-20,dc_12,68.2,PRO_MEDIUM,
Fenerbahce,Eyupspor,2026-09-20,home_win_and_under_15,67.1,PRO_MEDIUM,
Fenerbahce,Eyupspor,2026-09-20,home_win_either_half,64.3,PRO_MEDIUM,
Fenerbahce,Eyupspor,2026-09-20,dc_1x_and_under_25,63.0,PRO_MEDIUM,
Fenerbahce,Eyupspor,2026-09-20,dc_x2_and_under_15,59.6,PRO_MEDIUM,
Fenerbahce,Eyupspor,2026-09-20,dc_1x_and_over_15,57.5,PRO_MEDIUM,
Fenerbahce,Eyupspor,2026-09-20,dc_12_and_under_25,57.3,PRO_MEDIUM,
Fenerbahce,Eyupspor,2026-09-20,booking_pts_over_45,55.6,PRO_MEDIUM,
Feyenoord,Az Alkmaar,2026-10-10,away_goals_under_25,89.5,PRO_STRONG,
Feyenoord,Az Alkmaar,2026-10-10,away_win_and_cards_under35,88.0,PRO_STRONG,
Feyenoord,Az Alkmaar,2026-10-10,home_goals_over_05,86.6,PRO_STRONG,
Feyenoord,Az Alkmaar,2026-10-10,away_win_and_under_25,86.3,PRO_STRONG,
Feyenoord,Az Alkmaar,2026-10-10,away_win_and_under_15,84.1,PRO_STRONG,
Feyenoord,Az Alkmaar,2026-10-10,dc_x2_and_under_25,78.5,PRO_STRONG,
Feyenoord,Az Alkmaar,2026-10-10,dc_1x,78.5,PRO_STRONG,1.28
Feyenoord,Az Alkmaar,2026-10-10,home_win_and_corners_under95,74.0,PRO_MEDIUM,
Feyenoord,Az Alkmaar,2026-10-10,dc_12,73.7,PRO_MEDIUM,1.22
Feyenoord,Az Alkmaar,2026-10-10,both_teams_carded,69.4,PRO_MEDIUM,
Feyenoord,Az Alkmaar,2026-10-10,away_goals_under_15,69.1,PRO_MEDIUM,
Feyenoord,Az Alkmaar,2026-10-10,home_goals_under_25,67.6,PRO_MEDIUM,
Feyenoord,Az Alkmaar,2026-10-10,home_win_either_half,67.3,PRO_MEDIUM,
Feyenoord,Az Alkmaar,2026-10-10,home_win_and_under_25,65.7,PRO_MEDIUM,
Feyenoord,Az Alkmaar,2026-10-10,dc_1x_and_over_15,65.3,PRO_MEDIUM,
Feyenoord,Az Alkmaar,2026-10-10,dc_1x_and_under_25,60.0,PRO_MEDIUM,
Feyenoord,Az Alkmaar,2026-10-10,dc_x2_and_under_15,59.8,PRO_MEDIUM,
Feyenoord,Az Alkmaar,2026-10-10,btts,58.5,PRO_MEDIUM,1.44
Feyenoord,Az Alkmaar,2026-10-10,goals_over_25,58.2,PRO_MEDIUM,1.44
Feyenoord,Az Alkmaar,2026-10-10,cards_range_3_5,56.1,PRO_MEDIUM,
Feyenoord,Utrecht,2026-09-20,home_goals_over_05,84.2,PRO_STRONG,
Feyenoord,Utrecht,2026-09-20,away_win_and_under_25,84.0,PRO_STRONG,
Feyenoord,Utrecht,2026-09-20,away_win_and_under_15,81.8,PRO_STRONG,
Feyenoord,Utrecht,2026-09-20,dc_1x,77.2,PRO_STRONG,
Feyenoord,Utrecht,2026-09-20,away_goals_over_05,71.8,PRO_MEDIUM,
Feyenoord,Utrecht,2026-09-20,home_win_and_under_25,71.6,PRO_MEDIUM,
Feyenoord,Utrecht,2026-09-20,both_teams_carded,71.5,PRO_MEDIUM,
Feyenoord,Utrecht,2026-09-20,dc_12,70.7,PRO_MEDIUM,
Feyenoord,Utrecht,2026-09-20,away_goals_under_15,67.9,PRO_MEDIUM,
Feyenoord,Utrecht,2026-09-20,dc_1x_and_under_25,63.6,PRO_MEDIUM,
Feyenoord,Utrecht,2026-09-20,home_win_either_half,63.0,PRO_MEDIUM,
Feyenoord,Utrecht,2026-09-20,home_win_and_under_15,62.8,PRO_MEDIUM,
Feyenoord,Utrecht,2026-09-20,btts,59.8,PRO_MEDIUM,
Feyenoord,Utrecht,2026-09-20,dc_1x_and_over_15,58.7,PRO_MEDIUM,
Fiorentina,Como,2026-10-18,home_goals_under_25,90.7,PRO_STRONG,
Fiorentina,Como,2026-10-18,home_win_and_under_25,89.9,PRO_STRONG,
Fiorentina,Como,2026-10-18,home_win_and_corners_under95,88.9,PRO_STRONG,
Fiorentina,Como,2026-10-18,home_win_and_under_15,87.3,PRO_STRONG,
Fiorentina,Como,2026-10-18,home_win_and_cards_under35,85.2,PRO_MEDIUM,
Fiorentina,Como,2026-10-18,dc_1x_and_under_25,82.6,PRO_STRONG,
Fiorentina,Como,2026-10-18,away_goals_over_05,81.5,PRO_STRONG,
Fiorentina,Como,2026-10-18,dc_x2,80.4,PRO_STRONG,1.25
Fiorentina,Como,2026-10-18,both_teams_carded,78.0,PRO_STRONG,
Fiorentina,Como,2026-10-18,away_goals_under_25,74.0,PRO_MEDIUM,
Fiorentina,Como,2026-10-18,home_goals_under_15,72.9,PRO_MEDIUM,
Fiorentina,Como,2026-10-18,away_win_and_cards_under35,71.8,PRO_MEDIUM,
Fiorentina,Como,2026-10-18,dc_12,71.0,PRO_MEDIUM,1.28
Fiorentina,Como,2026-10-18,home_goals_over_05,68.8,PRO_MEDIUM,
Fiorentina,Como,2026-10-18,dc_1x_and_under_15,67.3,PRO_MEDIUM,
Fiorentina,Como,2026-10-18,away_win_and_under_25,63.8,PRO_MEDIUM,
Fiorentina,Como,2026-10-18,away_win_either_half,62.5,PRO_MEDIUM,
Fiorentina,Como,2026-10-18,booking_pts_over_35,61.9,PRO_MEDIUM,
Fiorentina,Como,2026-10-18,dc_x2_and_under_25,60.6,PRO_MEDIUM,
Fiorentina,Como,2026-10-18,away_win_and_under_15,59.8,PRO_MEDIUM,
Fiorentina,Como,2026-10-18,cards_range_3_5,59.7,PRO_MEDIUM,
Fiorentina,Como,2026-10-18,dc_x2_and_over_15,58.5,PRO_MEDIUM,
Fiorentina,Como,2026-10-18,booking_pts_under_45,55.2,PRO_MEDIUM,
Fiorentina,Napoli,2026-09-20,away_win_and_under_25,84.3,PRO_STRONG,
Fiorentina,Napoli,2026-09-20,away_win_and_under_15,81.2,PRO_STRONG,
Fiorentina,Napoli,2026-09-20,home_goals_over_05,80.7,PRO_STRONG,
Fiorentina,Napoli,2026-09-20,both_teams_carded,78.0,PRO_STRONG,
Fiorentina,Napoli,2026-09-20,home_win_and_under_25,77.9,PRO_STRONG,
Fiorentina,Napoli,2026-09-20,away_goals_over_05,71.0,PRO_MEDIUM,
Fiorentina,Napoli,2026-09-20,dc_12,70.2,PRO_MEDIUM,
Fiorentina,Napoli,2026-09-20,home_win_and_under_15,69.0,PRO_MEDIUM,
Fiorentina,Napoli,2026-09-20,dc_1x_and_under_25,68.9,PRO_MEDIUM,
Fiorentina,Napoli,2026-09-20,away_goals_under_15,66.9,PRO_MEDIUM,
Fiorentina,Napoli,2026-09-20,booking_pts_over_35,61.9,PRO_MEDIUM,
Fiorentina,Napoli,2026-09-20,home_goals_under_15,61.1,PRO_MEDIUM,
Fiorentina,Napoli,2026-09-20,home_win_either_half,59.6,PRO_MEDIUM,
Fiorentina,Napoli,2026-09-20,cards_range_3_5,57.2,PRO_MEDIUM,
Fiorentina,Napoli,2026-09-20,btts,55.5,PRO_MEDIUM,
Fiorentina,Napoli,2026-09-20,dc_x2,55.3,PRO_MEDIUM,
Fiorentina,Napoli,2026-09-20,booking_pts_under_45,55.2,PRO_MEDIUM,
For Sittard,Twente,2026-10-10,home_goals_under_25,92.7,PRO_STRONG,
For Sittard,Twente,2026-10-10,home_win_and_corners_under95,91.8,PRO_STRONG,
For Sittard,Twente,2026-10-10,home_win_and_cards_under35,90.3,PRO_MEDIUM,
For Sittard,Twente,2026-10-10,home_win_and_under_25,89.8,PRO_STRONG,
For Sittard,Twente,2026-10-10,home_win_and_under_15,88.2,PRO_STRONG,
For Sittard,Twente,2026-10-10,away_goals_over_05,87.5,PRO_STRONG,
For Sittard,Twente,2026-10-10,dc_1x_and_under_25,86.1,PRO_STRONG,
For Sittard,Twente,2026-10-10,dc_x2,85.8,PRO_STRONG,1.12
For Sittard,Twente,2026-10-10,dc_12,84.6,PRO_STRONG,1.17
For Sittard,Twente,2026-10-10,away_win_either_half,77.0,PRO_STRONG,
For Sittard,Twente,2026-10-10,home_goals_under_15,76.9,PRO_STRONG,
For Sittard,Twente,2026-10-10,away_win_and_cards_under35,76.0,PRO_STRONG,
For Sittard,Twente,2026-10-10,dc_1x_and_under_15,75.9,PRO_STRONG,
For Sittard,Twente,2026-10-10,dc_x2_and_over_15,71.6,PRO_MEDIUM,
For Sittard,Twente,2026-10-10,away_win,70.3,PRO_MEDIUM,1.4
For Sittard,Twente,2026-10-10,both_teams_carded,69.1,PRO_MEDIUM,
For Sittard,Twente,2026-10-10,away_goals_under_25,66.5,PRO_MEDIUM,
For Sittard,Twente,2026-10-10,goals_over_25,65.6,PRO_MEDIUM,1.36
For Sittard,Twente,2026-10-10,dc_12_and_over_25,65.3,PRO_MEDIUM,
For Sittard,Twente,2026-10-10,away_goals_over_15,64.3,PRO_MEDIUM,
For Sittard,Twente,2026-10-10,away_win_and_over_15,59.4,PRO_MEDIUM,
For Sittard,Twente,2026-10-10,cards_range_3_5,57.1,PRO_MEDIUM,
For Sittard,Twente,2026-10-10,btts,56.3,PRO_MEDIUM,1.53
For Sittard,Twente,2026-10-10,home_goals_over_05,56.0,PRO_MEDIUM,
Freiburg,Schalke 04,2026-10-11,away_win_and_cards_under35,91.8,PRO_STRONG,
Freiburg,Schalke 04,2026-10-11,away_goals_under_25,91.2,PRO_STRONG,
Freiburg,Schalke 04,2026-10-11,away_win_and_under_25,90.5,PRO_STRONG,
Freiburg,Schalke 04,2026-10-11,home_goals_over_05,88.6,PRO_STRONG,
Freiburg,Schalke 04,2026-10-11,away_win_and_under_15,87.6,PRO_STRONG,
Freiburg,Schalke 04,2026-10-11,dc_x2_and_under_25,84.9,PRO_STRONG,
Freiburg,Schalke 04,2026-10-11,dc_1x,82.0,PRO_STRONG,1.17
Freiburg,Schalke 04,2026-10-11,dc_12,81.4,PRO_STRONG,1.25
Freiburg,Schalke 04,2026-10-11,home_win_either_half,78.2,PRO_STRONG,
Freiburg,Schalke 04,2026-10-11,home_win_and_corners_under95,74.1,PRO_MEDIUM,
Freiburg,Schalke 04,2026-10-11,away_goals_under_15,73.6,PRO_MEDIUM,
Freiburg,Schalke 04,2026-10-11,home_goals_under_25,71.1,PRO_MEDIUM,
Freiburg,Schalke 04,2026-10-11,both_teams_carded,70.7,PRO_MEDIUM,
Freiburg,Schalke 04,2026-10-11,dc_x2_and_under_15,70.6,PRO_MEDIUM,
Freiburg,Schalke 04,2026-10-11,dc_1x_and_over_15,68.1,PRO_MEDIUM,
Freiburg,Schalke 04,2026-10-11,away_goals_over_05,63.4,PRO_MEDIUM,
Freiburg,Schalke 04,2026-10-11,home_win,63.4,PRO_MEDIUM,1.6
Freiburg,Schalke 04,2026-10-11,dc_1x_and_under_25,59.7,PRO_MEDIUM,
Freiburg,Schalke 04,2026-10-11,home_win_and_under_25,59.2,PRO_MEDIUM,
Freiburg,Schalke 04,2026-10-11,dc_12_and_over_25,56.5,PRO_MEDIUM,
Freiburg,Schalke 04,2026-10-11,goals_over_25,56.5,PRO_MEDIUM,1.62
Freiburg,Schalke 04,2026-10-11,home_goals_over_15,56.0,PRO_MEDIUM,
Freiburg,Schalke 04,2026-10-11,btts,55.7,PRO_MEDIUM,1.62
Frosinone,Como,2026-09-20,away_win_and_under_25,83.2,PRO_STRONG,
Frosinone,Como,2026-09-20,home_goals_over_05,81.2,PRO_STRONG,
Frosinone,Como,2026-09-20,away_win_and_under_15,80.3,PRO_STRONG,
Frosinone,Como,2026-09-20,home_win_and_under_25,79.4,PRO_STRONG,
Frosinone,Como,2026-09-20,both_teams_carded,77.4,PRO_STRONG,
Frosinone,Como,2026-09-20,away_goals_over_05,74.1,PRO_MEDIUM,
Frosinone,Como,2026-09-20,dc_12,70.6,PRO_MEDIUM,
Frosinone,Como,2026-09-20,home_win_and_under_15,67.8,PRO_MEDIUM,
Frosinone,Como,2026-09-20,dc_1x_and_under_25,66.3,PRO_MEDIUM,
Frosinone,Como,2026-09-20,away_goals_under_15,65.8,PRO_MEDIUM,
Frosinone,Como,2026-09-20,booking_pts_over_35,61.9,PRO_MEDIUM,
Frosinone,Como,2026-09-20,home_win_either_half,60.8,PRO_MEDIUM,
Frosinone,Como,2026-09-20,cards_range_3_5,60.0,PRO_MEDIUM,
Frosinone,Como,2026-09-20,home_goals_under_15,59.7,PRO_MEDIUM,
Frosinone,Como,2026-09-20,dc_x2_and_under_15,56.8,PRO_MEDIUM,
Frosinone,Como,2026-09-20,dc_x2,56.7,PRO_MEDIUM,
Frosinone,Como,2026-09-20,btts,55.6,PRO_MEDIUM,
Frosinone,Como,2026-09-20,booking_pts_under_45,55.6,PRO_MEDIUM,
Frosinone,Como,2026-09-20,dc_12_and_under_25,55.0,PRO_MEDIUM,
Frosinone,Sassuolo,2026-10-16,home_goals_under_25,87.0,PRO_STRONG,
Frosinone,Sassuolo,2026-10-16,away_goals_under_25,85.8,PRO_STRONG,
Frosinone,Sassuolo,2026-10-16,away_win_and_cards_under35,83.8,PRO_STRONG,
Frosinone,Sassuolo,2026-10-16,home_win_and_corners_under95,79.5,PRO_STRONG,
Frosinone,Sassuolo,2026-10-16,home_win_and_under_25,77.5,PRO_STRONG,
Frosinone,Sassuolo,2026-10-16,both_teams_carded,77.4,PRO_STRONG,
Frosinone,Sassuolo,2026-10-16,away_win_and_under_25,76.6,PRO_STRONG,
Frosinone,Sassuolo,2026-10-16,home_goals_over_05,76.0,PRO_STRONG,
Frosinone,Sassuolo,2026-10-16,away_win_and_under_15,74.9,PRO_MEDIUM,
Frosinone,Sassuolo,2026-10-16,away_goals_over_05,74.4,PRO_MEDIUM,
Frosinone,Sassuolo,2026-10-16,dc_12,72.6,PRO_MEDIUM,
Frosinone,Sassuolo,2026-10-16,dc_x2_and_under_25,71.1,PRO_MEDIUM,
Frosinone,Sassuolo,2026-10-16,dc_1x_and_under_25,67.9,PRO_MEDIUM,
Frosinone,Sassuolo,2026-10-16,home_win_and_under_15,67.8,PRO_MEDIUM,
Frosinone,Sassuolo,2026-10-16,dc_1x,64.3,PRO_MEDIUM,
Frosinone,Sassuolo,2026-10-16,dc_x2,63.1,PRO_MEDIUM,
Frosinone,Sassuolo,2026-10-16,away_goals_under_15,62.8,PRO_MEDIUM,
Frosinone,Sassuolo,2026-10-16,booking_pts_over_35,61.9,PRO_MEDIUM,
Frosinone,Sassuolo,2026-10-16,btts,57.2,PRO_MEDIUM,1.5
Frosinone,Sassuolo,2026-10-16,cards_range_3_5,56.8,PRO_MEDIUM,
Frosinone,Sassuolo,2026-10-16,home_goals_under_15,56.1,PRO_MEDIUM,
Frosinone,Sassuolo,2026-10-16,dc_12_and_under_25,55.9,PRO_MEDIUM,
Frosinone,Sassuolo,2026-10-16,booking_pts_under_45,55.2,PRO_MEDIUM,
Fulham,Hull,2026-10-17,away_goals_under_25,93.6,PRO_STRONG,
Fulham,Hull,2026-10-17,away_win_and_under_25,90.8,PRO_STRONG,
Fulham,Hull,2026-10-17,away_win_and_cards_under35,90.6,PRO_STRONG,
Fulham,Hull,2026-10-17,away_win_and_under_15,88.5,PRO_STRONG,
Fulham,Hull,2026-10-17,home_goals_over_05,87.0,PRO_STRONG,
Fulham,Hull,2026-10-17,dc_x2_and_under_25,86.2,PRO_STRONG,
Fulham,Hull,2026-10-17,both_teams_carded,85.5,PRO_STRONG,
Fulham,Hull,2026-10-17,dc_1x,84.0,PRO_STRONG,1.18
Fulham,Hull,2026-10-17,dc_12,79.2,PRO_STRONG,1.25
Fulham,Hull,2026-10-17,away_goals_under_15,77.5,PRO_STRONG,
Fulham,Hull,2026-10-17,home_win_either_half,74.9,PRO_MEDIUM,
Fulham,Hull,2026-10-17,dc_x2_and_under_15,73.4,PRO_MEDIUM,
Fulham,Hull,2026-10-17,home_goals_under_25,71.9,PRO_MEDIUM,
Fulham,Hull,2026-10-17,home_win_and_corners_under95,69.3,PRO_MEDIUM,
Fulham,Hull,2026-10-17,dc_1x_and_over_15,66.9,PRO_MEDIUM,
Fulham,Hull,2026-10-17,home_win,63.2,PRO_MEDIUM,1.65
Fulham,Hull,2026-10-17,home_win_and_under_25,61.6,PRO_MEDIUM,
Fulham,Hull,2026-10-17,away_goals_over_05,61.4,PRO_MEDIUM,
Fulham,Hull,2026-10-17,home_goals_over_15,58.9,PRO_MEDIUM,
Fulham,Hull,2026-10-17,dc_1x_and_under_25,57.0,PRO_MEDIUM,
Fulham,Hull,2026-10-17,booking_pts_over_45,55.0,PRO_MEDIUM,
Fulham,Man United,2026-09-20,both_teams_carded,86.2,PRO_STRONG,
Fulham,Man United,2026-09-20,away_win_and_under_25,84.2,PRO_STRONG,
Fulham,Man United,2026-09-20,away_win_and_under_15,81.5,PRO_STRONG,
Fulham,Man United,2026-09-20,home_goals_over_05,79.7,PRO_STRONG,
Fulham,Man United,2026-09-20,home_win_and_under_25,75.6,PRO_STRONG,
Fulham,Man United,2026-09-20,dc_12,71.7,PRO_MEDIUM,
Fulham,Man United,2026-09-20,away_goals_over_05,70.7,PRO_MEDIUM,
Fulham,Man United,2026-09-20,away_goals_under_15,69.1,PRO_MEDIUM,
Fulham,Man United,2026-09-20,home_win_and_under_15,68.3,PRO_MEDIUM,
Fulham,Man United,2026-09-20,dc_1x_and_under_25,65.6,PRO_MEDIUM,
Fulham,Man United,2026-09-20,home_win_either_half,60.8,PRO_MEDIUM,
Fulham,Man United,2026-09-20,booking_pts_over_45,55.0,PRO_MEDIUM,
Galatasaray,Kasimpasa,2026-10-09,away_win_and_cards_under35,95.7,PRO_STRONG,
Galatasaray,Kasimpasa,2026-10-09,away_goals_under_25,94.9,PRO_STRONG,
Galatasaray,Kasimpasa,2026-10-09,home_goals_over_05,94.6,PRO_STRONG,
Galatasaray,Kasimpasa,2026-10-09,away_win_and_under_25,93.9,PRO_STRONG,
Galatasaray,Kasimpasa,2026-10-09,away_win_and_under_15,93.9,PRO_STRONG,
Galatasaray,Kasimpasa,2026-10-09,dc_1x,92.3,PRO_STRONG,1.05
Galatasaray,Kasimpasa,2026-10-09,dc_x2_and_under_25,88.9,PRO_STRONG,
Galatasaray,Kasimpasa,2026-10-09,home_win_either_half,88.3,PRO_STRONG,
Galatasaray,Kasimpasa,2026-10-09,dc_12,88.3,PRO_STRONG,1.14
Galatasaray,Kasimpasa,2026-10-09,both_teams_carded,85.0,PRO_STRONG,
Galatasaray,Kasimpasa,2026-10-09,away_goals_under_15,81.2,PRO_STRONG,
Galatasaray,Kasimpasa,2026-10-09,dc_x2_and_under_15,81.1,PRO_STRONG,
Galatasaray,Kasimpasa,2026-10-09,dc_1x_and_over_15,80.8,PRO_STRONG,
Galatasaray,Kasimpasa,2026-10-09,home_win,80.6,PRO_STRONG,1.25
Galatasaray,Kasimpasa,2026-10-09,home_goals_over_15,73.5,PRO_MEDIUM,
Galatasaray,Kasimpasa,2026-10-09,home_win_and_corners_under95,69.4,PRO_MEDIUM,
Galatasaray,Kasimpasa,2026-10-09,goals_over_25,66.9,PRO_MEDIUM,1.44
Galatasaray,Kasimpasa,2026-10-09,home_win_and_over_15,66.1,PRO_MEDIUM,
Galatasaray,Kasimpasa,2026-10-09,home_win_2h,65.7,PRO_MEDIUM,
Galatasaray,Kasimpasa,2026-10-09,home_goals_under_25,61.8,PRO_MEDIUM,
Galatasaray,Kasimpasa,2026-10-09,dc_12_and_over_25,59.2,PRO_MEDIUM,
Galatasaray,Kasimpasa,2026-10-09,dc_1x_and_over_25,57.7,PRO_MEDIUM,
Galatasaray,Kasimpasa,2026-10-09,home_win_1h,57.2,PRO_MEDIUM,
Galatasaray,Kasimpasa,2026-10-09,away_goals_over_05,57.2,PRO_MEDIUM,
Galatasaray,Kasimpasa,2026-10-09,btts,55.0,PRO_MEDIUM,1.83
Gaziantep,Corum,2026-10-11,home_goals_under_25,87.9,PRO_STRONG,
Gaziantep,Corum,2026-10-11,both_teams_carded,86.9,PRO_STRONG,
Gaziantep,Corum,2026-10-11,home_win_and_corners_under95,85.1,PRO_STRONG,
Gaziantep,Corum,2026-10-11,away_goals_under_25,84.8,PRO_STRONG,
Gaziantep,Corum,2026-10-11,home_win_and_under_25,77.8,PRO_STRONG,
Gaziantep,Corum,2026-10-11,away_win_and_cards_under35,77.8,PRO_STRONG,
Gaziantep,Corum,2026-10-11,away_win_and_under_25,77.6,PRO_STRONG,
Gaziantep,Corum,2026-10-11,dc_12,77.0,PRO_STRONG,1.33
Gaziantep,Corum,2026-10-11,home_goals_over_05,76.5,PRO_STRONG,
Gaziantep,Corum,2026-10-11,away_goals_over_05,74.8,PRO_MEDIUM,
Gaziantep,Corum,2026-10-11,home_win_and_under_15,73.8,PRO_MEDIUM,
Gaziantep,Corum,2026-10-11,away_win_and_under_15,73.3,PRO_MEDIUM,
Gaziantep,Corum,2026-10-11,dc_x2_and_under_25,72.3,PRO_MEDIUM,
Gaziantep,Corum,2026-10-11,dc_1x_and_under_25,69.5,PRO_MEDIUM,
Gaziantep,Corum,2026-10-11,away_goals_under_15,64.0,PRO_MEDIUM,
Gaziantep,Corum,2026-10-11,dc_x2,62.8,PRO_MEDIUM,1.5
Gaziantep,Corum,2026-10-11,dc_1x,60.2,PRO_MEDIUM,1.5
Gaziantep,Corum,2026-10-11,home_goals_under_15,58.1,PRO_MEDIUM,
Gaziantep,Corum,2026-10-11,btts,58.0,PRO_MEDIUM,1.67
Gaziantep,Corum,2026-10-11,booking_pts_over_45,55.6,PRO_MEDIUM,
Genclerbirligi,Amedspor,2026-10-10,home_goals_under_25,88.6,PRO_STRONG,
Genclerbirligi,Amedspor,2026-10-10,home_win_and_corners_under95,85.1,PRO_STRONG,
Genclerbirligi,Amedspor,2026-10-10,away_goals_under_25,81.9,PRO_STRONG,
Genclerbirligi,Amedspor,2026-10-10,home_win_and_cards_under35,80.5,PRO_MEDIUM,
Genclerbirligi,Amedspor,2026-10-10,home_win_and_under_25,79.5,PRO_STRONG,
Genclerbirligi,Amedspor,2026-10-10,home_win_and_under_15,77.6,PRO_STRONG,
Genclerbirligi,Amedspor,2026-10-10,away_win_and_cards_under35,76.3,PRO_STRONG,
Genclerbirligi,Amedspor,2026-10-10,away_goals_over_05,76.0,PRO_STRONG,
Genclerbirligi,Amedspor,2026-10-10,both_teams_carded,75.9,PRO_STRONG,
Genclerbirligi,Amedspor,2026-10-10,dc_12,75.5,PRO_STRONG,1.33
Genclerbirligi,Amedspor,2026-10-10,home_goals_over_05,73.6,PRO_MEDIUM,
Genclerbirligi,Amedspor,2026-10-10,away_win_and_under_25,72.3,PRO_MEDIUM,
Genclerbirligi,Amedspor,2026-10-10,dc_1x_and_under_25,71.2,PRO_MEDIUM,
Genclerbirligi,Amedspor,2026-10-10,away_win_and_under_15,70.5,PRO_MEDIUM,
Genclerbirligi,Amedspor,2026-10-10,dc_x2,66.7,PRO_MEDIUM,1.44
Genclerbirligi,Amedspor,2026-10-10,dc_x2_and_under_25,65.6,PRO_MEDIUM,
Genclerbirligi,Amedspor,2026-10-10,booking_pts_over_35,61.5,PRO_MEDIUM,
Genclerbirligi,Amedspor,2026-10-10,home_goals_under_15,60.7,PRO_MEDIUM,
Genclerbirligi,Amedspor,2026-10-10,away_goals_under_15,60.2,PRO_MEDIUM,
Genclerbirligi,Amedspor,2026-10-10,dc_1x,57.8,PRO_MEDIUM,1.53
Genclerbirligi,Amedspor,2026-10-10,away_win_either_half,56.9,PRO_MEDIUM,
Genclerbirligi,Galatasaray,2026-10-17,away_win_and_under_25,84.4,PRO_STRONG,
Genclerbirligi,Galatasaray,2026-10-17,away_win_and_under_15,80.3,PRO_STRONG,
Genclerbirligi,Galatasaray,2026-10-17,home_goals_over_05,80.1,PRO_STRONG,
Genclerbirligi,Galatasaray,2026-10-17,home_win_and_under_25,78.1,PRO_STRONG,
Genclerbirligi,Galatasaray,2026-10-17,both_teams_carded,75.0,PRO_MEDIUM,
Genclerbirligi,Galatasaray,2026-10-17,dc_12,71.3,PRO_MEDIUM,
Genclerbirligi,Galatasaray,2026-10-17,dc_1x_and_under_25,70.6,PRO_MEDIUM,
Genclerbirligi,Galatasaray,2026-10-17,away_goals_over_05,69.2,PRO_MEDIUM,
Genclerbirligi,Galatasaray,2026-10-17,away_goals_under_15,68.1,PRO_MEDIUM,
Genclerbirligi,Galatasaray,2026-10-17,home_win_and_under_15,67.1,PRO_MEDIUM,
Genclerbirligi,Galatasaray,2026-10-17,booking_pts_over_35,61.5,PRO_MEDIUM,
Genclerbirligi,Galatasaray,2026-10-17,home_goals_under_15,60.5,PRO_MEDIUM,
Genclerbirligi,Galatasaray,2026-10-17,home_win_either_half,60.4,PRO_MEDIUM,
Genclerbirligi,Galatasaray,2026-10-17,dc_x2_and_under_15,56.4,PRO_MEDIUM,
Genclerbirligi,Galatasaray,2026-10-17,btts,55.8,PRO_MEDIUM,
Genclerbirligi,Galatasaray,2026-10-17,dc_12_and_under_25,55.6,PRO_MEDIUM,
Genk,Kortrijk,2026-10-10,away_goals_under_25,94.1,PRO_STRONG,
Genk,Kortrijk,2026-10-10,away_win_and_cards_under35,93.4,PRO_STRONG,
Genk,Kortrijk,2026-10-10,away_win_and_under_25,93.1,PRO_STRONG,
Genk,Kortrijk,2026-10-10,away_win_and_under_15,92.0,PRO_STRONG,
Genk,Kortrijk,2026-10-10,home_goals_over_05,89.5,PRO_STRONG,
Genk,Kortrijk,2026-10-10,dc_x2_and_under_25,88.0,PRO_STRONG,
Genk,Kortrijk,2026-10-10,dc_1x,87.4,PRO_STRONG,1.11
Genk,Kortrijk,2026-10-10,home_win_either_half,80.2,PRO_STRONG,
Genk,Kortrijk,2026-10-10,dc_12,78.1,PRO_STRONG,1.2
Genk,Kortrijk,2026-10-10,away_goals_under_15,78.1,PRO_STRONG,
Genk,Kortrijk,2026-10-10,dc_1x_and_over_15,72.5,PRO_MEDIUM,
Genk,Kortrijk,2026-10-10,both_teams_carded,71.5,PRO_MEDIUM,
Genk,Kortrijk,2026-10-10,dc_x2_and_under_15,70.3,PRO_MEDIUM,
Genk,Kortrijk,2026-10-10,home_win_and_corners_under95,67.0,PRO_MEDIUM,
Genk,Kortrijk,2026-10-10,home_win,65.5,PRO_MEDIUM,1.44
Genk,Kortrijk,2026-10-10,home_goals_under_25,64.2,PRO_MEDIUM,
Genk,Kortrijk,2026-10-10,home_goals_over_15,61.4,PRO_MEDIUM,
Genk,Kortrijk,2026-10-10,away_goals_over_05,60.9,PRO_MEDIUM,
Genk,Kortrijk,2026-10-10,home_win_and_under_25,58.7,PRO_MEDIUM,
Genk,Kortrijk,2026-10-10,goals_over_25,58.1,PRO_MEDIUM,
Genk,Kortrijk,2026-10-10,dc_1x_and_under_25,55.5,PRO_MEDIUM,
Genk,Kortrijk,2026-10-10,home_win_2h,55.4,PRO_MEDIUM,
Genoa,Fiorentina,2026-10-10,home_goals_under_25,91.1,PRO_STRONG,
Genoa,Fiorentina,2026-10-10,home_win_and_corners_under95,85.1,PRO_STRONG,
Genoa,Fiorentina,2026-10-10,home_win_and_under_25,82.7,PRO_STRONG,
Genoa,Fiorentina,2026-10-10,home_win_and_under_15,81.7,PRO_STRONG,
Genoa,Fiorentina,2026-10-10,away_goals_under_25,81.1,PRO_STRONG,
Genoa,Fiorentina,2026-10-10,dc_1x_and_under_25,79.1,PRO_STRONG,
Genoa,Fiorentina,2026-10-10,dc_12,77.7,PRO_STRONG,1.33
Genoa,Fiorentina,2026-10-10,away_goals_over_05,74.6,PRO_MEDIUM,
Genoa,Fiorentina,2026-10-10,away_win_and_under_25,74.3,PRO_MEDIUM,
Genoa,Fiorentina,2026-10-10,dc_x2,72.8,PRO_MEDIUM,1.36
Genoa,Fiorentina,2026-10-10,dc_x2_and_under_25,71.2,PRO_MEDIUM,
Genoa,Fiorentina,2026-10-10,home_goals_under_15,70.4,PRO_MEDIUM,
Genoa,Fiorentina,2026-10-10,away_win_and_cards_under35,69.3,PRO_MEDIUM,
Genoa,Fiorentina,2026-10-10,home_goals_over_05,67.1,PRO_MEDIUM,
Genoa,Fiorentina,2026-10-10,dc_1x_and_under_15,65.5,PRO_MEDIUM,
Genoa,Fiorentina,2026-10-10,away_win_and_under_15,65.5,PRO_MEDIUM,
Genoa,Fiorentina,2026-10-10,away_goals_under_15,60.7,PRO_MEDIUM,
Genoa,Fiorentina,2026-10-10,away_win_either_half,58.0,PRO_MEDIUM,
Genoa,Fiorentina,2026-10-10,dc_12_and_under_25,55.4,PRO_MEDIUM,
Getafe,Malaga,2026-09-20,away_win_and_under_25,85.0,PRO_STRONG,
Getafe,Malaga,2026-09-20,away_win_and_under_15,80.5,PRO_STRONG,
Getafe,Malaga,2026-09-20,home_goals_over_05,78.0,PRO_STRONG,
Getafe,Malaga,2026-09-20,home_win_and_under_25,76.2,PRO_STRONG,
Getafe,Malaga,2026-09-20,dc_1x,75.2,PRO_STRONG,
Getafe,Malaga,2026-09-20,home_win_and_under_15,71.7,PRO_MEDIUM,
Getafe,Malaga,2026-09-20,away_goals_under_15,70.6,PRO_MEDIUM,
Getafe,Malaga,2026-09-20,dc_1x_and_under_25,68.3,PRO_MEDIUM,
Getafe,Malaga,2026-09-20,dc_12,66.5,PRO_MEDIUM,
Getafe,Malaga,2026-09-20,dc_12_and_under_25,60.3,PRO_MEDIUM,
Getafe,Malaga,2026-09-20,home_goals_under_15,59.6,PRO_MEDIUM,
Getafe,Malaga,2026-09-20,home_win_either_half,59.3,PRO_MEDIUM,
Getafe,Malaga,2026-09-20,dc_x2,58.3,PRO_MEDIUM,
Getafe,Malaga,2026-09-20,dc_x2_and_under_15,57.2,PRO_MEDIUM,
Getafe,Malaga,2026-09-20,goals_under_25,55.5,PRO_MEDIUM,
Getafe,Vallecano,2026-10-19,home_goals_under_25,91.7,PRO_STRONG,
Getafe,Vallecano,2026-10-19,away_goals_under_25,89.9,PRO_STRONG,
Getafe,Vallecano,2026-10-19,home_win_and_corners_under95,85.1,PRO_STRONG,
Getafe,Vallecano,2026-10-19,away_win_and_under_25,81.7,PRO_STRONG,
Getafe,Vallecano,2026-10-19,home_win_and_under_25,81.7,PRO_STRONG,
Getafe,Vallecano,2026-10-19,dc_x2_and_under_25,79.9,PRO_STRONG,
Getafe,Vallecano,2026-10-19,home_win_and_under_15,79.4,PRO_STRONG,
Getafe,Vallecano,2026-10-19,dc_1x_and_under_25,78.0,PRO_STRONG,
Getafe,Vallecano,2026-10-19,away_win_and_under_15,76.3,PRO_STRONG,
Getafe,Vallecano,2026-10-19,away_win_and_cards_under35,76.2,PRO_STRONG,
Getafe,Vallecano,2026-10-19,away_goals_under_15,72.0,PRO_MEDIUM,
Getafe,Vallecano,2026-10-19,home_goals_under_15,71.8,PRO_MEDIUM,
Getafe,Vallecano,2026-10-19,dc_x2,70.9,PRO_MEDIUM,1.44
Getafe,Vallecano,2026-10-19,away_goals_over_05,69.8,PRO_MEDIUM,
Getafe,Vallecano,2026-10-19,home_goals_over_05,69.1,PRO_MEDIUM,
Getafe,Vallecano,2026-10-19,dc_1x,66.0,PRO_MEDIUM,1.4
Getafe,Vallecano,2026-10-19,dc_12_and_under_25,64.0,PRO_MEDIUM,
Getafe,Vallecano,2026-10-19,dc_12,63.0,PRO_MEDIUM,1.36
Getafe,Vallecano,2026-10-19,goals_under_25,61.2,PRO_MEDIUM,1.5
Getafe,Vallecano,2026-10-19,dc_1x_and_under_15,55.5,PRO_MEDIUM,
Go Ahead Eagles,Sparta Rotterdam,2026-10-10,away_goals_under_25,91.3,PRO_STRONG,
Go Ahead Eagles,Sparta Rotterdam,2026-10-10,away_win_and_cards_under35,90.9,PRO_STRONG,
Go Ahead Eagles,Sparta Rotterdam,2026-10-10,home_goals_over_05,88.5,PRO_STRONG,
Go Ahead Eagles,Sparta Rotterdam,2026-10-10,away_win_and_under_25,88.2,PRO_STRONG,
Go Ahead Eagles,Sparta Rotterdam,2026-10-10,away_win_and_under_15,85.7,PRO_STRONG,
Go Ahead Eagles,Sparta Rotterdam,2026-10-10,dc_x2_and_under_25,83.7,PRO_STRONG,
Go Ahead Eagles,Sparta Rotterdam,2026-10-10,dc_1x,78.9,PRO_STRONG,1.22
Go Ahead Eagles,Sparta Rotterdam,2026-10-10,dc_12,78.5,PRO_STRONG,1.22
Go Ahead Eagles,Sparta Rotterdam,2026-10-10,home_goals_under_25,71.7,PRO_MEDIUM,
Go Ahead Eagles,Sparta Rotterdam,2026-10-10,both_teams_carded,71.5,PRO_MEDIUM,
Go Ahead Eagles,Sparta Rotterdam,2026-10-10,home_win_and_corners_under95,71.0,PRO_MEDIUM,
Go Ahead Eagles,Sparta Rotterdam,2026-10-10,away_goals_under_15,69.0,PRO_MEDIUM,
Go Ahead Eagles,Sparta Rotterdam,2026-10-10,home_win_either_half,67.7,PRO_MEDIUM,
Go Ahead Eagles,Sparta Rotterdam,2026-10-10,dc_1x_and_over_15,66.9,PRO_MEDIUM,
Go Ahead Eagles,Sparta Rotterdam,2026-10-10,dc_x2_and_under_15,66.7,PRO_MEDIUM,
Go Ahead Eagles,Sparta Rotterdam,2026-10-10,away_goals_over_05,66.3,PRO_MEDIUM,
Go Ahead Eagles,Sparta Rotterdam,2026-10-10,home_win_and_under_25,62.6,PRO_MEDIUM,
Go Ahead Eagles,Sparta Rotterdam,2026-10-10,dc_1x_and_under_25,57.7,PRO_MEDIUM,
Go Ahead Eagles,Sparta Rotterdam,2026-10-10,goals_over_25,57.6,PRO_MEDIUM,1.44
Go Ahead Eagles,Sparta Rotterdam,2026-10-10,home_win,57.3,PRO_MEDIUM,1.73
Go Ahead Eagles,Sparta Rotterdam,2026-10-10,home_goals_over_15,55.7,PRO_MEDIUM,
Go Ahead Eagles,Sparta Rotterdam,2026-10-10,btts,55.4,PRO_MEDIUM,1.44
Go Ahead Eagles,Telstar,2026-10-23,away_win_and_under_25,85.1,PRO_STRONG,
Go Ahead Eagles,Telstar,2026-10-23,away_win_and_under_15,81.7,PRO_STRONG,
Go Ahead Eagles,Telstar,2026-10-23,home_goals_over_05,80.4,PRO_STRONG,
Go Ahead Eagles,Telstar,2026-10-23,home_win_and_under_25,77.1,PRO_STRONG,
Go Ahead Eagles,Telstar,2026-10-23,both_teams_carded,71.5,PRO_MEDIUM,
Go Ahead Eagles,Telstar,2026-10-23,away_goals_under_15,71.3,PRO_MEDIUM,
Go Ahead Eagles,Telstar,2026-10-23,dc_12,70.8,PRO_MEDIUM,
Go Ahead Eagles,Telstar,2026-10-23,away_goals_over_05,70.1,PRO_MEDIUM,
Go Ahead Eagles,Telstar,2026-10-23,home_win_and_under_15,67.6,PRO_MEDIUM,
Go Ahead Eagles,Telstar,2026-10-23,dc_1x_and_under_25,67.1,PRO_MEDIUM,
Go Ahead Eagles,Telstar,2026-10-23,home_win_either_half,57.9,PRO_MEDIUM,
Go Ahead Eagles,Telstar,2026-10-23,dc_x2_and_under_15,56.6,PRO_MEDIUM,
Go Ahead Eagles,Telstar,2026-10-23,dc_x2,56.2,PRO_MEDIUM,
Go Ahead Eagles,Telstar,2026-10-23,dc_1x_and_over_15,55.5,PRO_MEDIUM,
Go Ahead Eagles,Telstar,2026-10-23,btts,55.5,PRO_MEDIUM,
Goztep,Rizespor,2026-09-20,both_teams_carded,86.9,PRO_STRONG,
Goztep,Rizespor,2026-09-20,away_win_and_under_25,86.3,PRO_STRONG,
Goztep,Rizespor,2026-09-20,away_win_and_under_15,82.6,PRO_STRONG,
Goztep,Rizespor,2026-09-20,home_goals_over_05,79.2,PRO_STRONG,
Goztep,Rizespor,2026-09-20,dc_1x,75.2,PRO_STRONG,
Goztep,Rizespor,2026-09-20,home_win_and_under_25,74.3,PRO_MEDIUM,
Goztep,Rizespor,2026-09-20,dc_12,69.4,PRO_MEDIUM,
Goztep,Rizespor,2026-09-20,away_goals_under_15,68.4,PRO_MEDIUM,
Goztep,Rizespor,2026-09-20,home_win_and_under_15,65.7,PRO_MEDIUM,
Goztep,Rizespor,2026-09-20,dc_1x_and_under_25,63.9,PRO_MEDIUM,
Goztep,Rizespor,2026-09-20,home_win_either_half,59.2,PRO_MEDIUM,
Goztep,Rizespor,2026-09-20,btts,58.3,PRO_MEDIUM,
Goztep,Rizespor,2026-09-20,dc_1x_and_over_15,56.5,PRO_MEDIUM,
Goztep,Rizespor,2026-09-20,dc_x2_and_under_15,56.2,PRO_MEDIUM,
Goztep,Rizespor,2026-09-20,booking_pts_over_45,55.6,PRO_MEDIUM,
Goztep,Rizespor,2026-09-20,dc_x2,55.4,PRO_MEDIUM,
Groningen,Ajax,2026-10-18,home_goals_under_25,89.9,PRO_STRONG,
Groningen,Ajax,2026-10-18,home_win_and_corners_under95,89.6,PRO_STRONG,
Groningen,Ajax,2026-10-18,home_win_and_cards_under35,87.6,PRO_MEDIUM,
Groningen,Ajax,2026-10-18,away_goals_over_05,87.5,PRO_STRONG,
Groningen,Ajax,2026-10-18,home_win_and_under_25,87.3,PRO_STRONG,
Groningen,Ajax,2026-10-18,home_win_and_under_15,85.3,PRO_STRONG,
Groningen,Ajax,2026-10-18,dc_x2,82.0,PRO_STRONG,1.22
Groningen,Ajax,2026-10-18,dc_1x_and_under_25,81.2,PRO_STRONG,
Groningen,Ajax,2026-10-18,away_win_and_cards_under35,74.5,PRO_MEDIUM,
Groningen,Ajax,2026-10-18,dc_12,74.2,PRO_MEDIUM,1.22
Groningen,Ajax,2026-10-18,both_teams_carded,73.6,PRO_MEDIUM,
Groningen,Ajax,2026-10-18,away_win_either_half,71.9,PRO_MEDIUM,
Groningen,Ajax,2026-10-18,home_goals_over_05,70.8,PRO_MEDIUM,
Groningen,Ajax,2026-10-18,home_goals_under_15,69.6,PRO_MEDIUM,
Groningen,Ajax,2026-10-18,away_goals_under_25,69.0,PRO_MEDIUM,
Groningen,Ajax,2026-10-18,dc_x2_and_over_15,67.6,PRO_MEDIUM,
Groningen,Ajax,2026-10-18,dc_1x_and_under_15,64.8,PRO_MEDIUM,
Groningen,Ajax,2026-10-18,goals_over_25,63.7,PRO_MEDIUM,1.4
Groningen,Ajax,2026-10-18,away_win_and_under_25,59.4,PRO_MEDIUM,
Groningen,Ajax,2026-10-18,away_goals_over_15,58.8,PRO_MEDIUM,
Groningen,Ajax,2026-10-18,btts,57.9,PRO_MEDIUM,1.44
Groningen,Ajax,2026-10-18,dc_12_and_over_25,57.7,PRO_MEDIUM,
Groningen,Ajax,2026-10-18,away_win,56.2,PRO_MEDIUM,1.7
Groningen,Ajax,2026-10-18,booking_pts_over_35,56.0,PRO_MEDIUM,
Guimaraes,Maritimo,2026-10-23,away_win_and_under_25,84.8,PRO_STRONG,
Guimaraes,Maritimo,2026-10-23,away_win_and_under_15,82.0,PRO_STRONG,
Guimaraes,Maritimo,2026-10-23,home_goals_over_05,78.1,PRO_STRONG,
Guimaraes,Maritimo,2026-10-23,home_win_and_under_25,75.7,PRO_STRONG,
Guimaraes,Maritimo,2026-10-23,away_goals_under_15,71.0,PRO_MEDIUM,
Guimaraes,Maritimo,2026-10-23,home_win_and_under_15,70.3,PRO_MEDIUM,
Guimaraes,Maritimo,2026-10-23,away_goals_over_05,70.3,PRO_MEDIUM,
Guimaraes,Maritimo,2026-10-23,dc_12,68.7,PRO_MEDIUM,
Guimaraes,Maritimo,2026-10-23,dc_1x_and_under_25,67.7,PRO_MEDIUM,
Guimaraes,Maritimo,2026-10-23,home_goals_under_15,60.8,PRO_MEDIUM,
Guimaraes,Maritimo,2026-10-23,dc_12_and_under_25,59.7,PRO_MEDIUM,
Guimaraes,Maritimo,2026-10-23,home_win_either_half,57.5,PRO_MEDIUM,
Guimaraes,Maritimo,2026-10-23,dc_x2,56.5,PRO_MEDIUM,
Guimaraes,Maritimo,2026-10-23,dc_x2_and_under_15,56.4,PRO_MEDIUM,
Guimaraes,Maritimo,2026-10-23,dc_1x_and_over_15,55.1,PRO_MEDIUM,
Guimaraes,Moreirense,2026-09-20,away_win_and_under_25,84.8,PRO_STRONG,
Guimaraes,Moreirense,2026-09-20,away_win_and_under_15,81.8,PRO_STRONG,
Guimaraes,Moreirense,2026-09-20,home_goals_over_05,77.8,PRO_STRONG,
Guimaraes,Moreirense,2026-09-20,dc_1x,76.7,PRO_STRONG,
Guimaraes,Moreirense,2026-09-20,home_win_and_under_25,75.1,PRO_STRONG,
Guimaraes,Moreirense,2026-09-20,away_goals_under_15,69.9,PRO_MEDIUM,
Guimaraes,Moreirense,2026-09-20,away_goals_over_05,69.3,PRO_MEDIUM,
Guimaraes,Moreirense,2026-09-20,home_win_and_under_15,67.9,PRO_MEDIUM,
Guimaraes,Moreirense,2026-09-20,dc_12,67.0,PRO_MEDIUM,
Guimaraes,Moreirense,2026-09-20,dc_1x_and_under_25,64.9,PRO_MEDIUM,
Guimaraes,Moreirense,2026-09-20,home_win_either_half,58.8,PRO_MEDIUM,
Guimaraes,Moreirense,2026-09-20,dc_12_and_under_25,57.8,PRO_MEDIUM,
Guimaraes,Moreirense,2026-09-20,dc_x2_and_under_15,56.8,PRO_MEDIUM,
Guimaraes,Moreirense,2026-09-20,home_goals_under_15,56.8,PRO_MEDIUM,
Guimaraes,Moreirense,2026-09-20,dc_x2,56.3,PRO_MEDIUM,
Hamburg,Stuttgart,2026-10-17,home_goals_under_25,90.8,PRO_STRONG,
Hamburg,Stuttgart,2026-10-17,home_win_and_corners_under95,88.9,PRO_STRONG,
Hamburg,Stuttgart,2026-10-17,home_win_and_cards_under35,86.4,PRO_MEDIUM,
Hamburg,Stuttgart,2026-10-17,home_win_and_under_25,85.7,PRO_STRONG,
Hamburg,Stuttgart,2026-10-17,away_goals_over_05,83.9,PRO_STRONG,
Hamburg,Stuttgart,2026-10-17,dc_1x_and_under_25,82.0,PRO_STRONG,
Hamburg,Stuttgart,2026-10-17,home_win_and_under_15,81.6,PRO_STRONG,
Hamburg,Stuttgart,2026-10-17,dc_12,81.3,PRO_STRONG,1.22
Hamburg,Stuttgart,2026-10-17,away_win_and_cards_under35,76.0,PRO_STRONG,
Hamburg,Stuttgart,2026-10-17,dc_x2,75.8,PRO_STRONG,1.3
Hamburg,Stuttgart,2026-10-17,away_goals_under_25,72.4,PRO_MEDIUM,
Hamburg,Stuttgart,2026-10-17,home_goals_over_05,70.7,PRO_MEDIUM,
Hamburg,Stuttgart,2026-10-17,home_goals_under_15,70.4,PRO_MEDIUM,
Hamburg,Stuttgart,2026-10-17,both_teams_carded,69.9,PRO_MEDIUM,
Hamburg,Stuttgart,2026-10-17,away_win_either_half,68.4,PRO_MEDIUM,
Hamburg,Stuttgart,2026-10-17,dc_x2_and_over_15,66.5,PRO_MEDIUM,
Hamburg,Stuttgart,2026-10-17,dc_1x_and_under_15,66.2,PRO_MEDIUM,
Hamburg,Stuttgart,2026-10-17,away_win_and_under_25,61.3,PRO_MEDIUM,
Hamburg,Stuttgart,2026-10-17,goals_over_25,58.7,PRO_MEDIUM,1.36
Hamburg,Stuttgart,2026-10-17,cards_range_3_5,57.5,PRO_MEDIUM,
Hamburg,Stuttgart,2026-10-17,away_win,57.1,PRO_MEDIUM,1.83
Hamburg,Stuttgart,2026-10-17,away_goals_over_15,56.6,PRO_MEDIUM,
Hamburg,Stuttgart,2026-10-17,btts,56.2,PRO_MEDIUM,1.4
Hamburg,Stuttgart,2026-10-17,dc_12_and_over_25,56.0,PRO_MEDIUM,
Hearts,St Mirren,2026-10-10,away_win_and_cards_under35,95.9,PRO_STRONG,
Hearts,St Mirren,2026-10-10,away_goals_under_25,94.1,PRO_STRONG,
Hearts,St Mirren,2026-10-10,away_win_and_under_25,92.4,PRO_STRONG,
Hearts,St Mirren,2026-10-10,home_goals_over_05,90.8,PRO_STRONG,
Hearts,St Mirren,2026-10-10,away_win_and_under_15,90.2,PRO_STRONG,
Hearts,St Mirren,2026-10-10,dc_x2_and_under_25,89.1,PRO_STRONG,
Hearts,St Mirren,2026-10-10,dc_1x,86.7,PRO_STRONG,1.11
Hearts,St Mirren,2026-10-10,dc_12,82.0,PRO_STRONG,1.18
Hearts,St Mirren,2026-10-10,home_win_either_half,80.6,PRO_STRONG,
Hearts,St Mirren,2026-10-10,away_goals_under_15,79.8,PRO_STRONG,
Hearts,St Mirren,2026-10-10,both_teams_carded,71.5,PRO_MEDIUM,
Hearts,St Mirren,2026-10-10,dc_1x_and_over_15,71.3,PRO_MEDIUM,
Hearts,St Mirren,2026-10-10,dc_x2_and_under_15,70.7,PRO_MEDIUM,
Hearts,St Mirren,2026-10-10,home_goals_under_25,69.2,PRO_MEDIUM,
Hearts,St Mirren,2026-10-10,home_win,68.7,PRO_MEDIUM,1.4
Hearts,St Mirren,2026-10-10,home_win_and_corners_under95,67.0,PRO_MEDIUM,
Hearts,St Mirren,2026-10-10,home_goals_over_15,62.3,PRO_MEDIUM,
Hearts,St Mirren,2026-10-10,away_goals_over_05,60.0,PRO_MEDIUM,
Hearts,St Mirren,2026-10-10,home_win_and_under_25,57.6,PRO_MEDIUM,
Hearts,St Mirren,2026-10-10,cards_range_3_5,56.1,PRO_MEDIUM,
Hearts,St Mirren,2026-10-10,home_win_and_over_15,55.9,PRO_MEDIUM,
Hearts,St Mirren,2026-10-10,goals_over_25,55.9,PRO_MEDIUM,1.5
Heerenveen,Excelsior,2026-10-16,away_goals_under_25,90.7,PRO_STRONG,
Heerenveen,Excelsior,2026-10-16,away_win_and_cards_under35,89.0,PRO_STRONG,
Heerenveen,Excelsior,2026-10-16,away_win_and_under_25,88.5,PRO_STRONG,
Heerenveen,Excelsior,2026-10-16,home_goals_over_05,87.6,PRO_STRONG,
Heerenveen,Excelsior,2026-10-16,away_win_and_under_15,86.0,PRO_STRONG,
Heerenveen,Excelsior,2026-10-16,dc_x2_and_under_25,84.2,PRO_STRONG,
Heerenveen,Excelsior,2026-10-16,dc_1x,80.8,PRO_STRONG,1.22
Heerenveen,Excelsior,2026-10-16,dc_12,75.7,PRO_STRONG,1.22
Heerenveen,Excelsior,2026-10-16,home_goals_under_25,71.8,PRO_MEDIUM,
Heerenveen,Excelsior,2026-10-16,both_teams_carded,71.5,PRO_MEDIUM,
Heerenveen,Excelsior,2026-10-16,home_win_and_corners_under95,71.0,PRO_MEDIUM,
Heerenveen,Excelsior,2026-10-16,away_goals_under_15,71.0,PRO_MEDIUM,
Heerenveen,Excelsior,2026-10-16,home_win_either_half,70.6,PRO_MEDIUM,
Heerenveen,Excelsior,2026-10-16,dc_1x_and_over_15,65.1,PRO_MEDIUM,
Heerenveen,Excelsior,2026-10-16,away_goals_over_05,64.6,PRO_MEDIUM,
Heerenveen,Excelsior,2026-10-16,home_win_and_under_25,61.5,PRO_MEDIUM,
Heerenveen,Excelsior,2026-10-16,dc_x2_and_under_15,60.8,PRO_MEDIUM,
Heerenveen,Excelsior,2026-10-16,btts,57.7,PRO_MEDIUM,1.44
Heerenveen,Excelsior,2026-10-16,goals_over_25,57.6,PRO_MEDIUM,1.44
Heerenveen,Excelsior,2026-10-16,home_win,56.6,PRO_MEDIUM,1.75
Heerenveen,Excelsior,2026-10-16,dc_1x_and_under_25,56.0,PRO_MEDIUM,
Hibernian,Falkirk,2026-10-17,away_goals_under_25,93.3,PRO_STRONG,
Hibernian,Falkirk,2026-10-17,away_win_and_under_25,90.6,PRO_STRONG,
Hibernian,Falkirk,2026-10-17,away_win_and_cards_under35,90.3,PRO_STRONG,
Hibernian,Falkirk,2026-10-17,away_win_and_under_15,87.3,PRO_STRONG,
Hibernian,Falkirk,2026-10-17,home_goals_over_05,85.4,PRO_STRONG,
Hibernian,Falkirk,2026-10-17,dc_x2_and_under_25,84.1,PRO_STRONG,
Hibernian,Falkirk,2026-10-17,both_teams_carded,81.4,PRO_STRONG,
Hibernian,Falkirk,2026-10-17,dc_1x,80.9,PRO_STRONG,1.2
Hibernian,Falkirk,2026-10-17,dc_12,78.5,PRO_STRONG,1.25
Hibernian,Falkirk,2026-10-17,away_goals_under_15,75.6,PRO_STRONG,
Hibernian,Falkirk,2026-10-17,home_goals_under_25,74.3,PRO_MEDIUM,
Hibernian,Falkirk,2026-10-17,home_win_and_corners_under95,72.6,PRO_MEDIUM,
Hibernian,Falkirk,2026-10-17,dc_x2_and_under_15,68.9,PRO_MEDIUM,
Hibernian,Falkirk,2026-10-17,home_win_either_half,67.5,PRO_MEDIUM,
Hibernian,Falkirk,2026-10-17,dc_1x_and_over_15,64.9,PRO_MEDIUM,
Hibernian,Falkirk,2026-10-17,home_win_and_under_25,64.2,PRO_MEDIUM,
Hibernian,Falkirk,2026-10-17,away_goals_over_05,61.4,PRO_MEDIUM,
Hibernian,Falkirk,2026-10-17,booking_pts_over_35,60.3,PRO_MEDIUM,
Hibernian,Falkirk,2026-10-17,dc_1x_and_under_25,59.3,PRO_MEDIUM,
Hibernian,Falkirk,2026-10-17,home_win,59.3,PRO_MEDIUM,1.7
Hibernian,Falkirk,2026-10-17,booking_pts_under_45,56.7,PRO_MEDIUM,
Hibernian,Falkirk,2026-10-17,home_goals_over_15,55.9,PRO_MEDIUM,
Hoffenheim,Hamburg,2026-10-10,away_goals_under_25,94.6,PRO_STRONG,
Hoffenheim,Hamburg,2026-10-10,away_win_and_cards_under35,93.4,PRO_STRONG,
Hoffenheim,Hamburg,2026-10-10,away_win_and_under_25,92.1,PRO_STRONG,
Hoffenheim,Hamburg,2026-10-10,away_win_and_under_15,91.4,PRO_STRONG,
Hoffenheim,Hamburg,2026-10-10,home_goals_over_05,89.7,PRO_STRONG,
Hoffenheim,Hamburg,2026-10-10,dc_1x,87.7,PRO_STRONG,1.12
Hoffenheim,Hamburg,2026-10-10,dc_x2_and_under_25,86.3,PRO_STRONG,
Hoffenheim,Hamburg,2026-10-10,dc_12,80.6,PRO_STRONG,1.18
Hoffenheim,Hamburg,2026-10-10,home_win_either_half,80.3,PRO_STRONG,
Hoffenheim,Hamburg,2026-10-10,away_goals_under_15,76.4,PRO_STRONG,
Hoffenheim,Hamburg,2026-10-10,dc_1x_and_over_15,72.6,PRO_MEDIUM,
Hoffenheim,Hamburg,2026-10-10,dc_x2_and_under_15,72.1,PRO_MEDIUM,
Hoffenheim,Hamburg,2026-10-10,both_teams_carded,71.9,PRO_MEDIUM,
Hoffenheim,Hamburg,2026-10-10,home_win_and_corners_under95,68.8,PRO_MEDIUM,
Hoffenheim,Hamburg,2026-10-10,home_win,68.3,PRO_MEDIUM,1.42
Hoffenheim,Hamburg,2026-10-10,home_goals_under_25,68.0,PRO_MEDIUM,
Hoffenheim,Hamburg,2026-10-10,away_goals_over_05,65.8,PRO_MEDIUM,
Hoffenheim,Hamburg,2026-10-10,goals_over_25,59.7,PRO_MEDIUM,1.44
Hoffenheim,Hamburg,2026-10-10,home_goals_over_15,58.5,PRO_MEDIUM,
Hoffenheim,Hamburg,2026-10-10,home_win_and_over_15,57.5,PRO_MEDIUM,
Hoffenheim,Hamburg,2026-10-10,home_win_and_under_25,55.6,PRO_MEDIUM,
Hoffenheim,Hamburg,2026-10-10,dc_12_and_over_25,55.5,PRO_MEDIUM,
Hull,Everton,2026-10-11,home_goals_under_25,90.9,PRO_STRONG,
Hull,Everton,2026-10-11,home_win_and_corners_under95,88.9,PRO_STRONG,
Hull,Everton,2026-10-11,home_win_and_under_25,88.0,PRO_STRONG,
Hull,Everton,2026-10-11,home_win_and_cards_under35,85.9,PRO_MEDIUM,
Hull,Everton,2026-10-11,both_teams_carded,85.8,PRO_STRONG,
Hull,Everton,2026-10-11,home_win_and_under_15,84.0,PRO_STRONG,
Hull,Everton,2026-10-11,dc_1x_and_under_25,83.3,PRO_STRONG,
Hull,Everton,2026-10-11,dc_12,79.7,PRO_STRONG,1.3
Hull,Everton,2026-10-11,away_goals_under_25,78.4,PRO_STRONG,
Hull,Everton,2026-10-11,away_goals_over_05,74.5,PRO_MEDIUM,
Hull,Everton,2026-10-11,dc_x2,74.0,PRO_MEDIUM,1.3
Hull,Everton,2026-10-11,home_goals_under_15,73.2,PRO_MEDIUM,
Hull,Everton,2026-10-11,home_goals_over_05,69.4,PRO_MEDIUM,
Hull,Everton,2026-10-11,away_win_and_under_25,68.8,PRO_MEDIUM,
Hull,Everton,2026-10-11,dc_1x_and_under_15,68.5,PRO_MEDIUM,
Hull,Everton,2026-10-11,dc_x2_and_under_25,68.3,PRO_MEDIUM,
Hull,Everton,2026-10-11,away_win_and_cards_under35,67.4,PRO_MEDIUM,
Hull,Everton,2026-10-11,away_win_either_half,62.1,PRO_MEDIUM,
Hull,Everton,2026-10-11,away_win_and_under_15,60.8,PRO_MEDIUM,
Hull,Everton,2026-10-11,dc_12_and_under_25,58.5,PRO_MEDIUM,
Hull,Everton,2026-10-11,away_goals_under_15,55.7,PRO_MEDIUM,
Hull,Everton,2026-10-11,booking_pts_over_45,55.4,PRO_MEDIUM,
Inter,Parma,2026-10-10,away_win_and_cards_under35,95.9,PRO_STRONG,
Inter,Parma,2026-10-10,away_goals_under_25,95.8,PRO_STRONG,
Inter,Parma,2026-10-10,away_win_and_under_25,95.1,PRO_STRONG,
Inter,Parma,2026-10-10,away_win_and_under_15,95.0,PRO_STRONG,
Inter,Parma,2026-10-10,home_goals_over_05,94.6,PRO_STRONG,
Inter,Parma,2026-10-10,dc_1x,92.6,PRO_STRONG,1.02
Inter,Parma,2026-10-10,dc_x2_and_under_25,91.9,PRO_STRONG,
Inter,Parma,2026-10-10,dc_12,91.1,PRO_STRONG,1.08
Inter,Parma,2026-10-10,home_win_either_half,87.8,PRO_STRONG,
Inter,Parma,2026-10-10,dc_x2_and_under_15,87.6,PRO_STRONG,
Inter,Parma,2026-10-10,home_win,83.7,PRO_STRONG,1.14
Inter,Parma,2026-10-10,dc_1x_and_over_15,82.6,PRO_STRONG,
Inter,Parma,2026-10-10,away_goals_under_15,81.4,PRO_STRONG,
Inter,Parma,2026-10-10,home_goals_over_15,78.9,PRO_STRONG,
Inter,Parma,2026-10-10,both_teams_carded,76.8,PRO_STRONG,
Inter,Parma,2026-10-10,home_win_and_over_15,74.0,PRO_MEDIUM,
Inter,Parma,2026-10-10,home_win_2h,68.8,PRO_MEDIUM,
Inter,Parma,2026-10-10,home_win_and_corners_under95,66.4,PRO_MEDIUM,
Inter,Parma,2026-10-10,goals_over_25,66.3,PRO_MEDIUM,1.33
Inter,Parma,2026-10-10,dc_1x_and_over_25,65.7,PRO_MEDIUM,
Inter,Parma,2026-10-10,home_win_1h,64.6,PRO_MEDIUM,
Inter,Parma,2026-10-10,dc_12_and_over_25,63.7,PRO_MEDIUM,
Inter,Parma,2026-10-10,home_win_and_over_25,61.0,PRO_MEDIUM,
Inter,Parma,2026-10-10,booking_pts_over_35,60.0,PRO_MEDIUM,
Inter,Parma,2026-10-10,home_score_both_halves,59.9,PRO_MEDIUM,
Inter,Parma,2026-10-10,cards_range_3_5,56.1,PRO_MEDIUM,
Inter,Parma,2026-10-10,home_goals_over_25,55.7,PRO_MEDIUM,
Ipswich,Fulham,2026-10-10,home_goals_under_25,89.7,PRO_STRONG,
Ipswich,Fulham,2026-10-10,home_win_and_corners_under95,85.1,PRO_STRONG,
Ipswich,Fulham,2026-10-10,home_win_and_under_25,83.6,PRO_STRONG,
Ipswich,Fulham,2026-10-10,away_goals_under_25,82.9,PRO_STRONG,
Ipswich,Fulham,2026-10-10,home_win_and_cards_under35,81.7,PRO_MEDIUM,
Ipswich,Fulham,2026-10-10,home_win_and_under_15,79.1,PRO_STRONG,
Ipswich,Fulham,2026-10-10,away_win_and_cards_under35,78.8,PRO_STRONG,
Ipswich,Fulham,2026-10-10,dc_12,75.4,PRO_STRONG,1.3
Ipswich,Fulham,2026-10-10,dc_1x_and_under_25,75.1,PRO_STRONG,
Ipswich,Fulham,2026-10-10,away_goals_over_05,73.5,PRO_MEDIUM,
Ipswich,Fulham,2026-10-10,away_win_and_under_25,73.5,PRO_MEDIUM,
Ipswich,Fulham,2026-10-10,dc_x2_and_under_25,72.4,PRO_MEDIUM,
Ipswich,Fulham,2026-10-10,away_win_and_under_15,72.1,PRO_MEDIUM,
Ipswich,Fulham,2026-10-10,dc_x2,71.2,PRO_MEDIUM,1.4
Ipswich,Fulham,2026-10-10,home_goals_over_05,70.7,PRO_MEDIUM,
Ipswich,Fulham,2026-10-10,both_teams_carded,70.4,PRO_MEDIUM,
Ipswich,Fulham,2026-10-10,home_goals_under_15,67.0,PRO_MEDIUM,
Ipswich,Fulham,2026-10-10,away_goals_under_15,63.0,PRO_MEDIUM,
Ipswich,Fulham,2026-10-10,dc_12_and_under_25,61.3,PRO_MEDIUM,
Ipswich,Fulham,2026-10-10,cards_range_3_5,59.7,PRO_MEDIUM,
Ipswich,Fulham,2026-10-10,away_win_either_half,58.7,PRO_MEDIUM,
Ipswich,Fulham,2026-10-10,dc_1x_and_under_15,56.9,PRO_MEDIUM,
Ipswich,Nottingham,2026-10-23,away_win_and_under_25,84.2,PRO_STRONG,
Ipswich,Nottingham,2026-10-23,away_win_and_under_15,83.4,PRO_STRONG,
Ipswich,Nottingham,2026-10-23,home_goals_over_05,79.9,PRO_STRONG,
Ipswich,Nottingham,2026-10-23,both_teams_carded,78.1,PRO_STRONG,
Ipswich,Nottingham,2026-10-23,home_win_and_under_25,77.3,PRO_STRONG,
Ipswich,Nottingham,2026-10-23,away_goals_under_15,70.7,PRO_MEDIUM,
Ipswich,Nottingham,2026-10-23,dc_12,69.5,PRO_MEDIUM,
Ipswich,Nottingham,2026-10-23,dc_1x_and_under_25,68.3,PRO_MEDIUM,
Ipswich,Nottingham,2026-10-23,home_win_and_under_15,68.1,PRO_MEDIUM,
Ipswich,Nottingham,2026-10-23,booking_pts_over_35,65.4,PRO_MEDIUM,
Ipswich,Nottingham,2026-10-23,home_win_either_half,61.6,PRO_MEDIUM,
Ipswich,Nottingham,2026-10-23,home_goals_under_15,57.4,PRO_MEDIUM,
Ipswich,Nottingham,2026-10-23,dc_12_and_under_25,57.2,PRO_MEDIUM,
Ipswich,Nottingham,2026-10-23,dc_x2_and_under_15,57.1,PRO_MEDIUM,
Ipswich,Nottingham,2026-10-23,dc_x2,55.7,PRO_MEDIUM,
Iraklis,Levadeiakos,2026-10-11,away_goals_under_25,91.2,PRO_STRONG,
Iraklis,Levadeiakos,2026-10-11,home_goals_under_25,90.9,PRO_STRONG,
Iraklis,Levadeiakos,2026-10-11,both_teams_carded,87.3,PRO_STRONG,
Iraklis,Levadeiakos,2026-10-11,away_win_and_under_25,86.1,PRO_STRONG,
Iraklis,Levadeiakos,2026-10-11,home_win_and_corners_under95,84.8,PRO_STRONG,
Iraklis,Levadeiakos,2026-10-11,dc_x2_and_under_25,84.1,PRO_STRONG,
Iraklis,Levadeiakos,2026-10-11,home_win_and_under_25,82.3,PRO_STRONG,
Iraklis,Levadeiakos,2026-10-11,away_win_and_under_15,81.3,PRO_STRONG,
Iraklis,Levadeiakos,2026-10-11,away_win_and_cards_under35,77.8,PRO_STRONG,
Iraklis,Levadeiakos,2026-10-11,away_goals_under_15,76.4,PRO_STRONG,
Iraklis,Levadeiakos,2026-10-11,dc_1x_and_under_25,76.2,PRO_STRONG,
Iraklis,Levadeiakos,2026-10-11,booking_pts_over_35,75.1,PRO_STRONG,
Iraklis,Levadeiakos,2026-10-11,home_win_and_under_15,74.0,PRO_MEDIUM,
Iraklis,Levadeiakos,2026-10-11,home_goals_over_05,70.9,PRO_MEDIUM,
Iraklis,Levadeiakos,2026-10-11,home_goals_under_15,68.6,PRO_MEDIUM,
Iraklis,Levadeiakos,2026-10-11,dc_12,67.3,PRO_MEDIUM,1.36
Iraklis,Levadeiakos,2026-10-11,dc_12_and_under_25,66.4,PRO_MEDIUM,
Iraklis,Levadeiakos,2026-10-11,away_goals_over_05,63.7,PRO_MEDIUM,
Iraklis,Levadeiakos,2026-10-11,goals_under_25,63.3,PRO_MEDIUM,1.57
Iraklis,Levadeiakos,2026-10-11,dc_x2,62.2,PRO_MEDIUM,1.67
Iraklis,Levadeiakos,2026-10-11,dc_x2_and_under_15,62.2,PRO_MEDIUM,
Juventus,Atalanta,2026-09-20,away_win_and_under_25,84.1,PRO_STRONG,
Juventus,Atalanta,2026-09-20,home_goals_over_05,83.2,PRO_STRONG,
Juventus,Atalanta,2026-09-20,away_win_and_under_15,79.8,PRO_STRONG,
Juventus,Atalanta,2026-09-20,both_teams_carded,77.4,PRO_STRONG,
Juventus,Atalanta,2026-09-20,home_win_and_under_25,76.4,PRO_STRONG,
Juventus,Atalanta,2026-09-20,away_goals_over_05,71.8,PRO_MEDIUM,
Juventus,Atalanta,2026-09-20,dc_12,69.7,PRO_MEDIUM,
Juventus,Atalanta,2026-09-20,away_goals_under_15,68.5,PRO_MEDIUM,
Juventus,Atalanta,2026-09-20,dc_1x_and_under_25,67.5,PRO_MEDIUM,
Juventus,Atalanta,2026-09-20,home_win_and_under_15,66.9,PRO_MEDIUM,
Juventus,Atalanta,2026-09-20,home_win_either_half,62.3,PRO_MEDIUM,
Juventus,Atalanta,2026-09-20,booking_pts_over_35,61.9,PRO_MEDIUM,
Juventus,Atalanta,2026-09-20,dc_12_and_under_25,59.4,PRO_MEDIUM,
Juventus,Atalanta,2026-09-20,dc_1x_and_over_15,57.7,PRO_MEDIUM,
Juventus,Atalanta,2026-09-20,cards_range_3_5,56.5,PRO_MEDIUM,
Juventus,Atalanta,2026-09-20,btts,56.5,PRO_MEDIUM,
Juventus,Atalanta,2026-09-20,dc_x2,55.7,PRO_MEDIUM,
Juventus,Atalanta,2026-09-20,home_goals_under_15,55.2,PRO_MEDIUM,
Juventus,Atalanta,2026-09-20,booking_pts_under_45,55.2,PRO_MEDIUM,
Juventus,Atalanta,2026-09-20,dc_x2_and_under_15,55.0,PRO_MEDIUM,
Juventus,Lazio,2026-10-18,away_goals_under_25,94.3,PRO_STRONG,
Juventus,Lazio,2026-10-18,away_win_and_cards_under35,91.8,PRO_STRONG,
Juventus,Lazio,2026-10-18,away_win_and_under_25,91.5,PRO_STRONG,
Juventus,Lazio,2026-10-18,away_win_and_under_15,89.7,PRO_STRONG,
Juventus,Lazio,2026-10-18,home_goals_over_05,87.0,PRO_STRONG,
Juventus,Lazio,2026-10-18,dc_x2_and_under_25,85.9,PRO_STRONG,
Juventus,Lazio,2026-10-18,dc_1x,84.2,PRO_STRONG,
Juventus,Lazio,2026-10-18,away_goals_under_15,78.9,PRO_STRONG,
Juventus,Lazio,2026-10-18,home_win_either_half,78.8,PRO_STRONG,
Juventus,Lazio,2026-10-18,dc_12,78.0,PRO_STRONG,
Juventus,Lazio,2026-10-18,both_teams_carded,77.4,PRO_STRONG,
Juventus,Lazio,2026-10-18,home_goals_under_25,76.0,PRO_STRONG,
Juventus,Lazio,2026-10-18,dc_x2_and_under_15,74.3,PRO_MEDIUM,
Juventus,Lazio,2026-10-18,home_win_and_corners_under95,66.9,PRO_MEDIUM,
Juventus,Lazio,2026-10-18,home_win_and_under_25,66.9,PRO_MEDIUM,
Juventus,Lazio,2026-10-18,dc_1x_and_over_15,66.4,PRO_MEDIUM,
Juventus,Lazio,2026-10-18,away_goals_over_05,62.5,PRO_MEDIUM,
Juventus,Lazio,2026-10-18,home_win,62.2,PRO_MEDIUM,1.62
Juventus,Lazio,2026-10-18,booking_pts_over_35,60.0,PRO_MEDIUM,
Juventus,Lazio,2026-10-18,dc_1x_and_under_25,59.3,PRO_MEDIUM,
Juventus,Lazio,2026-10-18,home_goals_over_15,59.1,PRO_MEDIUM,
Juventus,Lazio,2026-10-18,cards_range_3_5,56.5,PRO_MEDIUM,
Juventus,Lazio,2026-10-18,dc_12_and_under_25,55.9,PRO_MEDIUM,
Juventus,Lazio,2026-10-18,booking_pts_under_45,55.2,PRO_MEDIUM,
Kalamata,Ofi Crete,2026-10-18,home_goals_under_25,90.5,PRO_STRONG,
Kalamata,Ofi Crete,2026-10-18,away_goals_under_25,90.0,PRO_STRONG,
Kalamata,Ofi Crete,2026-10-18,both_teams_carded,87.3,PRO_STRONG,
Kalamata,Ofi Crete,2026-10-18,home_win_and_corners_under95,85.1,PRO_STRONG,
Kalamata,Ofi Crete,2026-10-18,away_win_and_under_25,85.0,PRO_STRONG,
Kalamata,Ofi Crete,2026-10-18,dc_x2_and_under_25,82.0,PRO_STRONG,
Kalamata,Ofi Crete,2026-10-18,away_win_and_under_15,80.0,PRO_STRONG,
Kalamata,Ofi Crete,2026-10-18,home_win_and_under_25,80.0,PRO_STRONG,
Kalamata,Ofi Crete,2026-10-18,away_win_and_cards_under35,77.8,PRO_STRONG,
Kalamata,Ofi Crete,2026-10-18,booking_pts_over_35,75.1,PRO_STRONG,
Kalamata,Ofi Crete,2026-10-18,home_win_and_under_15,74.3,PRO_MEDIUM,
Kalamata,Ofi Crete,2026-10-18,away_goals_under_15,73.9,PRO_MEDIUM,
Kalamata,Ofi Crete,2026-10-18,dc_1x_and_under_25,73.9,PRO_MEDIUM,
Kalamata,Ofi Crete,2026-10-18,home_goals_over_05,68.2,PRO_MEDIUM,
Kalamata,Ofi Crete,2026-10-18,dc_1x,68.2,PRO_MEDIUM,1.36
Kalamata,Ofi Crete,2026-10-18,dc_x2,67.4,PRO_MEDIUM,1.57
Kalamata,Ofi Crete,2026-10-18,home_goals_under_15,66.3,PRO_MEDIUM,
Kalamata,Ofi Crete,2026-10-18,away_goals_over_05,64.5,PRO_MEDIUM,
Kalamata,Ofi Crete,2026-10-18,dc_12_and_under_25,64.5,PRO_MEDIUM,
Kalamata,Ofi Crete,2026-10-18,dc_12,64.4,PRO_MEDIUM,1.36
Kalamata,Ofi Crete,2026-10-18,goals_under_25,58.0,PRO_MEDIUM,1.65
Kalamata,Ofi Crete,2026-10-18,dc_x2_and_under_15,57.8,PRO_MEDIUM,
Kalamata,Ofi Crete,2026-10-18,dc_1x_and_under_15,55.0,PRO_MEDIUM,
Kalamata,Panathinaikos,2026-09-20,away_win_and_under_25,82.0,PRO_STRONG,
Kalamata,Panathinaikos,2026-09-20,both_teams_carded,78.1,PRO_STRONG,
Kalamata,Panathinaikos,2026-09-20,away_win_and_under_15,76.2,PRO_STRONG,
Kalamata,Panathinaikos,2026-09-20,home_goals_over_05,75.5,PRO_STRONG,
Kalamata,Panathinaikos,2026-09-20,home_win_and_under_25,75.3,PRO_STRONG,
Kalamata,Panathinaikos,2026-09-20,dc_12,72.5,PRO_MEDIUM,
Kalamata,Panathinaikos,2026-09-20,away_goals_under_15,70.5,PRO_MEDIUM,
Kalamata,Panathinaikos,2026-09-20,dc_1x_and_under_25,66.6,PRO_MEDIUM,
Kalamata,Panathinaikos,2026-09-20,home_win_and_under_15,65.3,PRO_MEDIUM,
Kalamata,Panathinaikos,2026-09-20,booking_pts_over_35,63.5,PRO_MEDIUM,
Kalamata,Panathinaikos,2026-09-20,home_win_either_half,58.4,PRO_MEDIUM,
Kalamata,Panathinaikos,2026-09-20,dc_x2,57.2,PRO_MEDIUM,
Kalamata,Panathinaikos,2026-09-20,dc_12_and_under_25,57.0,PRO_MEDIUM,
Kalamata,Panathinaikos,2026-09-20,dc_x2_and_under_15,55.6,PRO_MEDIUM,
Kasimpasa,Samsunspor,2026-10-18,away_win_and_under_25,85.6,PRO_STRONG,
Kasimpasa,Samsunspor,2026-10-18,away_win_and_under_15,79.6,PRO_STRONG,
Kasimpasa,Samsunspor,2026-10-18,home_goals_over_05,78.8,PRO_STRONG,
Kasimpasa,Samsunspor,2026-10-18,both_teams_carded,78.0,PRO_STRONG,
Kasimpasa,Samsunspor,2026-10-18,home_win_and_under_25,74.2,PRO_MEDIUM,
Kasimpasa,Samsunspor,2026-10-18,away_goals_over_05,71.7,PRO_MEDIUM,
Kasimpasa,Samsunspor,2026-10-18,dc_12,71.1,PRO_MEDIUM,
Kasimpasa,Samsunspor,2026-10-18,away_goals_under_15,70.1,PRO_MEDIUM,
Kasimpasa,Samsunspor,2026-10-18,home_win_and_under_15,66.4,PRO_MEDIUM,
Kasimpasa,Samsunspor,2026-10-18,dc_1x_and_under_25,64.8,PRO_MEDIUM,
Kasimpasa,Samsunspor,2026-10-18,booking_pts_over_35,62.1,PRO_MEDIUM,
Kasimpasa,Samsunspor,2026-10-18,home_win_either_half,57.7,PRO_MEDIUM,
Kasimpasa,Samsunspor,2026-10-18,btts,57.5,PRO_MEDIUM,
Kasimpasa,Samsunspor,2026-10-18,dc_1x_and_over_15,57.0,PRO_MEDIUM,
Kasimpasa,Samsunspor,2026-10-18,dc_x2_and_under_15,56.6,PRO_MEDIUM,
Kasimpasa,Samsunspor,2026-10-18,dc_x2,56.2,PRO_MEDIUM,
Kifisia,Aris,2026-10-18,home_goals_under_25,92.9,PRO_STRONG,
Kifisia,Aris,2026-10-18,away_goals_under_25,87.5,PRO_STRONG,
Kifisia,Aris,2026-10-18,home_win_and_corners_under95,86.6,PRO_STRONG,
Kifisia,Aris,2026-10-18,home_win_and_under_25,85.3,PRO_STRONG,
Kifisia,Aris,2026-10-18,home_win_and_cards_under35,82.0,PRO_MEDIUM,
Kifisia,Aris,2026-10-18,home_win_and_under_15,79.6,PRO_STRONG,
Kifisia,Aris,2026-10-18,away_win_and_under_25,78.8,PRO_STRONG,
Kifisia,Aris,2026-10-18,dc_1x_and_under_25,77.2,PRO_STRONG,
Kifisia,Aris,2026-10-18,both_teams_carded,75.9,PRO_STRONG,
Kifisia,Aris,2026-10-18,dc_x2_and_under_25,75.1,PRO_STRONG,
Kifisia,Aris,2026-10-18,away_win_and_under_15,73.4,PRO_MEDIUM,
Kifisia,Aris,2026-10-18,away_goals_over_05,70.9,PRO_MEDIUM,
Kifisia,Aris,2026-10-18,dc_12,70.8,PRO_MEDIUM,1.36
Kifisia,Aris,2026-10-18,away_win_and_cards_under35,70.3,PRO_MEDIUM,
Kifisia,Aris,2026-10-18,home_goals_under_15,69.6,PRO_MEDIUM,
Kifisia,Aris,2026-10-18,away_goals_under_15,66.3,PRO_MEDIUM,
Kifisia,Aris,2026-10-18,dc_x2,66.0,PRO_MEDIUM,1.4
Kifisia,Aris,2026-10-18,home_goals_over_05,65.0,PRO_MEDIUM,
Kifisia,Aris,2026-10-18,dc_1x,63.2,PRO_MEDIUM,1.53
Kifisia,Aris,2026-10-18,dc_1x_and_under_15,63.1,PRO_MEDIUM,
Kifisia,Aris,2026-10-18,booking_pts_over_35,63.0,PRO_MEDIUM,
Kifisia,Aris,2026-10-18,dc_12_and_under_25,62.8,PRO_MEDIUM,
Kifisia,Aris,2026-10-18,goals_under_25,58.8,PRO_MEDIUM,1.62
Kifisia,Panetolikos,2026-10-11,away_goals_under_25,89.4,PRO_STRONG,
Kifisia,Panetolikos,2026-10-11,home_goals_under_25,89.1,PRO_STRONG,
Kifisia,Panetolikos,2026-10-11,both_teams_carded,87.3,PRO_STRONG,
Kifisia,Panetolikos,2026-10-11,away_win_and_under_25,85.0,PRO_STRONG,
Kifisia,Panetolikos,2026-10-11,home_win_and_corners_under95,82.2,PRO_STRONG,
Kifisia,Panetolikos,2026-10-11,away_win_and_cards_under35,81.8,PRO_STRONG,
Kifisia,Panetolikos,2026-10-11,dc_x2_and_under_25,81.1,PRO_STRONG,
Kifisia,Panetolikos,2026-10-11,away_win_and_under_15,80.8,PRO_STRONG,
Kifisia,Panetolikos,2026-10-11,home_win_and_under_25,76.7,PRO_STRONG,
Kifisia,Panetolikos,2026-10-11,home_goals_over_05,76.3,PRO_STRONG,
Kifisia,Panetolikos,2026-10-11,dc_1x,75.4,PRO_STRONG,1.22
Kifisia,Panetolikos,2026-10-11,booking_pts_over_35,75.1,PRO_STRONG,
Kifisia,Panetolikos,2026-10-11,away_goals_under_15,72.5,PRO_MEDIUM,
Kifisia,Panetolikos,2026-10-11,dc_12,70.6,PRO_MEDIUM,1.3
Kifisia,Panetolikos,2026-10-11,dc_1x_and_under_25,68.2,PRO_MEDIUM,
Kifisia,Panetolikos,2026-10-11,home_win_and_under_15,62.7,PRO_MEDIUM,
Kifisia,Panetolikos,2026-10-11,dc_x2_and_under_15,61.9,PRO_MEDIUM,
Kifisia,Panetolikos,2026-10-11,dc_12_and_under_25,61.8,PRO_MEDIUM,
Kifisia,Panetolikos,2026-10-11,away_goals_over_05,59.9,PRO_MEDIUM,
Kifisia,Panetolikos,2026-10-11,goals_under_25,59.2,PRO_MEDIUM,1.67
Kifisia,Panetolikos,2026-10-11,home_goals_under_15,58.2,PRO_MEDIUM,
Kilmarnock,Motherwell,2026-10-17,home_goals_under_25,89.7,PRO_STRONG,
Kilmarnock,Motherwell,2026-10-17,home_win_and_corners_under95,87.6,PRO_STRONG,
Kilmarnock,Motherwell,2026-10-17,home_win_and_under_25,86.3,PRO_STRONG,
Kilmarnock,Motherwell,2026-10-17,home_win_and_cards_under35,82.6,PRO_MEDIUM,
Kilmarnock,Motherwell,2026-10-17,away_goals_over_05,82.1,PRO_STRONG,
Kilmarnock,Motherwell,2026-10-17,home_win_and_under_15,82.0,PRO_STRONG,
Kilmarnock,Motherwell,2026-10-17,both_teams_carded,79.3,PRO_STRONG,
Kilmarnock,Motherwell,2026-10-17,dc_12,79.2,PRO_STRONG,1.28
Kilmarnock,Motherwell,2026-10-17,away_goals_under_25,78.2,PRO_STRONG,
Kilmarnock,Motherwell,2026-10-17,dc_1x_and_under_25,75.6,PRO_STRONG,
Kilmarnock,Motherwell,2026-10-17,dc_x2,72.6,PRO_MEDIUM,1.36
Kilmarnock,Motherwell,2026-10-17,home_goals_over_05,72.0,PRO_MEDIUM,
Kilmarnock,Motherwell,2026-10-17,away_win_and_under_25,69.6,PRO_MEDIUM,
Kilmarnock,Motherwell,2026-10-17,home_goals_under_15,67.8,PRO_MEDIUM,
Kilmarnock,Motherwell,2026-10-17,away_win_and_cards_under35,67.4,PRO_MEDIUM,
Kilmarnock,Motherwell,2026-10-17,dc_x2_and_under_25,62.7,PRO_MEDIUM,
Kilmarnock,Motherwell,2026-10-17,away_win_either_half,62.6,PRO_MEDIUM,
Kilmarnock,Motherwell,2026-10-17,away_win_and_under_15,61.0,PRO_MEDIUM,
Kilmarnock,Motherwell,2026-10-17,booking_pts_over_35,60.9,PRO_MEDIUM,
Kilmarnock,Motherwell,2026-10-17,dc_1x_and_under_15,60.2,PRO_MEDIUM,
Kilmarnock,Motherwell,2026-10-17,dc_x2_and_over_15,57.2,PRO_MEDIUM,
Kilmarnock,Motherwell,2026-10-17,booking_pts_under_45,56.3,PRO_MEDIUM,
Kocaelispor,Goztep,2026-10-18,away_win_and_under_25,85.1,PRO_STRONG,
Kocaelispor,Goztep,2026-10-18,away_win_and_under_15,81.8,PRO_STRONG,
Kocaelispor,Goztep,2026-10-18,home_goals_over_05,80.9,PRO_STRONG,
Kocaelispor,Goztep,2026-10-18,both_teams_carded,78.4,PRO_STRONG,
Kocaelispor,Goztep,2026-10-18,home_win_and_under_25,76.3,PRO_STRONG,
Kocaelispor,Goztep,2026-10-18,dc_1x,76.2,PRO_STRONG,
Kocaelispor,Goztep,2026-10-18,away_goals_under_15,73.8,PRO_MEDIUM,
Kocaelispor,Goztep,2026-10-18,home_win_and_under_15,70.4,PRO_MEDIUM,
Kocaelispor,Goztep,2026-10-18,dc_12,69.6,PRO_MEDIUM,
Kocaelispor,Goztep,2026-10-18,dc_1x_and_under_25,65.9,PRO_MEDIUM,
Kocaelispor,Goztep,2026-10-18,booking_pts_over_35,65.7,PRO_MEDIUM,
Kocaelispor,Goztep,2026-10-18,away_goals_over_05,64.8,PRO_MEDIUM,
Kocaelispor,Goztep,2026-10-18,dc_12_and_under_25,59.8,PRO_MEDIUM,
Kocaelispor,Goztep,2026-10-18,home_win_either_half,59.2,PRO_MEDIUM,
Kocaelispor,Goztep,2026-10-18,home_goals_under_15,58.4,PRO_MEDIUM,
Kocaelispor,Goztep,2026-10-18,dc_x2_and_under_15,58.1,PRO_MEDIUM,
Konyaspor,Basaksehir,2026-10-11,home_goals_under_25,88.1,PRO_STRONG,
Konyaspor,Basaksehir,2026-10-11,both_teams_carded,86.8,PRO_STRONG,
Konyaspor,Basaksehir,2026-10-11,home_win_and_corners_under95,85.1,PRO_STRONG,
Konyaspor,Basaksehir,2026-10-11,away_goals_under_25,81.8,PRO_STRONG,
Konyaspor,Basaksehir,2026-10-11,home_win_and_under_25,80.2,PRO_STRONG,
Konyaspor,Basaksehir,2026-10-11,home_win_and_under_15,77.4,PRO_STRONG,
Konyaspor,Basaksehir,2026-10-11,away_win_and_cards_under35,76.5,PRO_STRONG,
Konyaspor,Basaksehir,2026-10-11,away_goals_over_05,75.3,PRO_STRONG,
Konyaspor,Basaksehir,2026-10-11,dc_12,75.3,PRO_STRONG,1.3
Konyaspor,Basaksehir,2026-10-11,away_win_and_under_25,74.3,PRO_MEDIUM,
Konyaspor,Basaksehir,2026-10-11,booking_pts_over_35,73.5,PRO_MEDIUM,
Konyaspor,Basaksehir,2026-10-11,home_goals_over_05,73.4,PRO_MEDIUM,
Konyaspor,Basaksehir,2026-10-11,dc_1x_and_under_25,72.7,PRO_MEDIUM,
Konyaspor,Basaksehir,2026-10-11,away_win_and_under_15,72.2,PRO_MEDIUM,
Konyaspor,Basaksehir,2026-10-11,dc_x2_and_under_25,71.6,PRO_MEDIUM,
Konyaspor,Basaksehir,2026-10-11,dc_x2,66.8,PRO_MEDIUM,1.5
Konyaspor,Basaksehir,2026-10-11,away_goals_under_15,65.9,PRO_MEDIUM,
Konyaspor,Basaksehir,2026-10-11,home_goals_under_15,65.7,PRO_MEDIUM,
Konyaspor,Basaksehir,2026-10-11,away_win_either_half,60.2,PRO_MEDIUM,
Konyaspor,Basaksehir,2026-10-11,dc_12_and_under_25,58.2,PRO_MEDIUM,
Konyaspor,Basaksehir,2026-10-11,dc_1x,57.9,PRO_MEDIUM,1.5
Konyaspor,Basaksehir,2026-10-11,booking_pts_over_45,56.0,PRO_MEDIUM,
Kortrijk,Mechelen,2026-10-23,away_win_and_under_25,84.4,PRO_STRONG,
Kortrijk,Mechelen,2026-10-23,away_win_and_under_15,79.9,PRO_STRONG,
Kortrijk,Mechelen,2026-10-23,home_goals_over_05,77.1,PRO_STRONG,
Kortrijk,Mechelen,2026-10-23,home_win_and_under_25,75.3,PRO_STRONG,
Kortrijk,Mechelen,2026-10-23,both_teams_carded,72.3,PRO_MEDIUM,
Kortrijk,Mechelen,2026-10-23,away_goals_over_05,72.0,PRO_MEDIUM,
Kortrijk,Mechelen,2026-10-23,dc_12,71.3,PRO_MEDIUM,
Kortrijk,Mechelen,2026-10-23,away_goals_under_15,67.8,PRO_MEDIUM,
Kortrijk,Mechelen,2026-10-23,dc_1x_and_under_25,67.7,PRO_MEDIUM,
Kortrijk,Mechelen,2026-10-23,home_win_and_under_15,67.3,PRO_MEDIUM,
Kortrijk,Mechelen,2026-10-23,home_win_either_half,59.1,PRO_MEDIUM,
Kortrijk,Mechelen,2026-10-23,home_goals_under_15,58.7,PRO_MEDIUM,
Kortrijk,Mechelen,2026-10-23,dc_x2,57.1,PRO_MEDIUM,
Kortrijk,Waasland-Beveren,2026-09-20,away_win_and_under_25,85.0,PRO_STRONG,
Kortrijk,Waasland-Beveren,2026-09-20,both_teams_carded,81.4,PRO_STRONG,
Kortrijk,Waasland-Beveren,2026-09-20,away_win_and_under_15,80.3,PRO_STRONG,
Kortrijk,Waasland-Beveren,2026-09-20,home_goals_over_05,77.2,PRO_STRONG,
Kortrijk,Waasland-Beveren,2026-09-20,dc_1x,75.4,PRO_STRONG,
Kortrijk,Waasland-Beveren,2026-09-20,home_win_and_under_25,73.4,PRO_MEDIUM,
Kortrijk,Waasland-Beveren,2026-09-20,dc_12,67.6,PRO_MEDIUM,
Kortrijk,Waasland-Beveren,2026-09-20,away_goals_under_15,66.3,PRO_MEDIUM,
Kortrijk,Waasland-Beveren,2026-09-20,home_win_and_under_15,66.1,PRO_MEDIUM,
Kortrijk,Waasland-Beveren,2026-09-20,dc_1x_and_under_25,65.2,PRO_MEDIUM,
Kortrijk,Waasland-Beveren,2026-09-20,booking_pts_over_35,60.7,PRO_MEDIUM,
Kortrijk,Waasland-Beveren,2026-09-20,home_win_either_half,60.4,PRO_MEDIUM,
Kortrijk,Waasland-Beveren,2026-09-20,dc_x2,57.0,PRO_MEDIUM,
Kortrijk,Waasland-Beveren,2026-09-20,booking_pts_under_45,56.7,PRO_MEDIUM,
Kortrijk,Waasland-Beveren,2026-09-20,home_goals_under_15,56.2,PRO_MEDIUM,
Kortrijk,Waasland-Beveren,2026-09-20,dc_12_and_under_25,56.1,PRO_MEDIUM,
Kortrijk,Waasland-Beveren,2026-09-20,btts,55.8,PRO_MEDIUM,
Kortrijk,Waasland-Beveren,2026-09-20,dc_x2_and_under_15,55.3,PRO_MEDIUM,
La Coruna,Betis,2026-09-20,away_win_and_under_25,84.5,PRO_STRONG,
La Coruna,Betis,2026-09-20,away_win_and_under_15,81.8,PRO_STRONG,
La Coruna,Betis,2026-09-20,home_goals_over_05,80.6,PRO_STRONG,
La Coruna,Betis,2026-09-20,both_teams_carded,77.4,PRO_STRONG,
La Coruna,Betis,2026-09-20,dc_1x,75.5,PRO_STRONG,
La Coruna,Betis,2026-09-20,home_win_and_under_25,73.3,PRO_MEDIUM,
La Coruna,Betis,2026-09-20,dc_12,69.9,PRO_MEDIUM,
La Coruna,Betis,2026-09-20,away_goals_under_15,67.9,PRO_MEDIUM,
La Coruna,Betis,2026-09-20,home_win_and_under_15,65.2,PRO_MEDIUM,
La Coruna,Betis,2026-09-20,dc_1x_and_under_25,64.9,PRO_MEDIUM,
La Coruna,Betis,2026-09-20,home_win_either_half,62.6,PRO_MEDIUM,
La Coruna,Betis,2026-09-20,booking_pts_over_35,61.9,PRO_MEDIUM,
La Coruna,Betis,2026-09-20,dc_12_and_under_25,59.0,PRO_MEDIUM,
La Coruna,Betis,2026-09-20,dc_x2_and_under_15,57.1,PRO_MEDIUM,
La Coruna,Betis,2026-09-20,dc_1x_and_over_15,56.8,PRO_MEDIUM,
La Coruna,Betis,2026-09-20,booking_pts_under_45,55.6,PRO_MEDIUM,
La Coruna,Levante,2026-10-16,home_goals_under_25,88.4,PRO_STRONG,
La Coruna,Levante,2026-10-16,away_goals_under_25,88.4,PRO_STRONG,
La Coruna,Levante,2026-10-16,both_teams_carded,87.0,PRO_STRONG,
La Coruna,Levante,2026-10-16,away_win_and_under_25,84.4,PRO_STRONG,
La Coruna,Levante,2026-10-16,away_win_and_under_15,82.3,PRO_STRONG,
La Coruna,Levante,2026-10-16,home_win_and_corners_under95,79.9,PRO_STRONG,
La Coruna,Levante,2026-10-16,away_win_and_cards_under35,79.7,PRO_STRONG,
La Coruna,Levante,2026-10-16,home_goals_over_05,78.1,PRO_STRONG,
La Coruna,Levante,2026-10-16,dc_x2_and_under_25,77.8,PRO_STRONG,
La Coruna,Levante,2026-10-16,home_win_and_under_25,76.2,PRO_STRONG,
La Coruna,Levante,2026-10-16,booking_pts_over_35,74.7,PRO_MEDIUM,
La Coruna,Levante,2026-10-16,dc_12,72.4,PRO_MEDIUM,1.3
La Coruna,Levante,2026-10-16,away_goals_over_05,70.2,PRO_MEDIUM,
La Coruna,Levante,2026-10-16,away_goals_under_15,69.5,PRO_MEDIUM,
La Coruna,Levante,2026-10-16,dc_1x_and_under_25,67.2,PRO_MEDIUM,
La Coruna,Levante,2026-10-16,home_win_and_under_15,63.6,PRO_MEDIUM,
La Coruna,Levante,2026-10-16,dc_12_and_under_25,60.4,PRO_MEDIUM,
La Coruna,Levante,2026-10-16,home_win_either_half,60.0,PRO_MEDIUM,
La Coruna,Levante,2026-10-16,dc_x2_and_under_15,59.2,PRO_MEDIUM,
La Coruna,Levante,2026-10-16,home_goals_under_15,55.4,PRO_MEDIUM,
Lazio,Monza,2026-10-11,away_goals_under_25,93.2,PRO_STRONG,
Lazio,Monza,2026-10-11,away_win_and_cards_under35,91.8,PRO_STRONG,
Lazio,Monza,2026-10-11,away_win_and_under_25,90.3,PRO_STRONG,
Lazio,Monza,2026-10-11,home_goals_over_05,88.9,PRO_STRONG,
Lazio,Monza,2026-10-11,away_win_and_under_15,87.6,PRO_STRONG,
Lazio,Monza,2026-10-11,both_teams_carded,86.8,PRO_STRONG,
Lazio,Monza,2026-10-11,dc_x2_and_under_25,85.6,PRO_STRONG,
Lazio,Monza,2026-10-11,dc_1x,84.3,PRO_STRONG,1.14
Lazio,Monza,2026-10-11,home_goals_under_25,80.5,PRO_STRONG,
Lazio,Monza,2026-10-11,dc_12,77.7,PRO_STRONG,1.28
Lazio,Monza,2026-10-11,away_goals_under_15,77.4,PRO_STRONG,
Lazio,Monza,2026-10-11,home_win_and_corners_under95,76.1,PRO_STRONG,
Lazio,Monza,2026-10-11,home_win_either_half,75.6,PRO_STRONG,
Lazio,Monza,2026-10-11,booking_pts_over_35,74.3,PRO_MEDIUM,
Lazio,Monza,2026-10-11,dc_x2_and_under_15,70.1,PRO_MEDIUM,
Lazio,Monza,2026-10-11,dc_1x_and_over_15,67.8,PRO_MEDIUM,
Lazio,Monza,2026-10-11,away_goals_over_05,64.8,PRO_MEDIUM,
Lazio,Monza,2026-10-11,home_win_and_under_25,63.5,PRO_MEDIUM,
Lazio,Monza,2026-10-11,home_win,62.0,PRO_MEDIUM,1.65
Lazio,Monza,2026-10-11,goals_over_25,61.1,PRO_MEDIUM,1.91
Lazio,Monza,2026-10-11,home_goals_over_15,58.0,PRO_MEDIUM,
Lazio,Monza,2026-10-11,dc_1x_and_under_25,56.5,PRO_MEDIUM,
Lazio,Monza,2026-10-11,btts,55.7,PRO_MEDIUM,1.95
Le Havre,Auxerre,2026-10-18,home_goals_under_25,90.3,PRO_STRONG,
Le Havre,Auxerre,2026-10-18,away_goals_under_25,90.3,PRO_STRONG,
Le Havre,Auxerre,2026-10-18,home_win_and_corners_under95,85.1,PRO_STRONG,
Le Havre,Auxerre,2026-10-18,home_win_and_under_25,80.2,PRO_STRONG,
Le Havre,Auxerre,2026-10-18,home_win_and_cards_under35,80.1,PRO_MEDIUM,
Le Havre,Auxerre,2026-10-18,away_win_and_cards_under35,80.0,PRO_STRONG,
Le Havre,Auxerre,2026-10-18,away_win_and_under_25,79.7,PRO_STRONG,
Le Havre,Auxerre,2026-10-18,away_win_and_under_15,77.8,PRO_STRONG,
Le Havre,Auxerre,2026-10-18,dc_x2_and_under_25,75.4,PRO_STRONG,
Le Havre,Auxerre,2026-10-18,home_win_and_under_15,74.6,PRO_MEDIUM,
Le Havre,Auxerre,2026-10-18,home_goals_over_05,74.0,PRO_MEDIUM,
Le Havre,Auxerre,2026-10-18,both_teams_carded,73.6,PRO_MEDIUM,
Le Havre,Auxerre,2026-10-18,dc_1x_and_under_25,71.4,PRO_MEDIUM,
Le Havre,Auxerre,2026-10-18,away_goals_under_15,69.7,PRO_MEDIUM,
Le Havre,Auxerre,2026-10-18,dc_12,68.4,PRO_MEDIUM,1.33
Le Havre,Auxerre,2026-10-18,home_goals_under_15,64.2,PRO_MEDIUM,
Le Havre,Auxerre,2026-10-18,dc_12_and_under_25,63.6,PRO_MEDIUM,
Le Havre,Auxerre,2026-10-18,dc_x2,60.7,PRO_MEDIUM,1.53
Le Havre,Auxerre,2026-10-18,goals_under_25,56.5,PRO_MEDIUM,1.91
Le Havre,Auxerre,2026-10-18,cards_range_3_5,55.7,PRO_MEDIUM,
Le Mans,Toulouse,2026-10-16,home_goals_under_25,89.0,PRO_STRONG,
Le Mans,Toulouse,2026-10-16,home_win_and_corners_under95,85.1,PRO_STRONG,
Le Mans,Toulouse,2026-10-16,away_goals_under_25,82.7,PRO_STRONG,
Le Mans,Toulouse,2026-10-16,home_win_and_cards_under35,82.1,PRO_MEDIUM,
Le Mans,Toulouse,2026-10-16,home_win_and_under_25,81.5,PRO_STRONG,
Le Mans,Toulouse,2026-10-16,home_win_and_under_15,80.1,PRO_STRONG,
Le Mans,Toulouse,2026-10-16,dc_12,75.1,PRO_STRONG,1.3
Le Mans,Toulouse,2026-10-16,away_goals_over_05,75.1,PRO_STRONG,
Le Mans,Toulouse,2026-10-16,both_teams_carded,73.6,PRO_MEDIUM,
Le Mans,Toulouse,2026-10-16,away_win_and_cards_under35,73.1,PRO_MEDIUM,
Le Mans,Toulouse,2026-10-16,dc_x2,72.3,PRO_MEDIUM,1.36
Le Mans,Toulouse,2026-10-16,dc_1x_and_under_25,71.8,PRO_MEDIUM,
Le Mans,Toulouse,2026-10-16,home_goals_over_05,71.4,PRO_MEDIUM,
Le Mans,Toulouse,2026-10-16,dc_x2_and_under_25,70.3,PRO_MEDIUM,
Le Mans,Toulouse,2026-10-16,away_win_and_under_25,70.2,PRO_MEDIUM,
Le Mans,Toulouse,2026-10-16,away_win_and_under_15,68.0,PRO_MEDIUM,
Le Mans,Toulouse,2026-10-16,home_goals_under_15,62.2,PRO_MEDIUM,
Le Mans,Toulouse,2026-10-16,dc_1x_and_under_15,60.1,PRO_MEDIUM,
Le Mans,Toulouse,2026-10-16,away_win_either_half,59.1,PRO_MEDIUM,
Le Mans,Toulouse,2026-10-16,away_goals_under_15,58.3,PRO_MEDIUM,
Le Mans,Toulouse,2026-10-16,cards_range_3_5,55.4,PRO_MEDIUM,
Lecce,Bologna,2026-10-11,home_goals_under_25,93.9,PRO_STRONG,
Lecce,Bologna,2026-10-11,home_win_and_under_25,90.7,PRO_STRONG,
Lecce,Bologna,2026-10-11,home_win_and_corners_under95,88.9,PRO_STRONG,
Lecce,Bologna,2026-10-11,home_win_and_under_15,87.5,PRO_STRONG,
Lecce,Bologna,2026-10-11,dc_1x_and_under_25,86.0,PRO_STRONG,
Lecce,Bologna,2026-10-11,home_win_and_cards_under35,85.2,PRO_MEDIUM,
Lecce,Bologna,2026-10-11,dc_x2,79.6,PRO_STRONG,1.22
Lecce,Bologna,2026-10-11,home_goals_under_15,78.6,PRO_STRONG,
Lecce,Bologna,2026-10-11,dc_12,78.0,PRO_STRONG,1.3
Lecce,Bologna,2026-10-11,both_teams_carded,78.0,PRO_STRONG,
Lecce,Bologna,2026-10-11,away_goals_under_25,77.1,PRO_STRONG,
Lecce,Bologna,2026-10-11,away_goals_over_05,75.7,PRO_STRONG,
Lecce,Bologna,2026-10-11,away_win_and_cards_under35,75.7,PRO_STRONG,
Lecce,Bologna,2026-10-11,dc_1x_and_under_15,69.3,PRO_MEDIUM,
Lecce,Bologna,2026-10-11,away_win_and_under_25,68.7,PRO_MEDIUM,
Lecce,Bologna,2026-10-11,dc_x2_and_under_25,66.0,PRO_MEDIUM,
Lecce,Bologna,2026-10-11,away_win_either_half,62.9,PRO_MEDIUM,
Lecce,Bologna,2026-10-11,dc_x2_and_over_15,62.3,PRO_MEDIUM,
Lecce,Bologna,2026-10-11,booking_pts_over_35,61.9,PRO_MEDIUM,
Lecce,Bologna,2026-10-11,away_win_and_under_15,59.4,PRO_MEDIUM,
Lecce,Bologna,2026-10-11,home_goals_over_05,58.5,PRO_MEDIUM,
Lecce,Bologna,2026-10-11,dc_12_and_under_25,57.9,PRO_MEDIUM,
Lecce,Bologna,2026-10-11,away_win,57.5,PRO_MEDIUM,1.9
Lecce,Bologna,2026-10-11,cards_range_3_5,57.2,PRO_MEDIUM,
Lecce,Bologna,2026-10-11,away_goals_under_15,55.8,PRO_MEDIUM,
Lecce,Bologna,2026-10-11,booking_pts_under_45,55.2,PRO_MEDIUM,
Leeds,Crystal Palace,2026-09-20,away_win_and_under_25,85.5,PRO_STRONG,
Leeds,Crystal Palace,2026-09-20,away_win_and_under_15,80.9,PRO_STRONG,
Leeds,Crystal Palace,2026-09-20,home_goals_over_05,79.1,PRO_STRONG,
Leeds,Crystal Palace,2026-09-20,dc_1x,74.9,PRO_MEDIUM,
Leeds,Crystal Palace,2026-09-20,home_win_and_under_25,73.3,PRO_MEDIUM,
Leeds,Crystal Palace,2026-09-20,both_teams_carded,71.2,PRO_MEDIUM,
Leeds,Crystal Palace,2026-09-20,away_goals_under_15,69.5,PRO_MEDIUM,
Leeds,Crystal Palace,2026-09-20,dc_12,67.1,PRO_MEDIUM,
Leeds,Crystal Palace,2026-09-20,home_win_and_under_15,66.1,PRO_MEDIUM,
Leeds,Crystal Palace,2026-09-20,dc_1x_and_under_25,61.9,PRO_MEDIUM,
Leeds,Crystal Palace,2026-09-20,home_win_either_half,61.2,PRO_MEDIUM,
Leeds,Crystal Palace,2026-09-20,dc_x2,57.9,PRO_MEDIUM,
Leeds,Crystal Palace,2026-09-20,cards_range_3_5,57.5,PRO_MEDIUM,
Leeds,Man United,2026-10-18,home_goals_under_25,88.9,PRO_STRONG,
Leeds,Man United,2026-10-18,home_win_and_corners_under95,85.1,PRO_STRONG,
Leeds,Man United,2026-10-18,home_win_and_cards_under35,82.5,PRO_MEDIUM,
Leeds,Man United,2026-10-18,home_win_and_under_25,80.2,PRO_STRONG,
Leeds,Man United,2026-10-18,away_win_and_cards_under35,79.5,PRO_STRONG,
Leeds,Man United,2026-10-18,away_goals_over_05,79.2,PRO_STRONG,
Leeds,Man United,2026-10-18,away_goals_under_25,77.8,PRO_STRONG,
Leeds,Man United,2026-10-18,home_win_and_under_15,77.2,PRO_STRONG,
Leeds,Man United,2026-10-18,dc_12,76.3,PRO_STRONG,1.28
Leeds,Man United,2026-10-18,home_goals_over_05,74.8,PRO_MEDIUM,
Leeds,Man United,2026-10-18,dc_1x_and_under_25,74.2,PRO_MEDIUM,
Leeds,Man United,2026-10-18,both_teams_carded,71.5,PRO_MEDIUM,
Leeds,Man United,2026-10-18,dc_x2,70.4,PRO_MEDIUM,1.4
Leeds,Man United,2026-10-18,away_win_and_under_25,69.8,PRO_MEDIUM,
Leeds,Man United,2026-10-18,dc_x2_and_under_25,65.7,PRO_MEDIUM,
Leeds,Man United,2026-10-18,away_win_and_under_15,64.9,PRO_MEDIUM,
Leeds,Man United,2026-10-18,home_goals_under_15,59.8,PRO_MEDIUM,
Leeds,Man United,2026-10-18,btts,58.2,PRO_MEDIUM,1.57
Leeds,Man United,2026-10-18,away_win_either_half,57.7,PRO_MEDIUM,
Leeds,Man United,2026-10-18,cards_range_3_5,57.5,PRO_MEDIUM,
Leeds,Man United,2026-10-18,away_goals_under_15,55.6,PRO_MEDIUM,
Lens,Lyon,2026-10-09,away_goals_under_25,86.4,PRO_STRONG,
Lens,Lyon,2026-10-09,home_goals_under_25,83.7,PRO_STRONG,
Lens,Lyon,2026-10-09,away_win_and_cards_under35,83.2,PRO_STRONG,
Lens,Lyon,2026-10-09,away_win_and_under_25,80.7,PRO_STRONG,
Lens,Lyon,2026-10-09,dc_12,79.9,PRO_STRONG,1.28
Lens,Lyon,2026-10-09,home_goals_over_05,79.9,PRO_STRONG,
Lens,Lyon,2026-10-09,home_win_and_corners_under95,78.6,PRO_STRONG,
Lens,Lyon,2026-10-09,away_win_and_under_15,77.6,PRO_STRONG,
Lens,Lyon,2026-10-09,home_win_and_under_25,74.8,PRO_MEDIUM,
Lens,Lyon,2026-10-09,dc_x2_and_under_25,73.5,PRO_MEDIUM,
Lens,Lyon,2026-10-09,away_goals_over_05,73.3,PRO_MEDIUM,
Lens,Lyon,2026-10-09,both_teams_carded,71.4,PRO_MEDIUM,
Lens,Lyon,2026-10-09,dc_1x_and_under_25,68.0,PRO_MEDIUM,
Lens,Lyon,2026-10-09,away_goals_under_15,65.9,PRO_MEDIUM,
Lens,Lyon,2026-10-09,dc_1x,64.4,PRO_MEDIUM,1.4
Lens,Lyon,2026-10-09,home_win_and_under_15,64.1,PRO_MEDIUM,
Lens,Lyon,2026-10-09,cards_range_3_5,59.0,PRO_MEDIUM,
Lens,Lyon,2026-10-09,dc_1x_and_over_15,57.2,PRO_MEDIUM,
Lens,Lyon,2026-10-09,dc_x2,55.7,PRO_MEDIUM,1.67
Lens,Lyon,2026-10-09,dc_x2_and_under_15,55.1,PRO_MEDIUM,
Leuven,RAAL La Louviere,2026-09-19,away_win_and_under_25,86.1,PRO_STRONG,
Leuven,RAAL La Louviere,2026-09-19,away_win_and_under_15,80.3,PRO_STRONG,
Leuven,RAAL La Louviere,2026-09-19,dc_1x,77.9,PRO_STRONG,
Leuven,RAAL La Louviere,2026-09-19,home_goals_over_05,77.4,PRO_STRONG,
Leuven,RAAL La Louviere,2026-09-19,home_win_and_under_25,77.3,PRO_STRONG,
Leuven,RAAL La Louviere,2026-09-19,both_teams_carded,71.2,PRO_MEDIUM,
Leuven,RAAL La Louviere,2026-09-19,dc_1x_and_under_25,70.3,PRO_MEDIUM,
Leuven,RAAL La Louviere,2026-09-19,away_goals_under_15,69.1,PRO_MEDIUM,
Leuven,RAAL La Louviere,2026-09-19,home_win_and_under_15,68.9,PRO_MEDIUM,
Leuven,RAAL La Louviere,2026-09-19,dc_12,66.0,PRO_MEDIUM,
Leuven,RAAL La Louviere,2026-09-19,home_win_either_half,62.9,PRO_MEDIUM,
Leuven,RAAL La Louviere,2026-09-19,dc_12_and_under_25,62.1,PRO_MEDIUM,
Leuven,RAAL La Louviere,2026-09-19,home_goals_under_15,61.1,PRO_MEDIUM,
Leuven,RAAL La Louviere,2026-09-19,dc_x2_and_under_15,58.0,PRO_MEDIUM,
Leuven,RAAL La Louviere,2026-09-19,dc_x2,56.1,PRO_MEDIUM,
Leuven,RAAL La Louviere,2026-09-19,goals_under_25,55.7,PRO_MEDIUM,
Levadeiakos,Olympiakos,2026-09-20,away_win_and_under_25,83.6,PRO_STRONG,
Levadeiakos,Olympiakos,2026-09-20,away_win_and_under_15,79.8,PRO_STRONG,
Levadeiakos,Olympiakos,2026-09-20,home_win_and_under_25,77.8,PRO_STRONG,
Levadeiakos,Olympiakos,2026-09-20,both_teams_carded,77.6,PRO_STRONG,
Levadeiakos,Olympiakos,2026-09-20,home_goals_over_05,76.3,PRO_STRONG,
Levadeiakos,Olympiakos,2026-09-20,away_goals_over_05,69.3,PRO_MEDIUM,
Levadeiakos,Olympiakos,2026-09-20,home_win_and_under_15,68.3,PRO_MEDIUM,
Levadeiakos,Olympiakos,2026-09-20,dc_12,68.3,PRO_MEDIUM,
Levadeiakos,Olympiakos,2026-09-20,away_goals_under_15,67.5,PRO_MEDIUM,
Levadeiakos,Olympiakos,2026-09-20,dc_1x_and_under_25,67.3,PRO_MEDIUM,
Levadeiakos,Olympiakos,2026-09-20,booking_pts_over_35,64.5,PRO_MEDIUM,
Levadeiakos,Olympiakos,2026-09-20,home_goals_under_15,60.3,PRO_MEDIUM,
Levadeiakos,Olympiakos,2026-09-20,home_win_either_half,58.7,PRO_MEDIUM,
Levadeiakos,Olympiakos,2026-09-20,dc_x2,58.1,PRO_MEDIUM,
Levadeiakos,Olympiakos,2026-09-20,dc_12_and_under_25,56.0,PRO_MEDIUM,
Levadeiakos,Volos Nfc,2026-10-17,away_goals_under_25,91.5,PRO_STRONG,
Levadeiakos,Volos Nfc,2026-10-17,home_goals_under_25,88.6,PRO_STRONG,
Levadeiakos,Volos Nfc,2026-10-17,away_win_and_under_25,87.4,PRO_STRONG,
Levadeiakos,Volos Nfc,2026-10-17,both_teams_carded,87.3,PRO_STRONG,
Levadeiakos,Volos Nfc,2026-10-17,dc_x2_and_under_25,82.8,PRO_STRONG,
Levadeiakos,Volos Nfc,2026-10-17,home_win_and_corners_under95,82.5,PRO_STRONG,
Levadeiakos,Volos Nfc,2026-10-17,away_win_and_under_15,82.1,PRO_STRONG,
Levadeiakos,Volos Nfc,2026-10-17,away_win_and_cards_under35,78.6,PRO_STRONG,
Levadeiakos,Volos Nfc,2026-10-17,dc_1x,77.8,PRO_STRONG,1.28
Levadeiakos,Volos Nfc,2026-10-17,home_goals_over_05,76.1,PRO_STRONG,
Levadeiakos,Volos Nfc,2026-10-17,home_win_and_under_25,75.9,PRO_STRONG,
Levadeiakos,Volos Nfc,2026-10-17,booking_pts_over_35,75.1,PRO_STRONG,
Levadeiakos,Volos Nfc,2026-10-17,away_goals_under_15,73.1,PRO_MEDIUM,
Levadeiakos,Volos Nfc,2026-10-17,dc_1x_and_under_25,69.5,PRO_MEDIUM,
Levadeiakos,Volos Nfc,2026-10-17,home_win_and_under_15,68.4,PRO_MEDIUM,
Levadeiakos,Volos Nfc,2026-10-17,dc_12,65.8,PRO_MEDIUM,1.36
Levadeiakos,Volos Nfc,2026-10-17,dc_12_and_under_25,62.3,PRO_MEDIUM,
Levadeiakos,Volos Nfc,2026-10-17,away_goals_over_05,60.6,PRO_MEDIUM,
Levadeiakos,Volos Nfc,2026-10-17,home_goals_under_15,59.9,PRO_MEDIUM,
Levadeiakos,Volos Nfc,2026-10-17,dc_x2_and_under_15,59.9,PRO_MEDIUM,
Levadeiakos,Volos Nfc,2026-10-17,home_win_either_half,57.7,PRO_MEDIUM,
Levadeiakos,Volos Nfc,2026-10-17,dc_x2,56.4,PRO_MEDIUM,1.73
Levadeiakos,Volos Nfc,2026-10-17,goals_under_25,55.3,PRO_MEDIUM,1.7
Levante,Ath Bilbao,2026-10-21,home_goals_under_25,92.1,PRO_STRONG,
Levante,Ath Bilbao,2026-10-21,both_teams_carded,89.2,PRO_STRONG,
Levante,Ath Bilbao,2026-10-21,home_win_and_under_25,87.6,PRO_STRONG,
Levante,Ath Bilbao,2026-10-21,home_win_and_corners_under95,87.6,PRO_STRONG,
Levante,Ath Bilbao,2026-09-16,away_win_and_under_25,85.1,PRO_STRONG,
Levante,Ath Bilbao,2026-10-21,home_win_and_under_15,84.6,PRO_STRONG,
Levante,Ath Bilbao,2026-09-16,away_win_and_under_15,81.9,PRO_STRONG,
Levante,Ath Bilbao,2026-09-16,home_goals_over_05,81.0,PRO_STRONG,
Levante,Ath Bilbao,2026-10-21,away_goals_under_25,78.7,PRO_STRONG,
Levante,Ath Bilbao,2026-10-21,dc_1x_and_under_25,78.5,PRO_STRONG,
Levante,Ath Bilbao,2026-10-21,booking_pts_over_35,78.5,PRO_STRONG,
Levante,Ath Bilbao,2026-09-16,both_teams_carded,77.4,PRO_STRONG,
Levante,Ath Bilbao,2026-10-21,dc_x2,76.6,PRO_STRONG,1.3
Levante,Ath Bilbao,2026-10-21,away_goals_over_05,75.8,PRO_STRONG,
Levante,Ath Bilbao,2026-10-21,dc_12,75.0,PRO_MEDIUM,1.28
Levante,Ath Bilbao,2026-09-16,home_win_and_under_25,73.5,PRO_MEDIUM,
Levante,Ath Bilbao,2026-10-21,home_goals_over_05,71.8,PRO_MEDIUM,
Levante,Ath Bilbao,2026-10-21,away_win_and_cards_under35,70.2,PRO_MEDIUM,
Levante,Ath Bilbao,2026-09-16,away_goals_under_15,70.0,PRO_MEDIUM,
Levante,Ath Bilbao,2026-10-21,home_goals_under_15,69.2,PRO_MEDIUM,
Levante,Ath Bilbao,2026-09-16,away_goals_over_05,68.8,PRO_MEDIUM,
Levante,Ath Bilbao,2026-10-21,away_win_and_under_25,68.3,PRO_MEDIUM,
Levante,Ath Bilbao,2026-09-16,dc_12,68.1,PRO_MEDIUM,1.28
Levante,Ath Bilbao,2026-10-21,dc_x2_and_under_25,66.5,PRO_MEDIUM,
Levante,Ath Bilbao,2026-09-16,home_win_and_under_15,66.3,PRO_MEDIUM,
Levante,Ath Bilbao,2026-09-16,dc_1x_and_under_25,65.6,PRO_MEDIUM,
Levante,Ath Bilbao,2026-10-21,dc_1x_and_under_15,65.0,PRO_MEDIUM,
Levante,Ath Bilbao,2026-09-16,booking_pts_over_35,61.9,PRO_MEDIUM,
Levante,Ath Bilbao,2026-10-21,away_win_and_under_15,61.3,PRO_MEDIUM,
Levante,Ath Bilbao,2026-09-16,home_win_either_half,59.8,PRO_MEDIUM,
Levante,Ath Bilbao,2026-10-21,away_win_either_half,58.4,PRO_MEDIUM,
Levante,Ath Bilbao,2026-09-16,dc_x2,57.4,PRO_MEDIUM,1.3
Levante,Ath Bilbao,2026-10-21,away_goals_under_15,56.6,PRO_MEDIUM,
Levante,Ath Bilbao,2026-10-21,dc_12_and_under_25,55.8,PRO_MEDIUM,
Levante,Ath Bilbao,2026-10-21,dc_x2_and_over_15,55.5,PRO_MEDIUM,
Levante,Ath Bilbao,2026-09-16,dc_1x_and_over_15,55.3,PRO_MEDIUM,
Levante,Ath Bilbao,2026-09-16,dc_x2_and_under_15,55.3,PRO_MEDIUM,
Levante,Ath Bilbao,2026-09-16,booking_pts_under_45,55.2,PRO_MEDIUM,
Levante,Sevilla,2026-10-12,home_goals_under_25,89.3,PRO_STRONG,
Levante,Sevilla,2026-10-12,both_teams_carded,88.9,PRO_STRONG,
Levante,Sevilla,2026-10-12,home_win_and_corners_under95,85.1,PRO_STRONG,
Levante,Sevilla,2026-10-12,away_goals_under_25,84.3,PRO_STRONG,
Levante,Sevilla,2026-10-12,away_win_and_cards_under35,82.0,PRO_STRONG,
Levante,Sevilla,2026-10-12,home_win_and_under_25,80.7,PRO_STRONG,
Levante,Sevilla,2026-10-12,away_win_and_under_25,79.3,PRO_STRONG,
Levante,Sevilla,2026-10-12,booking_pts_over_35,78.5,PRO_STRONG,
Levante,Sevilla,2026-10-12,home_win_and_under_15,76.2,PRO_STRONG,
Levante,Sevilla,2026-10-12,dc_x2_and_under_25,75.1,PRO_STRONG,
Levante,Sevilla,2026-10-12,dc_1x_and_under_25,74.8,PRO_MEDIUM,
Levante,Sevilla,2026-10-12,away_goals_over_05,74.6,PRO_MEDIUM,
Levante,Sevilla,2026-10-12,away_win_and_under_15,72.9,PRO_MEDIUM,
Levante,Sevilla,2026-10-12,home_goals_over_05,72.5,PRO_MEDIUM,
Levante,Sevilla,2026-10-12,dc_12,72.3,PRO_MEDIUM,1.33
Levante,Sevilla,2026-10-12,dc_x2,71.3,PRO_MEDIUM,1.44
Levante,Sevilla,2026-10-12,away_goals_under_15,69.0,PRO_MEDIUM,
Levante,Sevilla,2026-10-12,home_goals_under_15,63.1,PRO_MEDIUM,
Levante,Sevilla,2026-10-12,dc_12_and_under_25,57.8,PRO_MEDIUM,
Levante,Sevilla,2026-10-12,dc_1x,56.5,PRO_MEDIUM,1.44
Leverkusen,Freiburg,2026-10-18,away_goals_under_25,90.9,PRO_STRONG,
Leverkusen,Freiburg,2026-10-18,away_win_and_cards_under35,90.6,PRO_STRONG,
Leverkusen,Freiburg,2026-10-18,home_goals_over_05,89.3,PRO_STRONG,
Leverkusen,Freiburg,2026-10-18,away_win_and_under_25,89.1,PRO_STRONG,
Leverkusen,Freiburg,2026-10-18,away_win_and_under_15,86.5,PRO_STRONG,
Leverkusen,Freiburg,2026-10-18,dc_12,83.4,PRO_STRONG,1.22
Leverkusen,Freiburg,2026-10-18,dc_x2_and_under_25,82.7,PRO_STRONG,
Leverkusen,Freiburg,2026-10-18,dc_1x,81.7,PRO_STRONG,1.18
Leverkusen,Freiburg,2026-10-18,home_win_either_half,78.8,PRO_STRONG,
Leverkusen,Freiburg,2026-10-18,both_teams_carded,75.1,PRO_STRONG,
Leverkusen,Freiburg,2026-10-18,away_goals_under_15,73.5,PRO_MEDIUM,
Leverkusen,Freiburg,2026-10-18,dc_1x_and_over_15,72.2,PRO_MEDIUM,
Leverkusen,Freiburg,2026-10-18,dc_x2_and_under_15,70.9,PRO_MEDIUM,
Leverkusen,Freiburg,2026-10-18,home_win_and_corners_under95,66.9,PRO_MEDIUM,
Leverkusen,Freiburg,2026-10-18,home_win,65.1,PRO_MEDIUM,1.65
Leverkusen,Freiburg,2026-10-18,home_goals_over_15,63.9,PRO_MEDIUM,
Leverkusen,Freiburg,2026-10-18,home_goals_under_25,63.7,PRO_MEDIUM,
Leverkusen,Freiburg,2026-10-18,goals_over_25,62.3,PRO_MEDIUM,1.5
Leverkusen,Freiburg,2026-10-18,home_win_and_over_15,58.7,PRO_MEDIUM,
Leverkusen,Freiburg,2026-10-18,dc_12_and_over_25,58.4,PRO_MEDIUM,
Leverkusen,Freiburg,2026-10-18,btts,57.9,PRO_MEDIUM,1.53
Leverkusen,Freiburg,2026-10-18,booking_pts_over_35,56.2,PRO_MEDIUM,
Leverkusen,Freiburg,2026-10-18,home_win_and_under_25,55.2,PRO_MEDIUM,
Leverkusen,Rb Leipzig,2026-09-20,home_goals_over_05,84.3,PRO_STRONG,
Leverkusen,Rb Leipzig,2026-09-20,away_win_and_under_25,83.4,PRO_STRONG,
Leverkusen,Rb Leipzig,2026-09-20,away_win_and_under_15,82.8,PRO_STRONG,
Leverkusen,Rb Leipzig,2026-09-20,dc_1x,76.0,PRO_STRONG,
Leverkusen,Rb Leipzig,2026-09-20,dc_12,74.1,PRO_MEDIUM,
Leverkusen,Rb Leipzig,2026-09-20,home_win_and_under_25,72.3,PRO_MEDIUM,
Leverkusen,Rb Leipzig,2026-09-20,away_goals_over_05,71.3,PRO_MEDIUM,
Leverkusen,Rb Leipzig,2026-09-20,both_teams_carded,71.0,PRO_MEDIUM,
Leverkusen,Rb Leipzig,2026-09-20,away_goals_under_15,68.3,PRO_MEDIUM,
Leverkusen,Rb Leipzig,2026-09-20,home_win_either_half,61.9,PRO_MEDIUM,
Leverkusen,Rb Leipzig,2026-09-20,dc_1x_and_over_15,61.4,PRO_MEDIUM,
Leverkusen,Rb Leipzig,2026-09-20,home_win_and_under_15,61.1,PRO_MEDIUM,
Leverkusen,Rb Leipzig,2026-09-20,dc_1x_and_under_25,60.4,PRO_MEDIUM,
Leverkusen,Rb Leipzig,2026-09-20,btts,58.3,PRO_MEDIUM,
Leverkusen,Rb Leipzig,2026-09-20,goals_over_25,56.3,PRO_MEDIUM,
Leverkusen,Rb Leipzig,2026-09-20,dc_x2_and_under_15,55.1,PRO_MEDIUM,
Lille,Brest,2026-10-17,away_goals_under_25,93.8,PRO_STRONG,
Lille,Brest,2026-10-17,away_win_and_cards_under35,91.8,PRO_STRONG,
Lille,Brest,2026-10-17,away_win_and_under_25,90.3,PRO_STRONG,
Lille,Brest,2026-10-17,home_goals_over_05,88.0,PRO_STRONG,
Lille,Brest,2026-10-17,away_win_and_under_15,87.6,PRO_STRONG,
Lille,Brest,2026-10-17,dc_x2_and_under_25,86.8,PRO_STRONG,
Lille,Brest,2026-10-17,dc_1x,83.6,PRO_STRONG,1.17
Lille,Brest,2026-10-17,dc_12,80.8,PRO_STRONG,1.22
Lille,Brest,2026-10-17,away_goals_under_15,78.3,PRO_STRONG,
Lille,Brest,2026-10-17,home_win_and_corners_under95,76.7,PRO_STRONG,
Lille,Brest,2026-10-17,home_win_either_half,73.2,PRO_MEDIUM,
Lille,Brest,2026-10-17,both_teams_carded,72.6,PRO_MEDIUM,
Lille,Brest,2026-10-17,dc_x2_and_under_15,72.0,PRO_MEDIUM,
Lille,Brest,2026-10-17,home_goals_under_25,71.8,PRO_MEDIUM,
Lille,Brest,2026-10-17,dc_1x_and_over_15,67.3,PRO_MEDIUM,
Lille,Brest,2026-10-17,home_win,64.3,PRO_MEDIUM,1.6
Lille,Brest,2026-10-17,home_win_and_under_25,61.7,PRO_MEDIUM,
Lille,Brest,2026-10-17,away_goals_over_05,60.6,PRO_MEDIUM,
Lille,Brest,2026-10-17,home_goals_over_15,58.5,PRO_MEDIUM,
Lille,Brest,2026-10-17,dc_1x_and_under_25,56.4,PRO_MEDIUM,
Lille,Brest,2026-10-17,home_win_and_over_15,55.6,PRO_MEDIUM,
Lille,Le Havre,2026-10-10,away_goals_under_25,95.4,PRO_STRONG,
Lille,Le Havre,2026-10-10,away_win_and_cards_under35,94.7,PRO_STRONG,
Lille,Le Havre,2026-10-10,away_win_and_under_25,92.7,PRO_STRONG,
Lille,Le Havre,2026-10-10,away_win_and_under_15,89.9,PRO_STRONG,
Lille,Le Havre,2026-10-10,home_goals_over_05,88.9,PRO_STRONG,
Lille,Le Havre,2026-10-10,dc_1x,88.4,PRO_STRONG,1.11
Lille,Le Havre,2026-10-10,dc_x2_and_under_25,88.0,PRO_STRONG,
Lille,Le Havre,2026-10-10,away_goals_under_15,79.1,PRO_STRONG,
Lille,Le Havre,2026-10-10,home_win_and_corners_under95,76.2,PRO_STRONG,
Lille,Le Havre,2026-10-10,dc_12,75.2,PRO_STRONG,1.2
Lille,Le Havre,2026-10-10,home_win_either_half,75.0,PRO_MEDIUM,
Lille,Le Havre,2026-10-10,home_goals_under_25,74.6,PRO_MEDIUM,
Lille,Le Havre,2026-10-10,both_teams_carded,72.6,PRO_MEDIUM,
Lille,Le Havre,2026-10-10,dc_x2_and_under_15,71.8,PRO_MEDIUM,
Lille,Le Havre,2026-10-10,home_win_and_under_25,68.6,PRO_MEDIUM,
Lille,Le Havre,2026-10-10,dc_1x_and_over_15,67.4,PRO_MEDIUM,
Lille,Le Havre,2026-10-10,home_win,63.6,PRO_MEDIUM,1.44
Lille,Le Havre,2026-10-10,dc_1x_and_under_25,62.2,PRO_MEDIUM,
Lille,Le Havre,2026-10-10,away_goals_over_05,58.8,PRO_MEDIUM,
Lille,Le Havre,2026-10-10,home_goals_over_15,57.8,PRO_MEDIUM,
Lincoln,West Ham,2026-10-14,away_win_and_under_25,83.6,PRO_STRONG,
Lincoln,West Ham,2026-10-14,both_teams_carded,79.3,PRO_STRONG,
Lincoln,West Ham,2026-10-14,home_goals_over_05,79.2,PRO_STRONG,
Lincoln,West Ham,2026-10-14,away_win_and_under_15,78.8,PRO_STRONG,
Lincoln,West Ham,2026-10-14,home_win_and_under_25,72.9,PRO_MEDIUM,
Lincoln,West Ham,2026-10-14,dc_12,72.2,PRO_MEDIUM,
Lincoln,West Ham,2026-10-14,away_goals_over_05,70.2,PRO_MEDIUM,
Lincoln,West Ham,2026-10-14,away_goals_under_15,68.0,PRO_MEDIUM,
Lincoln,West Ham,2026-10-14,dc_1x_and_under_25,66.2,PRO_MEDIUM,
Lincoln,West Ham,2026-10-14,home_win_and_under_15,65.5,PRO_MEDIUM,
Lincoln,West Ham,2026-10-14,home_win_either_half,61.8,PRO_MEDIUM,
Lincoln,West Ham,2026-10-14,booking_pts_over_35,60.8,PRO_MEDIUM,
Lincoln,West Ham,2026-10-14,home_goals_under_15,58.6,PRO_MEDIUM,
Lincoln,West Ham,2026-10-14,dc_x2_and_under_15,57.1,PRO_MEDIUM,
Lincoln,West Ham,2026-10-14,dc_12_and_under_25,56.9,PRO_MEDIUM,
Liverpool,Man City,2026-10-11,home_win_and_corners_under95,85.1,PRO_STRONG,
Liverpool,Man City,2026-10-11,home_goals_under_25,83.5,PRO_STRONG,
Liverpool,Man City,2026-10-11,away_win_and_cards_under35,81.7,PRO_STRONG,
Liverpool,Man City,2026-10-11,home_win_and_cards_under35,80.7,PRO_MEDIUM,
Liverpool,Man City,2026-10-11,away_goals_over_05,79.8,PRO_STRONG,
Liverpool,Man City,2026-10-11,away_goals_under_25,79.1,PRO_STRONG,
Liverpool,Man City,2026-10-11,home_win_and_under_25,78.1,PRO_STRONG,
Liverpool,Man City,2026-10-11,dc_12,76.4,PRO_STRONG,1.28
Liverpool,Man City,2026-10-11,home_goals_over_05,75.7,PRO_STRONG,
Liverpool,Man City,2026-10-11,home_win_and_under_15,72.1,PRO_MEDIUM,
Liverpool,Man City,2026-10-11,dc_1x_and_under_25,71.0,PRO_MEDIUM,
Liverpool,Man City,2026-10-11,both_teams_carded,70.8,PRO_MEDIUM,
Liverpool,Man City,2026-10-11,away_win_and_under_25,70.3,PRO_MEDIUM,
Liverpool,Man City,2026-10-11,away_win_and_under_15,69.5,PRO_MEDIUM,
Liverpool,Man City,2026-10-11,dc_x2_and_under_25,66.0,PRO_MEDIUM,
Liverpool,Man City,2026-10-11,dc_x2,64.4,PRO_MEDIUM,1.5
Liverpool,Man City,2026-10-11,cards_range_3_5,60.0,PRO_MEDIUM,
Liverpool,Man City,2026-10-11,home_goals_under_15,59.6,PRO_MEDIUM,
Liverpool,Man City,2026-10-11,dc_1x,59.2,PRO_MEDIUM,1.5
Liverpool,Man City,2026-10-11,away_goals_under_15,58.3,PRO_MEDIUM,
Liverpool,Man City,2026-10-11,away_win_either_half,56.9,PRO_MEDIUM,
Liverpool,Man City,2026-10-11,goals_over_25,56.5,PRO_MEDIUM,1.57
Lorient,Monaco,2026-10-18,home_goals_under_25,91.5,PRO_STRONG,
Lorient,Monaco,2026-10-18,home_win_and_corners_under95,87.6,PRO_STRONG,
Lorient,Monaco,2026-10-18,home_win_and_under_25,87.0,PRO_STRONG,
Lorient,Monaco,2026-10-18,home_win_and_cards_under35,83.5,PRO_MEDIUM,
Lorient,Monaco,2026-10-18,home_win_and_under_15,83.4,PRO_STRONG,
Lorient,Monaco,2026-10-18,away_goals_over_05,81.3,PRO_STRONG,
Lorient,Monaco,2026-10-18,dc_1x_and_under_25,80.2,PRO_STRONG,
Lorient,Monaco,2026-10-18,away_win_and_cards_under35,79.5,PRO_STRONG,
Lorient,Monaco,2026-10-18,dc_x2,74.4,PRO_MEDIUM,1.33
Lorient,Monaco,2026-10-18,home_goals_over_05,74.0,PRO_MEDIUM,
Lorient,Monaco,2026-10-18,away_goals_under_25,73.4,PRO_MEDIUM,
Lorient,Monaco,2026-10-18,dc_12,73.2,PRO_MEDIUM,1.28
Lorient,Monaco,2026-10-18,both_teams_carded,71.8,PRO_MEDIUM,
Lorient,Monaco,2026-10-18,away_win_and_under_25,70.3,PRO_MEDIUM,
Lorient,Monaco,2026-10-18,home_goals_under_15,68.1,PRO_MEDIUM,
Lorient,Monaco,2026-10-18,dc_x2_and_under_25,66.0,PRO_MEDIUM,
Lorient,Monaco,2026-10-18,away_win_and_under_15,64.0,PRO_MEDIUM,
Lorient,Monaco,2026-10-18,dc_1x_and_under_15,61.0,PRO_MEDIUM,
Lorient,Monaco,2026-10-18,away_win_either_half,58.4,PRO_MEDIUM,
Lorient,Monaco,2026-10-18,cards_range_3_5,56.8,PRO_MEDIUM,
Lorient,Monaco,2026-10-18,dc_x2_and_over_15,55.7,PRO_MEDIUM,
Lorient,Paris FC,2026-10-10,home_goals_under_25,90.1,PRO_STRONG,
Lorient,Paris FC,2026-10-10,home_win_and_corners_under95,85.1,PRO_STRONG,
Lorient,Paris FC,2026-10-10,home_win_and_under_25,84.1,PRO_STRONG,
Lorient,Paris FC,2026-10-10,home_win_and_cards_under35,82.8,PRO_MEDIUM,
Lorient,Paris FC,2026-10-10,home_win_and_under_15,82.0,PRO_STRONG,
Lorient,Paris FC,2026-10-10,away_goals_under_25,81.5,PRO_STRONG,
Lorient,Paris FC,2026-10-10,away_win_and_cards_under35,80.3,PRO_STRONG,
Lorient,Paris FC,2026-10-10,dc_12,78.5,PRO_STRONG,1.3
Lorient,Paris FC,2026-10-10,dc_1x_and_under_25,76.5,PRO_STRONG,
Lorient,Paris FC,2026-10-10,away_goals_over_05,75.8,PRO_STRONG,
Lorient,Paris FC,2026-10-10,home_goals_over_05,73.1,PRO_MEDIUM,
Lorient,Paris FC,2026-10-10,dc_x2_and_under_25,72.2,PRO_MEDIUM,
Lorient,Paris FC,2026-10-10,both_teams_carded,71.8,PRO_MEDIUM,
Lorient,Paris FC,2026-10-10,dc_x2,71.2,PRO_MEDIUM,1.36
Lorient,Paris FC,2026-10-10,away_win_and_under_25,69.5,PRO_MEDIUM,
Lorient,Paris FC,2026-10-10,home_goals_under_15,68.1,PRO_MEDIUM,
Lorient,Paris FC,2026-10-10,away_win_and_under_15,63.1,PRO_MEDIUM,
Lorient,Paris FC,2026-10-10,dc_1x_and_under_15,62.5,PRO_MEDIUM,
Lorient,Paris FC,2026-10-10,away_win_either_half,57.6,PRO_MEDIUM,
Lorient,Paris FC,2026-10-10,cards_range_3_5,57.1,PRO_MEDIUM,
Lorient,Paris FC,2026-10-10,away_goals_under_15,56.9,PRO_MEDIUM,
Lorient,Paris FC,2026-10-10,dc_12_and_under_25,56.0,PRO_MEDIUM,
Lyon,Nice,2026-10-18,away_goals_under_25,91.8,PRO_STRONG,
Lyon,Nice,2026-10-18,away_win_and_cards_under35,91.8,PRO_STRONG,
Lyon,Nice,2026-10-18,away_win_and_under_25,89.8,PRO_STRONG,
Lyon,Nice,2026-10-18,home_goals_over_05,88.2,PRO_STRONG,
Lyon,Nice,2026-10-18,away_win_and_under_15,87.7,PRO_STRONG,
Lyon,Nice,2026-10-18,dc_1x,83.8,PRO_STRONG,1.17
Lyon,Nice,2026-10-18,dc_x2_and_under_25,82.2,PRO_STRONG,
Lyon,Nice,2026-10-18,dc_12,80.5,PRO_STRONG,1.25
Lyon,Nice,2026-10-18,home_win_either_half,75.2,PRO_STRONG,
Lyon,Nice,2026-10-18,away_goals_under_15,74.5,PRO_MEDIUM,
Lyon,Nice,2026-10-18,both_teams_carded,72.1,PRO_MEDIUM,
Lyon,Nice,2026-10-18,dc_x2_and_under_15,71.9,PRO_MEDIUM,
Lyon,Nice,2026-10-18,home_goals_under_25,70.7,PRO_MEDIUM,
Lyon,Nice,2026-10-18,dc_1x_and_over_15,69.8,PRO_MEDIUM,
Lyon,Nice,2026-10-18,home_win_and_corners_under95,67.5,PRO_MEDIUM,
Lyon,Nice,2026-10-18,home_goals_over_15,64.4,PRO_MEDIUM,
Lyon,Nice,2026-10-18,home_win,64.3,PRO_MEDIUM,1.65
Lyon,Nice,2026-10-18,away_goals_over_05,62.3,PRO_MEDIUM,
Lyon,Nice,2026-10-18,goals_over_25,61.0,PRO_MEDIUM,1.73
Lyon,Nice,2026-10-18,home_win_and_under_25,60.7,PRO_MEDIUM,
Lyon,Nice,2026-10-18,cards_range_3_5,56.5,PRO_MEDIUM,
M'Gladbach,Hoffenheim,2026-10-18,home_win_and_corners_under95,88.9,PRO_STRONG,
M'Gladbach,Hoffenheim,2026-10-18,home_goals_under_25,87.8,PRO_STRONG,
M'Gladbach,Hoffenheim,2026-10-18,home_win_and_cards_under35,86.9,PRO_MEDIUM,
M'Gladbach,Hoffenheim,2026-10-18,home_win_and_under_25,86.1,PRO_STRONG,
M'Gladbach,Hoffenheim,2026-10-18,away_goals_over_05,85.0,PRO_STRONG,
M'Gladbach,Hoffenheim,2026-10-18,home_win_and_under_15,82.0,PRO_STRONG,
M'Gladbach,Hoffenheim,2026-10-18,both_teams_carded,79.2,PRO_STRONG,
M'Gladbach,Hoffenheim,2026-10-18,dc_12,79.1,PRO_STRONG,1.25
M'Gladbach,Hoffenheim,2026-10-18,dc_x2,78.2,PRO_STRONG,1.28
M'Gladbach,Hoffenheim,2026-10-18,dc_1x_and_under_25,77.4,PRO_STRONG,
M'Gladbach,Hoffenheim,2026-10-18,away_goals_under_25,70.6,PRO_MEDIUM,
M'Gladbach,Hoffenheim,2026-10-18,home_goals_over_05,67.9,PRO_MEDIUM,
M'Gladbach,Hoffenheim,2026-10-18,away_win_either_half,67.7,PRO_MEDIUM,
M'Gladbach,Hoffenheim,2026-10-18,away_win_and_cards_under35,67.4,PRO_MEDIUM,
M'Gladbach,Hoffenheim,2026-10-18,dc_x2_and_over_15,66.5,PRO_MEDIUM,
M'Gladbach,Hoffenheim,2026-10-18,goals_over_25,65.0,PRO_MEDIUM,1.4
M'Gladbach,Hoffenheim,2026-10-18,home_goals_under_15,64.9,PRO_MEDIUM,
M'Gladbach,Hoffenheim,2026-10-18,dc_1x_and_under_15,64.2,PRO_MEDIUM,
M'Gladbach,Hoffenheim,2026-10-18,away_win_and_under_25,60.8,PRO_MEDIUM,
M'Gladbach,Hoffenheim,2026-10-18,booking_pts_over_35,60.7,PRO_MEDIUM,
M'Gladbach,Hoffenheim,2026-10-18,dc_12_and_over_25,59.5,PRO_MEDIUM,
M'Gladbach,Hoffenheim,2026-10-18,btts,58.5,PRO_MEDIUM,1.4
M'Gladbach,Hoffenheim,2026-10-18,away_win,57.3,PRO_MEDIUM,1.85
M'Gladbach,Hoffenheim,2026-10-18,away_goals_over_15,57.1,PRO_MEDIUM,
Mainz,Leverkusen,2026-10-10,home_goals_under_25,86.1,PRO_STRONG,
Mainz,Leverkusen,2026-10-10,away_goals_over_05,85.3,PRO_STRONG,
Mainz,Leverkusen,2026-10-10,home_win_and_corners_under95,85.1,PRO_STRONG,
Mainz,Leverkusen,2026-10-10,home_win_and_cards_under35,81.3,PRO_MEDIUM,
Mainz,Leverkusen,2026-10-10,home_win_and_under_25,80.3,PRO_STRONG,
Mainz,Leverkusen,2026-10-10,dc_12,79.2,PRO_STRONG,1.25
Mainz,Leverkusen,2026-10-10,away_win_and_cards_under35,77.3,PRO_STRONG,
Mainz,Leverkusen,2026-10-10,home_win_and_under_15,76.8,PRO_STRONG,
Mainz,Leverkusen,2026-10-10,away_goals_under_25,76.6,PRO_STRONG,
Mainz,Leverkusen,2026-10-10,home_goals_over_05,72.9,PRO_MEDIUM,
Mainz,Leverkusen,2026-10-10,dc_1x_and_under_25,71.3,PRO_MEDIUM,
Mainz,Leverkusen,2026-10-10,dc_x2,70.6,PRO_MEDIUM,1.4
Mainz,Leverkusen,2026-10-10,both_teams_carded,70.3,PRO_MEDIUM,
Mainz,Leverkusen,2026-10-10,away_win_either_half,64.1,PRO_MEDIUM,
Mainz,Leverkusen,2026-10-10,away_win_and_under_25,63.7,PRO_MEDIUM,
Mainz,Leverkusen,2026-10-10,goals_over_25,62.8,PRO_MEDIUM,1.5
Mainz,Leverkusen,2026-10-10,home_goals_under_15,60.5,PRO_MEDIUM,
Mainz,Leverkusen,2026-10-10,dc_x2_and_over_15,59.0,PRO_MEDIUM,
Mainz,Leverkusen,2026-10-10,dc_x2_and_under_25,58.8,PRO_MEDIUM,
Mainz,Leverkusen,2026-10-10,away_goals_over_15,57.9,PRO_MEDIUM,
Mainz,Leverkusen,2026-10-10,btts,57.8,PRO_MEDIUM,1.44
Mainz,Leverkusen,2026-10-10,cards_range_3_5,57.1,PRO_MEDIUM,
Mainz,Leverkusen,2026-10-10,dc_12_and_over_25,56.1,PRO_MEDIUM,
Mainz,Leverkusen,2026-10-10,away_win_and_under_15,55.9,PRO_MEDIUM,
Mainz,Leverkusen,2026-10-10,dc_1x_and_under_15,55.7,PRO_MEDIUM,
Malaga,Espanol,2026-10-09,home_goals_under_25,91.6,PRO_STRONG,
Malaga,Espanol,2026-10-09,away_goals_under_25,87.9,PRO_STRONG,
Malaga,Espanol,2026-10-09,home_win_and_under_25,85.2,PRO_STRONG,
Malaga,Espanol,2026-10-09,home_win_and_corners_under95,85.1,PRO_STRONG,
Malaga,Espanol,2026-10-09,away_win_and_under_25,81.9,PRO_STRONG,
Malaga,Espanol,2026-10-09,dc_1x_and_under_25,80.9,PRO_STRONG,
Malaga,Espanol,2026-10-09,home_win_and_under_15,79.9,PRO_STRONG,
Malaga,Espanol,2026-10-09,dc_x2_and_under_25,77.9,PRO_STRONG,
Malaga,Espanol,2026-10-09,away_win_and_cards_under35,76.2,PRO_STRONG,
Malaga,Espanol,2026-10-09,away_win_and_under_15,74.8,PRO_MEDIUM,
Malaga,Espanol,2026-10-09,home_goals_under_15,72.2,PRO_MEDIUM,
Malaga,Espanol,2026-10-09,away_goals_under_15,70.3,PRO_MEDIUM,
Malaga,Espanol,2026-10-09,dc_12,68.4,PRO_MEDIUM,1.36
Malaga,Espanol,2026-10-09,dc_x2,67.7,PRO_MEDIUM,1.44
Malaga,Espanol,2026-10-09,home_goals_over_05,66.8,PRO_MEDIUM,
Malaga,Espanol,2026-10-09,dc_12_and_under_25,65.9,PRO_MEDIUM,
Malaga,Espanol,2026-10-09,dc_1x,63.9,PRO_MEDIUM,1.44
Malaga,Espanol,2026-10-09,goals_under_25,58.6,PRO_MEDIUM,1.73
Malaga,Espanol,2026-10-09,dc_1x_and_under_15,58.5,PRO_MEDIUM,
Malaga,Espanol,2026-10-09,dc_x2_and_under_15,55.0,PRO_MEDIUM,
Malaga,Sociedad,2026-10-18,home_goals_under_25,89.2,PRO_STRONG,
Malaga,Sociedad,2026-10-18,home_win_and_under_25,86.4,PRO_STRONG,
Malaga,Sociedad,2026-10-18,home_win_and_corners_under95,86.2,PRO_STRONG,
Malaga,Sociedad,2026-10-18,home_win_and_under_15,82.5,PRO_STRONG,
Malaga,Sociedad,2026-10-18,away_goals_under_25,81.7,PRO_STRONG,
Malaga,Sociedad,2026-10-18,dc_1x_and_under_25,78.7,PRO_STRONG,
Malaga,Sociedad,2026-10-18,dc_12,74.2,PRO_MEDIUM,1.28
Malaga,Sociedad,2026-10-18,away_goals_over_05,74.2,PRO_MEDIUM,
Malaga,Sociedad,2026-10-18,dc_x2,73.4,PRO_MEDIUM,1.36
Malaga,Sociedad,2026-10-18,home_goals_under_15,71.3,PRO_MEDIUM,
Malaga,Sociedad,2026-10-18,home_goals_over_05,70.4,PRO_MEDIUM,
Malaga,Sociedad,2026-10-18,away_win_and_under_25,70.3,PRO_MEDIUM,
Malaga,Sociedad,2026-10-18,dc_x2_and_under_25,67.2,PRO_MEDIUM,
Malaga,Sociedad,2026-10-18,away_win_and_under_15,64.3,PRO_MEDIUM,
Malaga,Sociedad,2026-10-18,away_win_and_cards_under35,62.5,PRO_MEDIUM,
Malaga,Sociedad,2026-10-18,dc_1x_and_under_15,61.6,PRO_MEDIUM,
Malaga,Sociedad,2026-10-18,dc_12_and_under_25,59.8,PRO_MEDIUM,
Malaga,Sociedad,2026-10-18,away_win_either_half,59.7,PRO_MEDIUM,
Malaga,Sociedad,2026-10-18,away_goals_under_15,58.0,PRO_MEDIUM,
Man City,Ipswich,2026-10-17,away_win_and_cards_under35,95.7,PRO_STRONG,
Man City,Ipswich,2026-10-17,away_win_and_under_15,95.0,PRO_STRONG,
Man City,Ipswich,2026-10-17,home_goals_over_05,94.8,PRO_STRONG,
Man City,Ipswich,2026-10-17,away_goals_under_25,94.5,PRO_STRONG,
Man City,Ipswich,2026-10-17,away_win_and_under_25,94.5,PRO_STRONG,
Man City,Ipswich,2026-10-17,dc_1x,92.6,PRO_STRONG,1.05
Man City,Ipswich,2026-10-17,dc_12,89.8,PRO_STRONG,1.12
Man City,Ipswich,2026-10-17,dc_x2_and_under_25,89.2,PRO_STRONG,
Man City,Ipswich,2026-10-17,home_win_either_half,88.4,PRO_STRONG,
Man City,Ipswich,2026-10-17,dc_x2_and_under_15,84.6,PRO_STRONG,
Man City,Ipswich,2026-10-17,dc_1x_and_over_15,82.9,PRO_STRONG,
Man City,Ipswich,2026-10-17,home_win,82.4,PRO_STRONG,1.2
Man City,Ipswich,2026-10-17,away_goals_under_15,78.6,PRO_STRONG,
Man City,Ipswich,2026-10-17,both_teams_carded,78.3,PRO_STRONG,
Man City,Ipswich,2026-10-17,home_goals_over_15,78.2,PRO_STRONG,
Man City,Ipswich,2026-10-17,home_win_and_over_15,72.9,PRO_MEDIUM,
Man City,Ipswich,2026-10-17,home_win_2h,67.3,PRO_MEDIUM,
Man City,Ipswich,2026-10-17,home_win_and_corners_under95,66.4,PRO_MEDIUM,
Man City,Ipswich,2026-10-17,goals_over_25,64.6,PRO_MEDIUM,1.36
Man City,Ipswich,2026-10-17,dc_1x_and_over_25,64.6,PRO_MEDIUM,
Man City,Ipswich,2026-10-17,home_win_1h,64.1,PRO_MEDIUM,
Man City,Ipswich,2026-10-17,booking_pts_over_35,62.1,PRO_MEDIUM,
Man City,Ipswich,2026-10-17,dc_12_and_over_25,60.9,PRO_MEDIUM,
Man City,Ipswich,2026-10-17,home_win_and_over_25,59.7,PRO_MEDIUM,
Man City,Ipswich,2026-10-17,home_score_both_halves,59.1,PRO_MEDIUM,
Man City,Ipswich,2026-10-17,booking_pts_under_45,56.4,PRO_MEDIUM,
Man City,Sunderland,2026-09-20,home_goals_over_05,84.0,PRO_STRONG,
Man City,Sunderland,2026-09-20,away_win_and_under_25,83.2,PRO_STRONG,
Man City,Sunderland,2026-09-20,away_win_and_under_15,82.9,PRO_STRONG,
Man City,Sunderland,2026-09-20,dc_1x,78.6,PRO_STRONG,
Man City,Sunderland,2026-09-20,both_teams_carded,78.3,PRO_STRONG,
Man City,Sunderland,2026-09-20,home_win_and_under_25,73.2,PRO_MEDIUM,
Man City,Sunderland,2026-09-20,away_goals_under_15,70.2,PRO_MEDIUM,
Man City,Sunderland,2026-09-20,home_win_and_under_15,66.8,PRO_MEDIUM,
Man City,Sunderland,2026-09-20,dc_12,66.6,PRO_MEDIUM,
Man City,Sunderland,2026-09-20,away_goals_over_05,66.1,PRO_MEDIUM,
Man City,Sunderland,2026-09-20,home_win_either_half,64.5,PRO_MEDIUM,
Man City,Sunderland,2026-09-20,booking_pts_over_35,64.2,PRO_MEDIUM,
Man City,Sunderland,2026-09-20,dc_1x_and_under_25,63.4,PRO_MEDIUM,
Man City,Sunderland,2026-09-20,dc_x2_and_under_15,58.2,PRO_MEDIUM,
Man City,Sunderland,2026-09-20,dc_1x_and_over_15,57.8,PRO_MEDIUM,
Man City,Sunderland,2026-09-20,dc_12_and_under_25,55.1,PRO_MEDIUM,
Man United,Tottenham,2026-10-10,away_goals_under_25,90.6,PRO_STRONG,
Man United,Tottenham,2026-10-10,away_win_and_cards_under35,90.5,PRO_STRONG,
Man United,Tottenham,2026-10-10,away_win_and_under_25,90.3,PRO_STRONG,
Man United,Tottenham,2026-10-10,away_win_and_under_15,87.3,PRO_STRONG,
Man United,Tottenham,2026-10-10,home_goals_over_05,86.7,PRO_STRONG,
Man United,Tottenham,2026-10-10,dc_x2_and_under_25,86.0,PRO_STRONG,
Man United,Tottenham,2026-10-10,dc_12,82.5,PRO_STRONG,1.25
Man United,Tottenham,2026-10-10,dc_1x,80.2,PRO_STRONG,1.2
Man United,Tottenham,2026-10-10,both_teams_carded,77.7,PRO_STRONG,
Man United,Tottenham,2026-10-10,away_goals_under_15,75.9,PRO_STRONG,
Man United,Tottenham,2026-10-10,home_win_either_half,72.3,PRO_MEDIUM,
Man United,Tottenham,2026-10-10,dc_x2_and_under_15,72.2,PRO_MEDIUM,
Man United,Tottenham,2026-10-10,home_win_and_corners_under95,66.9,PRO_MEDIUM,
Man United,Tottenham,2026-10-10,dc_1x_and_over_15,66.7,PRO_MEDIUM,
Man United,Tottenham,2026-10-10,booking_pts_over_35,63.7,PRO_MEDIUM,
Man United,Tottenham,2026-10-10,home_goals_under_25,63.4,PRO_MEDIUM,
Man United,Tottenham,2026-10-10,home_win,62.7,PRO_MEDIUM,1.7
Man United,Tottenham,2026-10-10,goals_over_25,62.5,PRO_MEDIUM,1.53
Man United,Tottenham,2026-10-10,home_win_and_under_25,60.6,PRO_MEDIUM,
Man United,Tottenham,2026-10-10,home_goals_over_15,60.4,PRO_MEDIUM,
Man United,Tottenham,2026-10-10,away_goals_over_05,58.0,PRO_MEDIUM,
Maritimo,Porto,2026-10-10,home_goals_under_25,95.6,PRO_STRONG,
Maritimo,Porto,2026-10-10,home_win_and_under_25,92.9,PRO_STRONG,
Maritimo,Porto,2026-10-10,home_win_and_corners_under95,91.8,PRO_STRONG,
Maritimo,Porto,2026-10-10,home_win_and_under_15,91.1,PRO_STRONG,
Maritimo,Porto,2026-10-10,away_goals_over_05,88.9,PRO_STRONG,
Maritimo,Porto,2026-10-10,home_win_and_cards_under35,88.5,PRO_MEDIUM,
Maritimo,Porto,2026-10-10,dc_1x_and_under_25,87.8,PRO_STRONG,
Maritimo,Porto,2026-10-10,dc_x2,87.3,PRO_STRONG,1.1
Maritimo,Porto,2026-10-10,both_teams_carded,85.5,PRO_STRONG,
Maritimo,Porto,2026-10-10,home_goals_under_15,81.2,PRO_STRONG,
Maritimo,Porto,2026-10-10,dc_12,80.5,PRO_STRONG,1.18
Maritimo,Porto,2026-10-10,dc_1x_and_under_15,78.2,PRO_STRONG,
Maritimo,Porto,2026-10-10,away_win_either_half,77.1,PRO_STRONG,
Maritimo,Porto,2026-10-10,dc_x2_and_over_15,71.2,PRO_MEDIUM,
Maritimo,Porto,2026-10-10,away_win,67.7,PRO_MEDIUM,1.4
Maritimo,Porto,2026-10-10,away_goals_under_25,67.0,PRO_MEDIUM,
Maritimo,Porto,2026-10-10,away_win_and_cards_under35,64.3,PRO_MEDIUM,
Maritimo,Porto,2026-10-10,away_goals_over_15,63.0,PRO_MEDIUM,
Maritimo,Porto,2026-10-10,goals_over_25,57.4,PRO_MEDIUM,1.85
Maritimo,Porto,2026-10-10,away_win_and_over_15,56.6,PRO_MEDIUM,
Marseille,PSG,2026-09-20,away_win_and_under_25,83.1,PRO_STRONG,
Marseille,PSG,2026-09-20,home_goals_over_05,82.5,PRO_STRONG,
Marseille,PSG,2026-09-20,away_win_and_under_15,81.1,PRO_STRONG,
Marseille,PSG,2026-09-20,home_win_and_under_25,74.7,PRO_MEDIUM,
Marseille,PSG,2026-09-20,dc_12,71.5,PRO_MEDIUM,
Marseille,PSG,2026-09-20,away_goals_over_05,71.3,PRO_MEDIUM,
Marseille,PSG,2026-09-20,both_teams_carded,71.1,PRO_MEDIUM,
Marseille,PSG,2026-09-20,away_goals_under_15,68.7,PRO_MEDIUM,
Marseille,PSG,2026-09-20,dc_1x_and_under_25,62.4,PRO_MEDIUM,
Marseille,PSG,2026-09-20,home_win_and_under_15,62.1,PRO_MEDIUM,
Marseille,PSG,2026-09-20,home_win_either_half,59.3,PRO_MEDIUM,
Marseille,PSG,2026-09-20,cards_range_3_5,57.2,PRO_MEDIUM,
Marseille,PSG,2026-09-20,dc_1x_and_over_15,57.0,PRO_MEDIUM,
Marseille,PSG,2026-09-20,dc_x2_and_under_15,55.6,PRO_MEDIUM,
Mechelen,St Truiden,2026-10-11,home_goals_under_25,88.9,PRO_STRONG,
Mechelen,St Truiden,2026-10-11,home_win_and_corners_under95,85.1,PRO_STRONG,
Mechelen,St Truiden,2026-10-11,home_win_and_cards_under35,81.3,PRO_MEDIUM,
Mechelen,St Truiden,2026-10-11,away_win_and_cards_under35,81.0,PRO_STRONG,
Mechelen,St Truiden,2026-10-11,dc_12,79.9,PRO_STRONG,1.29
Mechelen,St Truiden,2026-10-11,home_win_and_under_25,79.0,PRO_STRONG,
Mechelen,St Truiden,2026-10-11,away_goals_over_05,78.8,PRO_STRONG,
Mechelen,St Truiden,2026-10-11,home_win_and_under_15,78.7,PRO_STRONG,
Mechelen,St Truiden,2026-10-11,away_goals_under_25,78.4,PRO_STRONG,
Mechelen,St Truiden,2026-10-11,home_goals_over_05,75.6,PRO_STRONG,
Mechelen,St Truiden,2026-10-11,dc_1x_and_under_25,74.4,PRO_MEDIUM,
Mechelen,St Truiden,2026-10-11,away_win_and_under_25,71.5,PRO_MEDIUM,
Mechelen,St Truiden,2026-10-11,both_teams_carded,71.5,PRO_MEDIUM,
Mechelen,St Truiden,2026-10-11,dc_x2,70.9,PRO_MEDIUM,1.36
Mechelen,St Truiden,2026-10-11,dc_x2_and_under_25,68.6,PRO_MEDIUM,
Mechelen,St Truiden,2026-10-11,home_goals_under_15,66.2,PRO_MEDIUM,
Mechelen,St Truiden,2026-10-11,away_win_and_under_15,65.4,PRO_MEDIUM,
Mechelen,St Truiden,2026-10-11,dc_1x_and_under_15,60.6,PRO_MEDIUM,
Mechelen,St Truiden,2026-10-11,btts,57.7,PRO_MEDIUM,1.5
Mechelen,St Truiden,2026-10-11,away_win_either_half,57.7,PRO_MEDIUM,
Mechelen,St Truiden,2026-10-11,away_goals_under_15,56.9,PRO_MEDIUM,
Mechelen,St Truiden,2026-10-11,dc_x2_and_over_15,55.5,PRO_MEDIUM,
Middlesbrough,Cardiff,2026-10-17,away_win_and_under_25,86.1,PRO_STRONG,
Middlesbrough,Cardiff,2026-10-17,home_goals_over_05,79.0,PRO_STRONG,
Middlesbrough,Cardiff,2026-10-17,away_win_and_under_15,77.8,PRO_STRONG,
Middlesbrough,Cardiff,2026-10-17,home_win_and_under_25,76.5,PRO_STRONG,
Middlesbrough,Cardiff,2026-10-17,dc_1x,75.9,PRO_STRONG,
Middlesbrough,Cardiff,2026-10-17,both_teams_carded,73.6,PRO_MEDIUM,
Middlesbrough,Cardiff,2026-10-17,away_goals_under_15,70.1,PRO_MEDIUM,
Middlesbrough,Cardiff,2026-10-17,home_win_and_under_15,69.8,PRO_MEDIUM,
Middlesbrough,Cardiff,2026-10-17,dc_12,67.4,PRO_MEDIUM,
Middlesbrough,Cardiff,2026-10-17,dc_1x_and_under_25,66.4,PRO_MEDIUM,
Middlesbrough,Cardiff,2026-10-17,home_win_either_half,61.8,PRO_MEDIUM,
Middlesbrough,Cardiff,2026-10-17,dc_12_and_under_25,60.7,PRO_MEDIUM,
Middlesbrough,Cardiff,2026-10-17,dc_x2,56.7,PRO_MEDIUM,
Middlesbrough,Cardiff,2026-10-17,booking_pts_over_35,56.4,PRO_MEDIUM,
Middlesbrough,Cardiff,2026-10-17,dc_x2_and_under_15,56.0,PRO_MEDIUM,
Middlesbrough,Cardiff,2026-10-17,home_goals_under_15,55.7,PRO_MEDIUM,
Middlesbrough,Cardiff,2026-10-17,dc_1x_and_over_15,55.1,PRO_MEDIUM,
Middlesbrough,Wolves,2026-10-10,away_goals_under_25,86.5,PRO_STRONG,
Middlesbrough,Wolves,2026-10-10,home_goals_under_25,84.1,PRO_STRONG,
Middlesbrough,Wolves,2026-10-10,away_win_and_cards_under35,83.4,PRO_STRONG,
Middlesbrough,Wolves,2026-10-10,away_win_and_under_25,83.3,PRO_STRONG,
Middlesbrough,Wolves,2026-10-10,home_goals_over_05,80.2,PRO_STRONG,
Middlesbrough,Wolves,2026-10-10,away_win_and_under_15,79.1,PRO_STRONG,
Middlesbrough,Wolves,2026-10-10,home_win_and_corners_under95,78.6,PRO_STRONG,
Middlesbrough,Wolves,2026-10-10,dc_x2_and_under_25,78.2,PRO_STRONG,
Middlesbrough,Wolves,2026-10-10,home_win_and_under_25,75.8,PRO_STRONG,
Middlesbrough,Wolves,2026-10-10,dc_12,75.4,PRO_STRONG,1.28
Middlesbrough,Wolves,2026-10-10,away_goals_over_05,70.0,PRO_MEDIUM,
Middlesbrough,Wolves,2026-10-10,both_teams_carded,69.4,PRO_MEDIUM,
Middlesbrough,Wolves,2026-10-10,dc_1x,69.0,PRO_MEDIUM,1.4
Middlesbrough,Wolves,2026-10-10,dc_1x_and_under_25,67.7,PRO_MEDIUM,
Middlesbrough,Wolves,2026-10-10,away_goals_under_15,67.6,PRO_MEDIUM,
Middlesbrough,Wolves,2026-10-10,home_win_and_under_15,67.3,PRO_MEDIUM,
Middlesbrough,Wolves,2026-10-10,dc_x2_and_under_15,58.8,PRO_MEDIUM,
Middlesbrough,Wolves,2026-10-10,dc_12_and_under_25,57.3,PRO_MEDIUM,
Middlesbrough,Wolves,2026-10-10,dc_1x_and_over_15,55.8,PRO_MEDIUM,
Middlesbrough,Wolves,2026-10-10,dc_x2,55.6,PRO_MEDIUM,1.67
Milan,Atalanta,2026-10-18,away_goals_under_25,91.6,PRO_STRONG,
Milan,Atalanta,2026-10-18,away_win_and_under_25,88.0,PRO_STRONG,
Milan,Atalanta,2026-10-18,both_teams_carded,87.3,PRO_STRONG,
Milan,Atalanta,2026-10-18,away_win_and_cards_under35,86.4,PRO_STRONG,
Milan,Atalanta,2026-10-18,away_win_and_under_15,84.3,PRO_STRONG,
Milan,Atalanta,2026-10-18,home_goals_over_05,83.9,PRO_STRONG,
Milan,Atalanta,2026-10-18,dc_1x,82.5,PRO_STRONG,
Milan,Atalanta,2026-10-18,dc_x2_and_under_25,81.2,PRO_STRONG,
Milan,Atalanta,2026-10-18,home_win_and_corners_under95,79.9,PRO_STRONG,
Milan,Atalanta,2026-10-18,home_goals_under_25,78.9,PRO_STRONG,
Milan,Atalanta,2026-10-18,booking_pts_over_35,74.7,PRO_MEDIUM,
Milan,Atalanta,2026-10-18,away_goals_under_15,73.7,PRO_MEDIUM,
Milan,Atalanta,2026-10-18,home_win_and_under_25,71.1,PRO_MEDIUM,
Milan,Atalanta,2026-10-18,dc_12,67.0,PRO_MEDIUM,
Milan,Atalanta,2026-10-18,home_win_either_half,66.4,PRO_MEDIUM,
Milan,Atalanta,2026-10-18,dc_1x_and_under_25,64.0,PRO_MEDIUM,
Milan,Atalanta,2026-10-18,dc_x2_and_under_15,63.8,PRO_MEDIUM,
Milan,Atalanta,2026-10-18,dc_1x_and_over_15,62.6,PRO_MEDIUM,
Milan,Atalanta,2026-10-18,away_goals_over_05,62.0,PRO_MEDIUM,
Milan,Atalanta,2026-10-18,dc_12_and_under_25,60.0,PRO_MEDIUM,
Milan,Atalanta,2026-10-18,home_win_and_under_15,56.7,PRO_MEDIUM,
Milan,Lecce,2026-09-20,both_teams_carded,89.2,PRO_STRONG,
Milan,Lecce,2026-09-20,away_win_and_under_25,83.5,PRO_STRONG,
Milan,Lecce,2026-09-20,away_win_and_under_15,80.2,PRO_STRONG,
Milan,Lecce,2026-09-20,booking_pts_over_35,78.5,PRO_STRONG,
Milan,Lecce,2026-09-20,home_goals_over_05,78.0,PRO_STRONG,
Milan,Lecce,2026-09-20,dc_1x,77.7,PRO_STRONG,
Milan,Lecce,2026-09-20,home_win_and_under_25,76.1,PRO_STRONG,
Milan,Lecce,2026-09-20,away_goals_over_05,72.0,PRO_MEDIUM,
Milan,Lecce,2026-09-20,away_goals_under_15,70.2,PRO_MEDIUM,
Milan,Lecce,2026-09-20,dc_1x_and_under_25,68.5,PRO_MEDIUM,
Milan,Lecce,2026-09-20,home_win_and_under_15,67.5,PRO_MEDIUM,
Milan,Lecce,2026-09-20,dc_12,66.2,PRO_MEDIUM,
Milan,Lecce,2026-09-20,dc_12_and_under_25,60.2,PRO_MEDIUM,
Milan,Lecce,2026-09-20,home_goals_under_15,59.4,PRO_MEDIUM,
Milan,Lecce,2026-09-20,home_win_either_half,58.9,PRO_MEDIUM,
Milan,Lecce,2026-09-20,dc_x2_and_under_15,58.5,PRO_MEDIUM,
Milan,Lecce,2026-09-20,dc_x2,56.1,PRO_MEDIUM,
Millwall,Swansea,2026-10-13,away_win_and_under_25,85.1,PRO_STRONG,
Millwall,Swansea,2026-10-13,home_goals_over_05,80.4,PRO_STRONG,
Millwall,Swansea,2026-10-13,away_win_and_under_15,79.6,PRO_STRONG,
Millwall,Swansea,2026-10-13,dc_1x,76.1,PRO_STRONG,
Millwall,Swansea,2026-10-13,both_teams_carded,75.2,PRO_STRONG,
Millwall,Swansea,2026-10-13,home_win_and_under_25,74.5,PRO_MEDIUM,
Millwall,Swansea,2026-10-13,away_goals_under_15,70.2,PRO_MEDIUM,
Millwall,Swansea,2026-10-13,away_goals_over_05,68.9,PRO_MEDIUM,
Millwall,Swansea,2026-10-13,dc_12,68.4,PRO_MEDIUM,
Millwall,Swansea,2026-10-13,dc_1x_and_under_25,68.1,PRO_MEDIUM,
Millwall,Swansea,2026-10-13,home_win_and_under_15,66.6,PRO_MEDIUM,
Millwall,Swansea,2026-10-13,home_win_either_half,59.6,PRO_MEDIUM,
Millwall,Swansea,2026-10-13,booking_pts_over_35,58.3,PRO_MEDIUM,
Millwall,Swansea,2026-10-13,dc_x2,55.5,PRO_MEDIUM,
Millwall,Swansea,2026-10-13,dc_12_and_under_25,55.5,PRO_MEDIUM,
Millwall,Swansea,2026-10-13,dc_1x_and_over_15,55.4,PRO_MEDIUM,
Monaco,Toulouse,2026-10-10,away_goals_under_25,93.7,PRO_STRONG,
Monaco,Toulouse,2026-10-10,away_win_and_cards_under35,91.0,PRO_STRONG,
Monaco,Toulouse,2026-10-10,away_win_and_under_25,90.1,PRO_STRONG,
Monaco,Toulouse,2026-10-10,home_goals_over_05,88.9,PRO_STRONG,
Monaco,Toulouse,2026-10-10,away_win_and_under_15,88.5,PRO_STRONG,
Monaco,Toulouse,2026-10-10,dc_1x,83.7,PRO_STRONG,1.18
Monaco,Toulouse,2026-10-10,dc_x2_and_under_25,83.3,PRO_STRONG,
Monaco,Toulouse,2026-10-10,dc_12,78.1,PRO_STRONG,1.25
Monaco,Toulouse,2026-10-10,home_win_and_corners_under95,76.7,PRO_STRONG,
Monaco,Toulouse,2026-10-10,away_goals_under_15,76.4,PRO_STRONG,
Monaco,Toulouse,2026-10-10,home_win_either_half,74.9,PRO_MEDIUM,
Monaco,Toulouse,2026-10-10,both_teams_carded,72.6,PRO_MEDIUM,
Monaco,Toulouse,2026-10-10,dc_1x_and_over_15,72.3,PRO_MEDIUM,
Monaco,Toulouse,2026-10-10,dc_x2_and_under_15,71.7,PRO_MEDIUM,
Monaco,Toulouse,2026-10-10,home_goals_under_25,69.2,PRO_MEDIUM,
Monaco,Toulouse,2026-10-10,away_goals_over_05,66.3,PRO_MEDIUM,
Monaco,Toulouse,2026-10-10,home_goals_over_15,65.1,PRO_MEDIUM,
Monaco,Toulouse,2026-10-10,home_win,61.8,PRO_MEDIUM,1.67
Monaco,Toulouse,2026-10-10,home_win_and_under_25,58.3,PRO_MEDIUM,
Monaco,Toulouse,2026-10-10,goals_over_25,56.4,PRO_MEDIUM,1.67
Monza,Cagliari,2026-10-19,home_goals_under_25,91.6,PRO_STRONG,
Monza,Cagliari,2026-10-19,away_goals_under_25,90.5,PRO_STRONG,
Monza,Cagliari,2026-10-19,both_teams_carded,87.3,PRO_STRONG,
Monza,Cagliari,2026-10-19,away_win_and_under_25,85.7,PRO_STRONG,
Monza,Cagliari,2026-10-19,home_win_and_under_25,85.4,PRO_STRONG,
Monza,Cagliari,2026-10-19,home_win_and_corners_under95,82.8,PRO_STRONG,
Monza,Cagliari,2026-10-19,dc_x2_and_under_25,81.5,PRO_STRONG,
Monza,Cagliari,2026-10-19,away_win_and_under_15,81.2,PRO_STRONG,
Monza,Cagliari,2026-10-19,dc_1x_and_under_25,80.9,PRO_STRONG,
Monza,Cagliari,2026-10-19,away_win_and_cards_under35,78.4,PRO_STRONG,
Monza,Cagliari,2026-10-19,home_win_and_under_15,78.0,PRO_STRONG,
Monza,Cagliari,2026-10-19,away_goals_under_15,76.3,PRO_STRONG,
Monza,Cagliari,2026-10-19,booking_pts_over_35,74.7,PRO_MEDIUM,
Monza,Cagliari,2026-10-19,dc_1x,69.9,PRO_MEDIUM,
Monza,Cagliari,2026-10-19,home_goals_under_15,69.9,PRO_MEDIUM,
Monza,Cagliari,2026-10-19,home_goals_over_05,68.6,PRO_MEDIUM,
Monza,Cagliari,2026-10-19,dc_12_and_under_25,68.3,PRO_MEDIUM,
Monza,Cagliari,2026-10-19,dc_12,66.0,PRO_MEDIUM,
Monza,Cagliari,2026-10-19,dc_x2,64.1,PRO_MEDIUM,
Monza,Cagliari,2026-10-19,away_goals_over_05,64.0,PRO_MEDIUM,
Monza,Cagliari,2026-10-19,goals_under_25,63.3,PRO_MEDIUM,1.8
Monza,Cagliari,2026-10-19,dc_x2_and_under_15,61.2,PRO_MEDIUM,
Monza,Cagliari,2026-10-19,cards_range_3_5,55.4,PRO_MEDIUM,
Moreirense,Gil Vicente,2026-10-09,home_goals_under_25,91.4,PRO_STRONG,
Moreirense,Gil Vicente,2026-10-09,home_win_and_under_25,88.5,PRO_STRONG,
Moreirense,Gil Vicente,2026-10-09,home_win_and_corners_under95,87.7,PRO_STRONG,
Moreirense,Gil Vicente,2026-10-09,away_goals_under_25,86.4,PRO_STRONG,
Moreirense,Gil Vicente,2026-10-09,home_win_and_under_15,84.3,PRO_STRONG,
Moreirense,Gil Vicente,2026-10-09,dc_1x_and_under_25,84.1,PRO_STRONG,
Moreirense,Gil Vicente,2026-10-09,home_win_and_cards_under35,81.0,PRO_MEDIUM,
Moreirense,Gil Vicente,2026-10-09,away_win_and_under_25,76.5,PRO_STRONG,
Moreirense,Gil Vicente,2026-10-09,home_goals_under_15,75.5,PRO_STRONG,
Moreirense,Gil Vicente,2026-10-09,dc_x2,75.4,PRO_STRONG,1.28
Moreirense,Gil Vicente,2026-10-09,dc_x2_and_under_25,73.9,PRO_MEDIUM,
Moreirense,Gil Vicente,2026-10-09,away_goals_over_05,71.7,PRO_MEDIUM,
Moreirense,Gil Vicente,2026-10-09,dc_12,70.1,PRO_MEDIUM,1.33
Moreirense,Gil Vicente,2026-10-09,away_win_and_cards_under35,68.0,PRO_MEDIUM,
Moreirense,Gil Vicente,2026-10-09,away_win_and_under_15,66.7,PRO_MEDIUM,
Moreirense,Gil Vicente,2026-10-09,dc_1x_and_under_15,64.7,PRO_MEDIUM,
Moreirense,Gil Vicente,2026-10-09,home_goals_over_05,63.8,PRO_MEDIUM,
Moreirense,Gil Vicente,2026-10-09,dc_12_and_under_25,63.0,PRO_MEDIUM,
Moreirense,Gil Vicente,2026-10-09,away_goals_under_15,61.3,PRO_MEDIUM,
Moreirense,Gil Vicente,2026-10-09,goals_under_25,59.9,PRO_MEDIUM,1.6
Moreirense,Gil Vicente,2026-10-09,away_win_either_half,59.6,PRO_MEDIUM,
Motherwell,Celtic,2026-10-11,home_goals_under_25,93.9,PRO_STRONG,
Motherwell,Celtic,2026-10-11,home_win_and_corners_under95,91.8,PRO_STRONG,
Motherwell,Celtic,2026-10-11,home_win_and_under_25,91.3,PRO_STRONG,
Motherwell,Celtic,2026-10-11,home_win_and_under_15,88.7,PRO_STRONG,
Motherwell,Celtic,2026-10-11,away_goals_over_05,88.1,PRO_STRONG,
Motherwell,Celtic,2026-10-11,home_win_and_cards_under35,87.0,PRO_MEDIUM,
Motherwell,Celtic,2026-10-11,dc_1x_and_under_25,83.0,PRO_STRONG,
Motherwell,Celtic,2026-10-11,dc_x2,82.7,PRO_STRONG,1.17
Motherwell,Celtic,2026-10-11,dc_12,81.9,PRO_STRONG,1.22
Motherwell,Celtic,2026-10-11,away_win_and_cards_under35,76.0,PRO_STRONG,
Motherwell,Celtic,2026-10-11,away_win_either_half,75.6,PRO_STRONG,
Motherwell,Celtic,2026-10-11,home_goals_under_15,73.2,PRO_MEDIUM,
Motherwell,Celtic,2026-10-11,dc_x2_and_over_15,70.3,PRO_MEDIUM,
Motherwell,Celtic,2026-10-11,both_teams_carded,69.1,PRO_MEDIUM,
Motherwell,Celtic,2026-10-11,dc_1x_and_under_15,69.1,PRO_MEDIUM,
Motherwell,Celtic,2026-10-11,away_goals_under_25,68.4,PRO_MEDIUM,
Motherwell,Celtic,2026-10-11,away_win,64.6,PRO_MEDIUM,1.55
Motherwell,Celtic,2026-10-11,goals_over_25,61.7,PRO_MEDIUM,1.44
Motherwell,Celtic,2026-10-11,home_goals_over_05,61.5,PRO_MEDIUM,
Motherwell,Celtic,2026-10-11,cards_range_3_5,60.0,PRO_MEDIUM,
Motherwell,Celtic,2026-10-11,away_win_and_under_25,59.3,PRO_MEDIUM,
Motherwell,Celtic,2026-10-11,away_goals_over_15,58.4,PRO_MEDIUM,
Motherwell,Celtic,2026-10-11,dc_12_and_over_25,56.6,PRO_MEDIUM,
Napoli,Frosinone,2026-10-10,away_goals_under_25,94.3,PRO_STRONG,
Napoli,Frosinone,2026-10-10,away_win_and_cards_under35,93.1,PRO_STRONG,
Napoli,Frosinone,2026-10-10,away_win_and_under_25,92.7,PRO_STRONG,
Napoli,Frosinone,2026-10-10,away_win_and_under_15,91.9,PRO_STRONG,
Napoli,Frosinone,2026-10-10,home_goals_over_05,91.5,PRO_STRONG,
Napoli,Frosinone,2026-10-10,dc_1x,90.9,PRO_STRONG,1.12
Napoli,Frosinone,2026-10-10,both_teams_carded,88.9,PRO_STRONG,
Napoli,Frosinone,2026-10-10,dc_x2_and_under_25,83.5,PRO_STRONG,
Napoli,Frosinone,2026-10-10,home_win_either_half,82.2,PRO_STRONG,
Napoli,Frosinone,2026-10-10,dc_1x_and_over_15,78.8,PRO_STRONG,
Napoli,Frosinone,2026-10-10,away_goals_under_15,78.7,PRO_STRONG,
Napoli,Frosinone,2026-10-10,dc_12,78.6,PRO_STRONG,1.2
Napoli,Frosinone,2026-10-10,booking_pts_over_35,75.7,PRO_STRONG,
Napoli,Frosinone,2026-10-10,dc_x2_and_under_15,74.0,PRO_MEDIUM,
Napoli,Frosinone,2026-10-10,home_goals_under_25,70.5,PRO_MEDIUM,
Napoli,Frosinone,2026-10-10,home_win,69.5,PRO_MEDIUM,1.44
Napoli,Frosinone,2026-10-10,home_goals_over_15,68.0,PRO_MEDIUM,
Napoli,Frosinone,2026-10-10,home_win_and_corners_under95,66.4,PRO_MEDIUM,
Napoli,Frosinone,2026-10-10,away_goals_over_05,64.3,PRO_MEDIUM,
Napoli,Frosinone,2026-10-10,goals_over_25,61.3,PRO_MEDIUM,1.53
Napoli,Frosinone,2026-10-10,home_win_and_over_15,58.5,PRO_MEDIUM,
Napoli,Frosinone,2026-10-10,home_win_and_under_25,58.3,PRO_MEDIUM,
Napoli,Frosinone,2026-10-10,btts,56.3,PRO_MEDIUM,1.7
Napoli,Frosinone,2026-10-10,home_win_2h,55.5,PRO_MEDIUM,
Newcastle,Aston Villa,2026-10-17,away_goals_under_25,86.9,PRO_STRONG,
Newcastle,Aston Villa,2026-10-17,away_win_and_under_25,84.9,PRO_STRONG,
Newcastle,Aston Villa,2026-10-17,home_win_and_corners_under95,82.5,PRO_STRONG,
Newcastle,Aston Villa,2026-10-17,away_win_and_under_15,81.4,PRO_STRONG,
Newcastle,Aston Villa,2026-10-17,home_goals_over_05,80.7,PRO_STRONG,
Newcastle,Aston Villa,2026-10-17,away_win_and_cards_under35,80.7,PRO_STRONG,
Newcastle,Aston Villa,2026-10-17,dc_x2_and_under_25,78.9,PRO_STRONG,
Newcastle,Aston Villa,2026-10-17,home_goals_under_25,78.4,PRO_STRONG,
Newcastle,Aston Villa,2026-10-17,both_teams_carded,77.7,PRO_STRONG,
Newcastle,Aston Villa,2026-10-17,home_win_and_under_25,74.7,PRO_MEDIUM,
Newcastle,Aston Villa,2026-10-17,dc_12,73.0,PRO_MEDIUM,1.28
Newcastle,Aston Villa,2026-10-17,away_goals_under_15,69.8,PRO_MEDIUM,
Newcastle,Aston Villa,2026-10-17,dc_1x_and_under_25,63.5,PRO_MEDIUM,
Newcastle,Aston Villa,2026-10-17,home_win_and_under_15,62.0,PRO_MEDIUM,
Newcastle,Aston Villa,2026-10-17,booking_pts_over_35,61.8,PRO_MEDIUM,
Newcastle,Aston Villa,2026-10-17,dc_x2_and_under_15,60.5,PRO_MEDIUM,
Newcastle,Aston Villa,2026-10-17,home_win_either_half,57.6,PRO_MEDIUM,
Newcastle,Aston Villa,2026-10-17,btts,56.2,PRO_MEDIUM,1.53
Newcastle,Aston Villa,2026-10-17,cards_range_3_5,55.7,PRO_MEDIUM,
Newcastle,Aston Villa,2026-10-17,dc_1x_and_over_15,55.5,PRO_MEDIUM,
Newcastle,Hull,2026-09-19,both_teams_carded,85.3,PRO_STRONG,
Newcastle,Hull,2026-09-19,away_win_and_under_25,84.7,PRO_STRONG,
Newcastle,Hull,2026-09-19,away_win_and_under_15,80.6,PRO_STRONG,
Newcastle,Hull,2026-09-19,home_goals_over_05,79.3,PRO_STRONG,
Newcastle,Hull,2026-09-19,dc_1x,76.3,PRO_STRONG,
Newcastle,Hull,2026-09-19,home_win_and_under_25,76.2,PRO_STRONG,
Newcastle,Hull,2026-09-19,away_goals_under_15,70.3,PRO_MEDIUM,
Newcastle,Hull,2026-09-19,home_win_and_under_15,69.6,PRO_MEDIUM,
Newcastle,Hull,2026-09-19,dc_12,68.7,PRO_MEDIUM,
Newcastle,Hull,2026-09-19,dc_1x_and_under_25,65.7,PRO_MEDIUM,
Newcastle,Hull,2026-09-19,home_win_either_half,60.7,PRO_MEDIUM,
Newcastle,Hull,2026-09-19,home_goals_under_15,58.6,PRO_MEDIUM,
Newcastle,Hull,2026-09-19,dc_x2_and_under_15,57.6,PRO_MEDIUM,
Newcastle,Hull,2026-09-19,dc_12_and_under_25,57.4,PRO_MEDIUM,
Newcastle,Hull,2026-09-19,dc_1x_and_over_15,56.0,PRO_MEDIUM,
Newcastle,Hull,2026-09-19,booking_pts_over_45,55.4,PRO_MEDIUM,
Newcastle,Hull,2026-09-19,dc_x2,55.1,PRO_MEDIUM,
Nice,Lille,2026-09-20,away_win_and_under_25,83.0,PRO_STRONG,
Nice,Lille,2026-09-20,away_win_and_under_15,81.2,PRO_STRONG,
Nice,Lille,2026-09-20,home_goals_over_05,80.8,PRO_STRONG,
Nice,Lille,2026-09-20,home_win_and_under_25,78.2,PRO_STRONG,
Nice,Lille,2026-09-20,both_teams_carded,72.1,PRO_MEDIUM,
Nice,Lille,2026-09-20,dc_1x_and_under_25,72.1,PRO_MEDIUM,
Nice,Lille,2026-09-20,dc_12,71.6,PRO_MEDIUM,
Nice,Lille,2026-09-20,away_goals_under_15,70.4,PRO_MEDIUM,
Nice,Lille,2026-09-20,home_win_and_under_15,67.0,PRO_MEDIUM,
Nice,Lille,2026-09-20,home_goals_under_15,60.6,PRO_MEDIUM,
Nice,Lille,2026-09-20,home_win_either_half,60.5,PRO_MEDIUM,
Nice,Lille,2026-09-20,dc_12_and_under_25,60.0,PRO_MEDIUM,
Nice,Lille,2026-09-20,cards_range_3_5,57.5,PRO_MEDIUM,
Nice,Lille,2026-09-20,dc_x2_and_under_15,55.9,PRO_MEDIUM,
Nice,Strasbourg,2026-10-11,home_goals_under_25,87.6,PRO_STRONG,
Nice,Strasbourg,2026-10-11,away_goals_under_25,87.2,PRO_STRONG,
Nice,Strasbourg,2026-10-11,away_win_and_cards_under35,85.0,PRO_STRONG,
Nice,Strasbourg,2026-10-11,away_win_and_under_25,81.1,PRO_STRONG,
Nice,Strasbourg,2026-10-11,home_goals_over_05,80.2,PRO_STRONG,
Nice,Strasbourg,2026-10-11,home_win_and_corners_under95,78.6,PRO_STRONG,
Nice,Strasbourg,2026-10-11,home_win_and_under_25,77.8,PRO_STRONG,
Nice,Strasbourg,2026-10-11,away_win_and_under_15,77.8,PRO_STRONG,
Nice,Strasbourg,2026-10-11,dc_x2_and_under_25,74.7,PRO_MEDIUM,
Nice,Strasbourg,2026-10-11,dc_1x_and_under_25,73.7,PRO_MEDIUM,
Nice,Strasbourg,2026-10-11,home_win_and_under_15,73.7,PRO_MEDIUM,
Nice,Strasbourg,2026-10-11,both_teams_carded,72.1,PRO_MEDIUM,
Nice,Strasbourg,2026-10-11,dc_12,71.5,PRO_MEDIUM,1.3
Nice,Strasbourg,2026-10-11,away_goals_over_05,70.4,PRO_MEDIUM,
Nice,Strasbourg,2026-10-11,dc_1x,69.1,PRO_MEDIUM,1.4
Nice,Strasbourg,2026-10-11,away_goals_under_15,67.6,PRO_MEDIUM,
Nice,Strasbourg,2026-10-11,home_goals_under_15,62.4,PRO_MEDIUM,
Nice,Strasbourg,2026-10-11,dc_x2,59.5,PRO_MEDIUM,1.62
Nice,Strasbourg,2026-10-11,cards_range_3_5,57.5,PRO_MEDIUM,
Nice,Strasbourg,2026-10-11,dc_12_and_under_25,56.0,PRO_MEDIUM,
Nijmegen,For Sittard,2026-10-18,away_goals_under_25,93.8,PRO_STRONG,
Nijmegen,For Sittard,2026-10-18,away_win_and_under_25,93.3,PRO_STRONG,
Nijmegen,For Sittard,2026-10-18,away_win_and_cards_under35,92.9,PRO_STRONG,
Nijmegen,For Sittard,2026-10-18,away_win_and_under_15,91.6,PRO_STRONG,
Nijmegen,For Sittard,2026-10-18,home_goals_over_05,88.6,PRO_STRONG,
Nijmegen,For Sittard,2026-10-18,dc_x2_and_under_25,86.2,PRO_STRONG,
Nijmegen,For Sittard,2026-10-18,dc_1x,84.2,PRO_STRONG,1.12
Nijmegen,For Sittard,2026-10-18,dc_12,82.2,PRO_STRONG,1.18
Nijmegen,For Sittard,2026-10-18,home_win_either_half,77.2,PRO_STRONG,
Nijmegen,For Sittard,2026-10-18,dc_x2_and_under_15,74.0,PRO_MEDIUM,
Nijmegen,For Sittard,2026-10-18,away_goals_under_15,73.6,PRO_MEDIUM,
Nijmegen,For Sittard,2026-10-18,both_teams_carded,71.5,PRO_MEDIUM,
Nijmegen,For Sittard,2026-10-18,dc_1x_and_over_15,71.2,PRO_MEDIUM,
Nijmegen,For Sittard,2026-10-18,home_win_and_corners_under95,67.5,PRO_MEDIUM,
Nijmegen,For Sittard,2026-10-18,home_win,66.4,PRO_MEDIUM,1.42
Nijmegen,For Sittard,2026-10-18,away_goals_over_05,66.1,PRO_MEDIUM,
Nijmegen,For Sittard,2026-10-18,home_goals_over_15,63.2,PRO_MEDIUM,
Nijmegen,For Sittard,2026-10-18,home_goals_under_25,62.0,PRO_MEDIUM,
Nijmegen,For Sittard,2026-10-18,home_win_and_over_15,60.6,PRO_MEDIUM,
Nijmegen,For Sittard,2026-10-18,goals_over_25,60.3,PRO_MEDIUM,1.33
Nijmegen,For Sittard,2026-10-18,btts,57.6,PRO_MEDIUM,1.44
Nijmegen,For Sittard,2026-10-18,dc_12_and_over_25,57.3,PRO_MEDIUM,
Nijmegen,For Sittard,2026-10-18,home_win_and_under_25,56.4,PRO_MEDIUM,
Nijmegen,Go Ahead Eagles,2026-09-20,away_win_and_under_25,85.6,PRO_STRONG,
Nijmegen,Go Ahead Eagles,2026-09-20,home_goals_over_05,81.9,PRO_STRONG,
Nijmegen,Go Ahead Eagles,2026-09-20,away_win_and_under_15,79.4,PRO_STRONG,
Nijmegen,Go Ahead Eagles,2026-09-20,dc_1x,77.2,PRO_STRONG,
Nijmegen,Go Ahead Eagles,2026-09-20,home_win_and_under_25,76.1,PRO_STRONG,
Nijmegen,Go Ahead Eagles,2026-09-20,away_goals_over_05,71.5,PRO_MEDIUM,
Nijmegen,Go Ahead Eagles,2026-09-20,both_teams_carded,69.4,PRO_MEDIUM,
Nijmegen,Go Ahead Eagles,2026-09-20,home_win_and_under_15,67.9,PRO_MEDIUM,
Nijmegen,Go Ahead Eagles,2026-09-20,dc_1x_and_under_25,67.5,PRO_MEDIUM,
Nijmegen,Go Ahead Eagles,2026-09-20,dc_12,67.0,PRO_MEDIUM,
Nijmegen,Go Ahead Eagles,2026-09-20,away_goals_under_15,65.6,PRO_MEDIUM,
Nijmegen,Go Ahead Eagles,2026-09-20,home_win_either_half,60.8,PRO_MEDIUM,
Nijmegen,Go Ahead Eagles,2026-09-20,dc_12_and_under_25,58.8,PRO_MEDIUM,
Nijmegen,Go Ahead Eagles,2026-09-20,cards_range_3_5,57.5,PRO_MEDIUM,
Nijmegen,Go Ahead Eagles,2026-09-20,dc_1x_and_over_15,56.3,PRO_MEDIUM,
Nijmegen,Go Ahead Eagles,2026-09-20,btts,56.0,PRO_MEDIUM,
Nijmegen,Go Ahead Eagles,2026-09-20,dc_x2,55.7,PRO_MEDIUM,
Nijmegen,Go Ahead Eagles,2026-09-20,home_goals_under_15,55.6,PRO_MEDIUM,
Norwich,Bolton,2026-09-20,away_win_and_under_25,83.3,PRO_STRONG,
Norwich,Bolton,2026-09-20,away_win_and_under_15,80.0,PRO_STRONG,
Norwich,Bolton,2026-09-20,home_goals_over_05,79.0,PRO_STRONG,
Norwich,Bolton,2026-09-20,dc_1x,76.5,PRO_STRONG,
Norwich,Bolton,2026-09-20,home_win_and_under_25,74.5,PRO_MEDIUM,
Norwich,Bolton,2026-09-20,both_teams_carded,72.0,PRO_MEDIUM,
Norwich,Bolton,2026-09-20,home_win_and_under_15,69.3,PRO_MEDIUM,
Norwich,Bolton,2026-09-20,away_goals_under_15,68.5,PRO_MEDIUM,
Norwich,Bolton,2026-09-20,dc_12,66.4,PRO_MEDIUM,
Norwich,Bolton,2026-09-20,away_goals_over_05,65.8,PRO_MEDIUM,
Norwich,Bolton,2026-09-20,dc_1x_and_under_25,63.1,PRO_MEDIUM,
Norwich,Bolton,2026-09-20,home_win_either_half,62.1,PRO_MEDIUM,
Norwich,Bolton,2026-09-20,dc_1x_and_over_15,57.5,PRO_MEDIUM,
Norwich,Bolton,2026-09-20,dc_x2,57.1,PRO_MEDIUM,
Norwich,Bolton,2026-09-20,dc_12_and_under_25,56.1,PRO_MEDIUM,
Norwich,Bolton,2026-09-20,dc_x2_and_under_15,55.5,PRO_MEDIUM,
Norwich,Southampton,2026-10-14,away_win_and_under_25,82.0,PRO_STRONG,
Norwich,Southampton,2026-10-14,both_teams_carded,79.5,PRO_STRONG,
Norwich,Southampton,2026-10-14,home_goals_over_05,79.1,PRO_STRONG,
Norwich,Southampton,2026-10-14,away_win_and_under_15,77.3,PRO_STRONG,
Norwich,Southampton,2026-10-14,dc_12,74.0,PRO_MEDIUM,
Norwich,Southampton,2026-10-14,home_win_and_under_25,72.6,PRO_MEDIUM,
Norwich,Southampton,2026-10-14,away_goals_over_05,70.4,PRO_MEDIUM,
Norwich,Southampton,2026-10-14,away_goals_under_15,67.4,PRO_MEDIUM,
Norwich,Southampton,2026-10-14,dc_1x_and_under_25,64.3,PRO_MEDIUM,
Norwich,Southampton,2026-10-14,home_win_and_under_15,63.3,PRO_MEDIUM,
Norwich,Southampton,2026-10-14,booking_pts_over_35,59.0,PRO_MEDIUM,
Norwich,Southampton,2026-10-14,home_win_either_half,58.7,PRO_MEDIUM,
Norwich,Southampton,2026-10-14,dc_1x_and_over_15,55.8,PRO_MEDIUM,
Norwich,Southampton,2026-10-14,dc_12_and_under_25,55.4,PRO_MEDIUM,
Norwich,Southampton,2026-10-14,dc_x2_and_under_15,55.1,PRO_MEDIUM,
Nottingham,Arsenal,2026-10-18,home_goals_under_25,95.0,PRO_STRONG,
Nottingham,Arsenal,2026-10-18,home_win_and_corners_under95,91.8,PRO_STRONG,
Nottingham,Arsenal,2026-10-18,home_win_and_under_25,88.9,PRO_STRONG,
Nottingham,Arsenal,2026-10-18,home_win_and_under_15,87.6,PRO_STRONG,
Nottingham,Arsenal,2026-10-18,home_win_and_cards_under35,87.0,PRO_MEDIUM,
Nottingham,Arsenal,2026-10-18,away_goals_over_05,86.7,PRO_STRONG,
Nottingham,Arsenal,2026-10-18,dc_1x_and_under_25,83.7,PRO_STRONG,
Nottingham,Arsenal,2026-10-18,dc_x2,81.9,PRO_STRONG,1.17
Nottingham,Arsenal,2026-10-18,away_win_and_cards_under35,79.5,PRO_STRONG,
Nottingham,Arsenal,2026-10-18,home_goals_under_15,78.5,PRO_STRONG,
Nottingham,Arsenal,2026-10-18,dc_12,77.3,PRO_STRONG,1.22
Nottingham,Arsenal,2026-10-18,away_win_either_half,74.3,PRO_MEDIUM,
Nottingham,Arsenal,2026-10-18,both_teams_carded,71.2,PRO_MEDIUM,
Nottingham,Arsenal,2026-10-18,away_goals_under_25,71.2,PRO_MEDIUM,
Nottingham,Arsenal,2026-10-18,dc_1x_and_under_15,70.0,PRO_MEDIUM,
Nottingham,Arsenal,2026-10-18,dc_x2_and_over_15,67.9,PRO_MEDIUM,
Nottingham,Arsenal,2026-10-18,home_goals_over_05,63.6,PRO_MEDIUM,
Nottingham,Arsenal,2026-10-18,away_win_and_under_25,60.9,PRO_MEDIUM,
Nottingham,Arsenal,2026-10-18,away_win,59.2,PRO_MEDIUM,1.57
Nottingham,Arsenal,2026-10-18,cards_range_3_5,57.2,PRO_MEDIUM,
Nottingham,Arsenal,2026-10-18,away_goals_over_15,57.0,PRO_MEDIUM,
Ofi Crete,Asteras Tripolis,2026-09-20,both_teams_carded,85.9,PRO_STRONG,
Ofi Crete,Asteras Tripolis,2026-09-20,away_win_and_under_25,85.6,PRO_STRONG,
Ofi Crete,Asteras Tripolis,2026-09-20,away_win_and_under_15,81.1,PRO_STRONG,
Ofi Crete,Asteras Tripolis,2026-09-20,home_win_and_under_25,76.2,PRO_STRONG,
Ofi Crete,Asteras Tripolis,2026-09-20,home_goals_over_05,75.8,PRO_STRONG,
Ofi Crete,Asteras Tripolis,2026-09-20,booking_pts_over_35,74.3,PRO_MEDIUM,
Ofi Crete,Asteras Tripolis,2026-09-20,away_goals_under_15,71.2,PRO_MEDIUM,
Ofi Crete,Asteras Tripolis,2026-09-20,home_win_and_under_15,68.5,PRO_MEDIUM,
Ofi Crete,Asteras Tripolis,2026-09-20,dc_1x_and_under_25,68.3,PRO_MEDIUM,
Ofi Crete,Asteras Tripolis,2026-09-20,dc_12,67.9,PRO_MEDIUM,
Ofi Crete,Asteras Tripolis,2026-09-20,away_goals_over_05,64.1,PRO_MEDIUM,
Ofi Crete,Asteras Tripolis,2026-09-20,home_win_either_half,59.6,PRO_MEDIUM,
Ofi Crete,Asteras Tripolis,2026-09-20,dc_x2,58.5,PRO_MEDIUM,
Ofi Crete,Asteras Tripolis,2026-09-20,dc_12_and_under_25,57.8,PRO_MEDIUM,
Ofi Crete,Asteras Tripolis,2026-09-20,home_goals_under_15,56.9,PRO_MEDIUM,
Olympiakos,Panathinaikos,2026-10-11,away_goals_under_25,92.0,PRO_STRONG,
Olympiakos,Panathinaikos,2026-10-11,home_goals_under_25,89.7,PRO_STRONG,
Olympiakos,Panathinaikos,2026-10-11,home_win_and_corners_under95,84.5,PRO_STRONG,
Olympiakos,Panathinaikos,2026-10-11,away_win_and_under_25,83.9,PRO_STRONG,
Olympiakos,Panathinaikos,2026-10-11,away_win_and_cards_under35,83.6,PRO_STRONG,
Olympiakos,Panathinaikos,2026-10-11,dc_x2_and_under_25,83.2,PRO_STRONG,
Olympiakos,Panathinaikos,2026-10-11,home_win_and_under_25,80.6,PRO_STRONG,
Olympiakos,Panathinaikos,2026-10-11,away_win_and_under_15,79.4,PRO_STRONG,
Olympiakos,Panathinaikos,2026-10-11,both_teams_carded,78.7,PRO_STRONG,
Olympiakos,Panathinaikos,2026-10-11,dc_1x_and_under_25,76.4,PRO_STRONG,
Olympiakos,Panathinaikos,2026-10-11,home_goals_over_05,74.9,PRO_MEDIUM,
Olympiakos,Panathinaikos,2026-10-11,away_goals_under_15,73.7,PRO_MEDIUM,
Olympiakos,Panathinaikos,2026-10-11,dc_12,73.3,PRO_MEDIUM,1.36
Olympiakos,Panathinaikos,2026-10-11,dc_1x,69.0,PRO_MEDIUM,1.33
Olympiakos,Panathinaikos,2026-10-11,home_win_and_under_15,69.0,PRO_MEDIUM,
Olympiakos,Panathinaikos,2026-10-11,away_goals_over_05,65.6,PRO_MEDIUM,
Olympiakos,Panathinaikos,2026-10-11,dc_12_and_under_25,65.3,PRO_MEDIUM,
Olympiakos,Panathinaikos,2026-10-11,home_goals_under_15,65.2,PRO_MEDIUM,
Olympiakos,Panathinaikos,2026-10-11,booking_pts_over_35,63.9,PRO_MEDIUM,
Olympiakos,Panathinaikos,2026-10-11,dc_x2_and_under_15,63.8,PRO_MEDIUM,
Olympiakos,Panathinaikos,2026-10-11,goals_under_25,61.8,PRO_MEDIUM,1.7
Olympiakos,Panathinaikos,2026-10-11,dc_x2,57.7,PRO_MEDIUM,1.67
Osasuna,Racing Santander,2026-10-18,away_goals_under_25,92.4,PRO_STRONG,
Osasuna,Racing Santander,2026-10-18,away_win_and_under_25,89.3,PRO_STRONG,
Osasuna,Racing Santander,2026-10-18,away_win_and_under_15,86.6,PRO_STRONG,
Osasuna,Racing Santander,2026-10-18,away_win_and_cards_under35,85.1,PRO_STRONG,
Osasuna,Racing Santander,2026-10-18,dc_x2_and_under_25,81.9,PRO_STRONG,
Osasuna,Racing Santander,2026-10-18,home_goals_under_25,81.4,PRO_STRONG,
Osasuna,Racing Santander,2026-10-18,home_goals_over_05,81.3,PRO_STRONG,
Osasuna,Racing Santander,2026-10-18,home_win_and_corners_under95,80.4,PRO_STRONG,
Osasuna,Racing Santander,2026-10-18,dc_1x,76.2,PRO_STRONG,1.22
Osasuna,Racing Santander,2026-10-18,dc_12,75.8,PRO_STRONG,1.28
Osasuna,Racing Santander,2026-10-18,away_goals_under_15,72.4,PRO_MEDIUM,
Osasuna,Racing Santander,2026-10-18,home_win_either_half,67.7,PRO_MEDIUM,
Osasuna,Racing Santander,2026-10-18,home_win_and_under_25,67.6,PRO_MEDIUM,
Osasuna,Racing Santander,2026-10-18,dc_x2_and_under_15,66.9,PRO_MEDIUM,
Osasuna,Racing Santander,2026-10-18,away_goals_over_05,65.0,PRO_MEDIUM,
Osasuna,Racing Santander,2026-10-18,dc_1x_and_over_15,62.3,PRO_MEDIUM,
Osasuna,Racing Santander,2026-10-18,home_win_and_under_15,58.4,PRO_MEDIUM,
Osasuna,Racing Santander,2026-10-18,dc_12_and_under_25,57.1,PRO_MEDIUM,
Osasuna,Racing Santander,2026-10-18,home_goals_over_15,56.5,PRO_MEDIUM,
Osasuna,Racing Santander,2026-10-18,dc_1x_and_under_25,56.1,PRO_MEDIUM,
PAOK,Iraklis,2026-10-18,away_goals_under_25,96.8,PRO_STRONG,
PAOK,Iraklis,2026-10-18,away_win_and_under_15,96.1,PRO_STRONG,
PAOK,Iraklis,2026-10-18,away_win_and_under_25,95.9,PRO_STRONG,
PAOK,Iraklis,2026-10-18,away_win_and_cards_under35,95.7,PRO_STRONG,
PAOK,Iraklis,2026-10-18,home_goals_over_05,93.7,PRO_STRONG,
PAOK,Iraklis,2026-10-18,dc_1x,93.2,PRO_STRONG,1.05
PAOK,Iraklis,2026-10-18,dc_x2_and_under_25,91.5,PRO_STRONG,
PAOK,Iraklis,2026-10-18,home_win_either_half,88.6,PRO_STRONG,
PAOK,Iraklis,2026-10-18,away_goals_under_15,87.1,PRO_STRONG,
PAOK,Iraklis,2026-10-18,dc_12,86.8,PRO_STRONG,1.17
PAOK,Iraklis,2026-10-18,dc_x2_and_under_15,86.5,PRO_STRONG,
PAOK,Iraklis,2026-10-18,home_win,80.0,PRO_STRONG,1.25
PAOK,Iraklis,2026-10-18,both_teams_carded,77.8,PRO_STRONG,
PAOK,Iraklis,2026-10-18,dc_1x_and_over_15,77.6,PRO_STRONG,
PAOK,Iraklis,2026-10-18,home_win_and_corners_under95,74.1,PRO_MEDIUM,
PAOK,Iraklis,2026-10-18,home_goals_over_15,71.4,PRO_MEDIUM,
PAOK,Iraklis,2026-10-18,home_win_2h,64.1,PRO_MEDIUM,
PAOK,Iraklis,2026-10-18,home_win_and_over_15,63.7,PRO_MEDIUM,
PAOK,Iraklis,2026-10-18,booking_pts_over_35,63.0,PRO_MEDIUM,
PAOK,Iraklis,2026-10-18,home_goals_under_25,59.6,PRO_MEDIUM,
PAOK,Iraklis,2026-10-18,home_win_1h,58.2,PRO_MEDIUM,
PAOK,Iraklis,2026-10-18,dc_1x_and_over_25,56.5,PRO_MEDIUM,
PAOK,Iraklis,2026-10-18,goals_over_25,56.3,PRO_MEDIUM,1.65
PAOK,Iraklis,2026-10-18,away_goals_under_05,55.3,PRO_MEDIUM,
PAOK,Kalamata,2026-10-12,away_win_and_under_25,96.1,PRO_STRONG,
PAOK,Kalamata,2026-10-12,away_goals_under_25,96.1,PRO_STRONG,
PAOK,Kalamata,2026-10-12,away_win_and_under_15,95.9,PRO_STRONG,
PAOK,Kalamata,2026-10-12,away_win_and_cards_under35,95.7,PRO_STRONG,
PAOK,Kalamata,2026-10-12,home_goals_over_05,94.1,PRO_STRONG,
PAOK,Kalamata,2026-10-12,dc_x2_and_under_25,94.0,PRO_STRONG,
PAOK,Kalamata,2026-10-12,dc_1x,93.4,PRO_STRONG,1.05
PAOK,Kalamata,2026-10-12,dc_x2_and_under_15,89.1,PRO_STRONG,
PAOK,Kalamata,2026-10-12,home_win_either_half,87.0,PRO_STRONG,
PAOK,Kalamata,2026-10-12,dc_12,86.6,PRO_STRONG,1.12
PAOK,Kalamata,2026-10-12,away_goals_under_15,86.3,PRO_STRONG,
PAOK,Kalamata,2026-10-12,dc_1x_and_over_15,80.0,PRO_STRONG,
PAOK,Kalamata,2026-10-12,home_win,80.0,PRO_STRONG,1.18
PAOK,Kalamata,2026-10-12,both_teams_carded,79.2,PRO_STRONG,
PAOK,Kalamata,2026-10-12,home_goals_over_15,75.9,PRO_STRONG,
PAOK,Kalamata,2026-10-12,home_win_and_corners_under95,74.1,PRO_MEDIUM,
PAOK,Kalamata,2026-10-12,home_win_and_over_15,71.7,PRO_MEDIUM,
PAOK,Kalamata,2026-10-12,booking_pts_over_35,63.0,PRO_MEDIUM,
PAOK,Kalamata,2026-10-12,home_win_2h,61.9,PRO_MEDIUM,
PAOK,Kalamata,2026-10-12,home_win_1h,60.8,PRO_MEDIUM,
PAOK,Kalamata,2026-10-12,dc_1x_and_over_25,60.7,PRO_MEDIUM,
PAOK,Kalamata,2026-10-12,home_win_and_over_25,60.0,PRO_MEDIUM,
PAOK,Kalamata,2026-10-12,goals_over_25,59.7,PRO_MEDIUM,1.53
PAOK,Kalamata,2026-10-12,dc_12_and_over_25,59.6,PRO_MEDIUM,
PAOK,Kalamata,2026-10-12,away_goals_under_05,55.7,PRO_MEDIUM,
PSG,Le Mans,2026-10-10,away_win_and_cards_under35,95.9,PRO_STRONG,
PSG,Le Mans,2026-10-10,away_goals_under_25,95.7,PRO_STRONG,
PSG,Le Mans,2026-10-10,away_win_and_under_25,94.7,PRO_STRONG,
PSG,Le Mans,2026-10-10,home_goals_over_05,94.6,PRO_STRONG,
PSG,Le Mans,2026-10-10,away_win_and_under_15,94.5,PRO_STRONG,
PSG,Le Mans,2026-10-10,dc_x2_and_under_25,92.3,PRO_STRONG,
PSG,Le Mans,2026-10-10,dc_1x,91.8,PRO_STRONG,1.01
PSG,Le Mans,2026-10-10,dc_12,91.5,PRO_STRONG,1.05
PSG,Le Mans,2026-10-10,dc_x2_and_under_15,88.0,PRO_STRONG,
PSG,Le Mans,2026-10-10,home_win_either_half,86.7,PRO_STRONG,
PSG,Le Mans,2026-10-10,home_win,83.3,PRO_STRONG,1.07
PSG,Le Mans,2026-10-10,dc_1x_and_over_15,83.2,PRO_STRONG,
PSG,Le Mans,2026-10-10,home_goals_over_15,78.7,PRO_STRONG,
PSG,Le Mans,2026-10-10,away_goals_under_15,78.0,PRO_STRONG,
PSG,Le Mans,2026-10-10,home_win_and_over_15,75.0,PRO_STRONG,
PSG,Le Mans,2026-10-10,both_teams_carded,71.4,PRO_MEDIUM,
PSG,Le Mans,2026-10-10,home_win_2h,68.5,PRO_MEDIUM,
PSG,Le Mans,2026-10-10,goals_over_25,68.1,PRO_MEDIUM,1.22
PSG,Le Mans,2026-10-10,home_win_and_corners_under95,67.0,PRO_MEDIUM,
PSG,Le Mans,2026-10-10,dc_12_and_over_25,66.8,PRO_MEDIUM,
PSG,Le Mans,2026-10-10,dc_1x_and_over_25,66.3,PRO_MEDIUM,
PSG,Le Mans,2026-10-10,home_win_and_over_25,64.7,PRO_MEDIUM,
PSG,Le Mans,2026-10-10,home_win_1h,63.0,PRO_MEDIUM,
PSG,Le Mans,2026-10-10,home_score_both_halves,60.5,PRO_MEDIUM,
PSG,Le Mans,2026-10-10,home_goals_over_25,59.1,PRO_MEDIUM,
PSG,Le Mans,2026-10-10,cards_range_3_5,56.5,PRO_MEDIUM,
PSV,Heerenveen,2026-10-09,away_win_and_cards_under35,95.9,PRO_STRONG,
PSV,Heerenveen,2026-10-09,home_goals_over_05,94.3,PRO_STRONG,
PSV,Heerenveen,2026-10-09,away_win_and_under_25,94.0,PRO_STRONG,
PSV,Heerenveen,2026-10-09,away_goals_under_25,92.7,PRO_STRONG,
PSV,Heerenveen,2026-10-09,away_win_and_under_15,92.4,PRO_STRONG,
PSV,Heerenveen,2026-10-09,dc_1x,91.1,PRO_STRONG,1.07
PSV,Heerenveen,2026-10-09,dc_12,88.8,PRO_STRONG,1.11
PSV,Heerenveen,2026-10-09,dc_x2_and_under_25,88.2,PRO_STRONG,
PSV,Heerenveen,2026-10-09,home_win_either_half,87.2,PRO_STRONG,
PSV,Heerenveen,2026-10-09,dc_1x_and_over_15,82.6,PRO_STRONG,
PSV,Heerenveen,2026-10-09,home_win,79.9,PRO_STRONG,1.22
PSV,Heerenveen,2026-10-09,dc_x2_and_under_15,79.8,PRO_STRONG,
PSV,Heerenveen,2026-10-09,home_goals_over_15,76.9,PRO_STRONG,
PSV,Heerenveen,2026-10-09,away_goals_under_15,76.6,PRO_STRONG,
PSV,Heerenveen,2026-10-09,home_win_and_over_15,71.2,PRO_MEDIUM,
PSV,Heerenveen,2026-10-09,goals_over_25,69.8,PRO_MEDIUM,1.17
PSV,Heerenveen,2026-10-09,both_teams_carded,69.4,PRO_MEDIUM,
PSV,Heerenveen,2026-10-09,home_win_and_corners_under95,67.0,PRO_MEDIUM,
PSV,Heerenveen,2026-10-09,dc_12_and_over_25,64.1,PRO_MEDIUM,
PSV,Heerenveen,2026-10-09,dc_1x_and_over_25,62.9,PRO_MEDIUM,
PSV,Heerenveen,2026-10-09,home_win_1h,62.2,PRO_MEDIUM,
PSV,Heerenveen,2026-10-09,home_win_2h,60.9,PRO_MEDIUM,
PSV,Heerenveen,2026-10-09,home_score_both_halves,59.4,PRO_MEDIUM,
PSV,Heerenveen,2026-10-09,home_win_and_over_25,57.5,PRO_MEDIUM,
PSV,Heerenveen,2026-10-09,away_goals_over_05,55.0,PRO_MEDIUM,
Paderborn,Hoffenheim,2026-09-20,away_win_and_under_25,83.6,PRO_STRONG,
Paderborn,Hoffenheim,2026-09-20,both_teams_carded,79.2,PRO_STRONG,
Paderborn,Hoffenheim,2026-09-20,home_goals_over_05,77.7,PRO_STRONG,
Paderborn,Hoffenheim,2026-09-20,away_win_and_under_15,76.0,PRO_STRONG,
Paderborn,Hoffenheim,2026-09-20,home_win_and_under_25,75.3,PRO_STRONG,
Paderborn,Hoffenheim,2026-09-20,away_goals_over_05,71.9,PRO_MEDIUM,
Paderborn,Hoffenheim,2026-09-20,dc_12,71.4,PRO_MEDIUM,
Paderborn,Hoffenheim,2026-09-20,away_goals_under_15,66.3,PRO_MEDIUM,
Paderborn,Hoffenheim,2026-09-20,home_win_and_under_15,64.5,PRO_MEDIUM,
Paderborn,Hoffenheim,2026-09-20,dc_1x_and_under_25,64.4,PRO_MEDIUM,
Paderborn,Hoffenheim,2026-09-20,home_win_either_half,61.7,PRO_MEDIUM,
Paderborn,Hoffenheim,2026-09-20,booking_pts_over_35,61.1,PRO_MEDIUM,
Paderborn,Hoffenheim,2026-09-20,dc_x2_and_under_15,56.0,PRO_MEDIUM,
Paderborn,Hoffenheim,2026-09-20,btts,55.9,PRO_MEDIUM,
Paderborn,Stuttgart,2026-10-10,home_goals_under_25,93.8,PRO_STRONG,
Paderborn,Stuttgart,2026-10-10,home_win_and_corners_under95,91.8,PRO_STRONG,
Paderborn,Stuttgart,2026-10-10,home_win_and_under_25,88.2,PRO_STRONG,
Paderborn,Stuttgart,2026-10-10,home_win_and_cards_under35,87.1,PRO_MEDIUM,
Paderborn,Stuttgart,2026-10-10,home_win_and_under_15,86.5,PRO_STRONG,
Paderborn,Stuttgart,2026-10-10,away_goals_over_05,85.5,PRO_STRONG,
Paderborn,Stuttgart,2026-10-10,dc_x2,81.2,PRO_STRONG,1.18
Paderborn,Stuttgart,2026-10-10,dc_1x_and_under_25,80.9,PRO_STRONG,
Paderborn,Stuttgart,2026-10-10,dc_12,78.3,PRO_STRONG,1.18
Paderborn,Stuttgart,2026-10-10,home_goals_under_15,73.9,PRO_MEDIUM,
Paderborn,Stuttgart,2026-10-10,away_win_either_half,73.9,PRO_MEDIUM,
Paderborn,Stuttgart,2026-10-10,away_goals_under_25,70.8,PRO_MEDIUM,
Paderborn,Stuttgart,2026-10-10,both_teams_carded,70.6,PRO_MEDIUM,
Paderborn,Stuttgart,2026-10-10,dc_1x_and_under_15,69.3,PRO_MEDIUM,
Paderborn,Stuttgart,2026-10-10,away_win_and_cards_under35,69.0,PRO_MEDIUM,
Paderborn,Stuttgart,2026-10-10,dc_x2_and_over_15,66.3,PRO_MEDIUM,
Paderborn,Stuttgart,2026-10-10,goals_over_25,66.0,PRO_MEDIUM,1.4
Paderborn,Stuttgart,2026-10-10,dc_12_and_over_25,61.8,PRO_MEDIUM,
Paderborn,Stuttgart,2026-10-10,away_win_and_under_25,61.5,PRO_MEDIUM,
Paderborn,Stuttgart,2026-10-10,home_goals_over_05,60.7,PRO_MEDIUM,
Paderborn,Stuttgart,2026-10-10,away_win,59.5,PRO_MEDIUM,1.57
Paderborn,Stuttgart,2026-10-10,away_goals_over_15,56.3,PRO_MEDIUM,
Paderborn,Stuttgart,2026-10-10,dc_x2_and_under_25,55.3,PRO_MEDIUM,
Paderborn,Stuttgart,2026-10-10,btts,55.2,PRO_MEDIUM,1.5
Panathinaikos,Asteras Tripolis,2026-10-18,away_goals_under_25,96.6,PRO_STRONG,
Panathinaikos,Asteras Tripolis,2026-10-18,away_win_and_cards_under35,95.7,PRO_STRONG,
Panathinaikos,Asteras Tripolis,2026-10-18,away_win_and_under_25,95.5,PRO_STRONG,
Panathinaikos,Asteras Tripolis,2026-10-18,away_win_and_under_15,95.4,PRO_STRONG,
Panathinaikos,Asteras Tripolis,2026-10-18,dc_1x,92.3,PRO_STRONG,1.06
Panathinaikos,Asteras Tripolis,2026-10-18,home_goals_over_05,91.9,PRO_STRONG,
Panathinaikos,Asteras Tripolis,2026-10-18,dc_x2_and_under_25,91.6,PRO_STRONG,
Panathinaikos,Asteras Tripolis,2026-10-18,dc_x2_and_under_15,86.6,PRO_STRONG,
Panathinaikos,Asteras Tripolis,2026-10-18,home_win_either_half,86.3,PRO_STRONG,
Panathinaikos,Asteras Tripolis,2026-10-18,dc_12,85.8,PRO_STRONG,1.17
Panathinaikos,Asteras Tripolis,2026-10-18,away_goals_under_15,85.7,PRO_STRONG,
Panathinaikos,Asteras Tripolis,2026-10-18,home_win,78.1,PRO_STRONG,1.25
Panathinaikos,Asteras Tripolis,2026-10-18,both_teams_carded,77.0,PRO_STRONG,
Panathinaikos,Asteras Tripolis,2026-10-18,dc_1x_and_over_15,73.8,PRO_MEDIUM,
Panathinaikos,Asteras Tripolis,2026-10-18,home_goals_over_15,68.5,PRO_MEDIUM,
Panathinaikos,Asteras Tripolis,2026-10-18,home_win_and_corners_under95,67.0,PRO_MEDIUM,
Panathinaikos,Asteras Tripolis,2026-10-18,home_win_and_over_15,65.3,PRO_MEDIUM,
Panathinaikos,Asteras Tripolis,2026-10-18,home_goals_under_25,62.8,PRO_MEDIUM,
Panathinaikos,Asteras Tripolis,2026-10-18,home_win_2h,62.0,PRO_MEDIUM,
Panathinaikos,Asteras Tripolis,2026-10-18,booking_pts_over_35,61.2,PRO_MEDIUM,
Panathinaikos,Asteras Tripolis,2026-10-18,home_win_1h,57.0,PRO_MEDIUM,
Panathinaikos,Asteras Tripolis,2026-10-18,dc_1x_and_over_25,55.0,PRO_MEDIUM,
Panetolikos,Olympiakos,2026-10-18,home_goals_under_25,95.4,PRO_STRONG,
Panetolikos,Olympiakos,2026-10-18,home_win_and_under_25,93.1,PRO_STRONG,
Panetolikos,Olympiakos,2026-10-18,home_win_and_corners_under95,91.8,PRO_STRONG,
Panetolikos,Olympiakos,2026-10-18,home_win_and_under_15,91.4,PRO_STRONG,
Panetolikos,Olympiakos,2026-10-18,home_win_and_cards_under35,91.4,PRO_MEDIUM,
Panetolikos,Olympiakos,2026-10-18,dc_1x_and_under_25,88.7,PRO_STRONG,
Panetolikos,Olympiakos,2026-10-18,away_goals_over_05,88.5,PRO_STRONG,
Panetolikos,Olympiakos,2026-10-18,dc_x2,87.6,PRO_STRONG,1.08
Panetolikos,Olympiakos,2026-10-18,dc_12,83.7,PRO_STRONG,1.2
Panetolikos,Olympiakos,2026-10-18,home_goals_under_15,83.3,PRO_STRONG,
Panetolikos,Olympiakos,2026-10-18,dc_1x_and_under_15,79.8,PRO_STRONG,
Panetolikos,Olympiakos,2026-10-18,away_win_either_half,79.1,PRO_STRONG,
Panetolikos,Olympiakos,2026-10-18,both_teams_carded,77.6,PRO_STRONG,
Panetolikos,Olympiakos,2026-10-18,away_win_and_cards_under35,74.5,PRO_MEDIUM,
Panetolikos,Olympiakos,2026-10-18,dc_x2_and_over_15,73.4,PRO_MEDIUM,
Panetolikos,Olympiakos,2026-10-18,away_win,71.3,PRO_MEDIUM,1.36
Panetolikos,Olympiakos,2026-10-18,away_goals_under_25,65.0,PRO_MEDIUM,
Panetolikos,Olympiakos,2026-10-18,away_goals_over_15,62.9,PRO_MEDIUM,
Panetolikos,Olympiakos,2026-10-18,booking_pts_over_35,62.5,PRO_MEDIUM,
Panetolikos,Olympiakos,2026-10-18,away_win_and_over_15,59.3,PRO_MEDIUM,
Panetolikos,Olympiakos,2026-10-18,goals_over_25,59.1,PRO_MEDIUM,1.85
Panetolikos,Olympiakos,2026-10-18,away_win_2h,56.5,PRO_MEDIUM,
Panetolikos,PAOK,2026-09-20,both_teams_carded,87.3,PRO_STRONG,
Panetolikos,PAOK,2026-09-20,away_win_and_under_25,84.4,PRO_STRONG,
Panetolikos,PAOK,2026-09-20,away_win_and_under_15,80.8,PRO_STRONG,
Panetolikos,PAOK,2026-09-20,home_goals_over_05,77.9,PRO_STRONG,
Panetolikos,PAOK,2026-09-20,booking_pts_over_35,74.7,PRO_MEDIUM,
Panetolikos,PAOK,2026-09-20,home_win_and_under_25,74.0,PRO_MEDIUM,
Panetolikos,PAOK,2026-09-20,dc_12,73.2,PRO_MEDIUM,
Panetolikos,PAOK,2026-09-20,away_goals_under_15,70.2,PRO_MEDIUM,
Panetolikos,PAOK,2026-09-20,away_goals_over_05,69.1,PRO_MEDIUM,
Panetolikos,PAOK,2026-09-20,dc_1x_and_under_25,67.3,PRO_MEDIUM,
Panetolikos,PAOK,2026-09-20,home_win_and_under_15,63.4,PRO_MEDIUM,
Panetolikos,PAOK,2026-09-20,home_win_either_half,61.4,PRO_MEDIUM,
Panetolikos,PAOK,2026-09-20,dc_x2_and_under_15,58.4,PRO_MEDIUM,
Panetolikos,PAOK,2026-09-20,dc_12_and_under_25,55.9,PRO_MEDIUM,
Paris FC,Rennes,2026-10-18,away_goals_under_25,86.5,PRO_STRONG,
Paris FC,Rennes,2026-10-18,home_goals_under_25,85.3,PRO_STRONG,
Paris FC,Rennes,2026-10-18,away_win_and_cards_under35,83.2,PRO_STRONG,
Paris FC,Rennes,2026-10-18,home_goals_over_05,81.6,PRO_STRONG,
Paris FC,Rennes,2026-10-18,home_win_and_corners_under95,81.3,PRO_STRONG,
Paris FC,Rennes,2026-10-18,away_win_and_under_25,79.6,PRO_STRONG,
Paris FC,Rennes,2026-10-18,away_win_and_under_15,77.1,PRO_STRONG,
Paris FC,Rennes,2026-10-18,dc_12,76.9,PRO_STRONG,1.28
Paris FC,Rennes,2026-10-18,dc_x2_and_under_25,75.3,PRO_STRONG,
Paris FC,Rennes,2026-10-18,away_goals_over_05,74.5,PRO_MEDIUM,
Paris FC,Rennes,2026-10-18,home_win_and_under_25,71.7,PRO_MEDIUM,
Paris FC,Rennes,2026-10-18,both_teams_carded,71.1,PRO_MEDIUM,
Paris FC,Rennes,2026-10-18,dc_1x,69.2,PRO_MEDIUM,1.4
Paris FC,Rennes,2026-10-18,away_goals_under_15,66.4,PRO_MEDIUM,
Paris FC,Rennes,2026-10-18,dc_1x_and_under_25,65.2,PRO_MEDIUM,
Paris FC,Rennes,2026-10-18,home_win_and_under_15,62.9,PRO_MEDIUM,
Paris FC,Rennes,2026-10-18,cards_range_3_5,60.0,PRO_MEDIUM,
Paris FC,Rennes,2026-10-18,dc_1x_and_over_15,59.2,PRO_MEDIUM,
Paris FC,Rennes,2026-10-18,home_win_either_half,58.9,PRO_MEDIUM,
Paris FC,Rennes,2026-10-18,dc_x2_and_under_15,58.7,PRO_MEDIUM,
Paris FC,Rennes,2026-10-18,home_goals_under_15,55.1,PRO_MEDIUM,
Parma,Genoa,2026-09-20,away_win_and_under_25,85.3,PRO_STRONG,
Parma,Genoa,2026-09-20,away_win_and_under_15,81.4,PRO_STRONG,
Parma,Genoa,2026-09-20,home_win_and_under_25,80.1,PRO_STRONG,
Parma,Genoa,2026-09-20,both_teams_carded,78.0,PRO_STRONG,
Parma,Genoa,2026-09-20,home_goals_over_05,76.3,PRO_STRONG,
Parma,Genoa,2026-09-20,dc_1x_and_under_25,71.4,PRO_MEDIUM,
Parma,Genoa,2026-09-20,away_goals_under_15,70.0,PRO_MEDIUM,
Parma,Genoa,2026-09-20,home_win_and_under_15,69.4,PRO_MEDIUM,
Parma,Genoa,2026-09-20,dc_12,69.1,PRO_MEDIUM,
Parma,Genoa,2026-09-20,dc_12_and_under_25,63.8,PRO_MEDIUM,
Parma,Genoa,2026-09-20,home_win_either_half,62.0,PRO_MEDIUM,
Parma,Genoa,2026-09-20,booking_pts_over_35,61.9,PRO_MEDIUM,
Parma,Genoa,2026-09-20,home_goals_under_15,59.1,PRO_MEDIUM,
Parma,Genoa,2026-09-20,dc_x2_and_under_15,58.2,PRO_MEDIUM,
Parma,Genoa,2026-09-20,cards_range_3_5,57.2,PRO_MEDIUM,
Parma,Genoa,2026-09-20,dc_x2,56.9,PRO_MEDIUM,
Parma,Genoa,2026-09-20,goals_under_25,56.7,PRO_MEDIUM,
Parma,Genoa,2026-09-20,booking_pts_under_45,55.2,PRO_MEDIUM,
Parma,Torino,2026-10-19,home_goals_under_25,92.4,PRO_STRONG,
Parma,Torino,2026-10-19,both_teams_carded,87.3,PRO_STRONG,
Parma,Torino,2026-10-19,home_win_and_under_25,86.3,PRO_STRONG,
Parma,Torino,2026-10-19,home_win_and_corners_under95,85.1,PRO_STRONG,
Parma,Torino,2026-10-19,away_goals_under_25,83.7,PRO_STRONG,
Parma,Torino,2026-10-19,home_win_and_under_15,82.2,PRO_STRONG,
Parma,Torino,2026-10-19,dc_1x_and_under_25,80.3,PRO_STRONG,
Parma,Torino,2026-10-19,away_win_and_under_25,78.2,PRO_STRONG,
Parma,Torino,2026-10-19,dc_12,75.1,PRO_STRONG,
Parma,Torino,2026-10-19,booking_pts_over_35,74.7,PRO_MEDIUM,
Parma,Torino,2026-10-19,dc_x2_and_under_25,74.3,PRO_MEDIUM,
Parma,Torino,2026-10-19,home_goals_under_15,72.0,PRO_MEDIUM,
Parma,Torino,2026-10-19,dc_x2,71.6,PRO_MEDIUM,
Parma,Torino,2026-10-19,away_win_and_cards_under35,71.4,PRO_MEDIUM,
Parma,Torino,2026-10-19,away_goals_over_05,71.2,PRO_MEDIUM,
Parma,Torino,2026-10-19,away_win_and_under_15,70.7,PRO_MEDIUM,
Parma,Torino,2026-10-19,away_goals_under_15,67.0,PRO_MEDIUM,
Parma,Torino,2026-10-19,home_goals_over_05,66.7,PRO_MEDIUM,
Parma,Torino,2026-10-19,dc_1x_and_under_15,65.3,PRO_MEDIUM,
Parma,Torino,2026-10-19,dc_12_and_under_25,64.8,PRO_MEDIUM,
Parma,Torino,2026-10-19,goals_under_25,58.9,PRO_MEDIUM,1.62
Parma,Torino,2026-10-19,away_win_either_half,55.9,PRO_MEDIUM,
Parma,Torino,2026-10-19,cards_range_3_5,55.4,PRO_MEDIUM,
Porto,Benfica,2026-09-20,away_win_and_under_25,83.7,PRO_STRONG,
Porto,Benfica,2026-09-20,home_goals_over_05,83.1,PRO_STRONG,
Porto,Benfica,2026-09-20,away_win_and_under_15,82.5,PRO_STRONG,
Porto,Benfica,2026-09-20,both_teams_carded,75.7,PRO_STRONG,
Porto,Benfica,2026-09-20,home_win_and_under_25,75.4,PRO_STRONG,
Porto,Benfica,2026-09-20,dc_1x,75.2,PRO_STRONG,
Porto,Benfica,2026-09-20,dc_12,72.0,PRO_MEDIUM,
Porto,Benfica,2026-09-20,away_goals_under_15,70.3,PRO_MEDIUM,
Porto,Benfica,2026-09-20,dc_1x_and_under_25,67.6,PRO_MEDIUM,
Porto,Benfica,2026-09-20,home_win_and_under_15,64.1,PRO_MEDIUM,
Porto,Benfica,2026-09-20,home_win_either_half,61.7,PRO_MEDIUM,
Porto,Benfica,2026-09-20,booking_pts_over_35,61.0,PRO_MEDIUM,
Porto,Benfica,2026-09-20,dc_1x_and_over_15,58.1,PRO_MEDIUM,
Porto,Benfica,2026-09-20,dc_x2_and_under_15,57.5,PRO_MEDIUM,
Porto,Benfica,2026-09-20,dc_12_and_under_25,57.1,PRO_MEDIUM,
Porto,Benfica,2026-09-20,home_goals_under_15,55.2,PRO_MEDIUM,
Portsmouth,Sheffield United,2026-10-14,away_win_and_under_25,85.1,PRO_STRONG,
Portsmouth,Sheffield United,2026-10-14,away_win_and_under_15,80.3,PRO_STRONG,
Portsmouth,Sheffield United,2026-10-14,home_goals_over_05,79.6,PRO_STRONG,
Portsmouth,Sheffield United,2026-10-14,home_win_and_under_25,78.1,PRO_STRONG,
Portsmouth,Sheffield United,2026-10-14,both_teams_carded,75.5,PRO_STRONG,
Portsmouth,Sheffield United,2026-10-14,away_goals_under_15,71.1,PRO_MEDIUM,
Portsmouth,Sheffield United,2026-10-14,home_win_and_under_15,70.1,PRO_MEDIUM,
Portsmouth,Sheffield United,2026-10-14,dc_12,70.0,PRO_MEDIUM,
Portsmouth,Sheffield United,2026-10-14,dc_1x_and_under_25,67.3,PRO_MEDIUM,
Portsmouth,Sheffield United,2026-10-14,home_win_either_half,61.0,PRO_MEDIUM,
Portsmouth,Sheffield United,2026-10-14,dc_12_and_under_25,59.1,PRO_MEDIUM,
Portsmouth,Sheffield United,2026-10-14,home_goals_under_15,57.3,PRO_MEDIUM,
Portsmouth,Sheffield United,2026-10-14,booking_pts_over_35,57.0,PRO_MEDIUM,
Portsmouth,Sheffield United,2026-10-14,dc_x2,56.1,PRO_MEDIUM,
Portsmouth,Sheffield United,2026-10-14,dc_x2_and_under_15,55.6,PRO_MEDIUM,
Preston,Millwall,2026-10-10,home_goals_under_25,90.0,PRO_STRONG,
Preston,Millwall,2026-10-10,away_goals_under_25,86.2,PRO_STRONG,
Preston,Millwall,2026-10-10,home_win_and_corners_under95,85.1,PRO_STRONG,
Preston,Millwall,2026-10-10,home_win_and_under_25,80.2,PRO_STRONG,
Preston,Millwall,2026-10-10,away_win_and_under_25,77.0,PRO_STRONG,
Preston,Millwall,2026-10-10,home_win_and_under_15,76.3,PRO_STRONG,
Preston,Millwall,2026-10-10,away_win_and_cards_under35,76.3,PRO_STRONG,
Preston,Millwall,2026-10-10,dc_12,75.3,PRO_STRONG,1.33
Preston,Millwall,2026-10-10,dc_1x_and_under_25,74.3,PRO_MEDIUM,
Preston,Millwall,2026-10-10,dc_x2_and_under_25,73.9,PRO_MEDIUM,
Preston,Millwall,2026-10-10,away_goals_over_05,73.6,PRO_MEDIUM,
Preston,Millwall,2026-10-10,away_win_and_under_15,71.3,PRO_MEDIUM,
Preston,Millwall,2026-10-10,home_goals_over_05,69.9,PRO_MEDIUM,
Preston,Millwall,2026-10-10,both_teams_carded,69.8,PRO_MEDIUM,
Preston,Millwall,2026-10-10,dc_x2,69.1,PRO_MEDIUM,1.44
Preston,Millwall,2026-10-10,home_goals_under_15,65.6,PRO_MEDIUM,
Preston,Millwall,2026-10-10,away_goals_under_15,63.1,PRO_MEDIUM,
Preston,Millwall,2026-10-10,dc_12_and_under_25,60.7,PRO_MEDIUM,
Preston,Millwall,2026-10-10,away_win_either_half,59.4,PRO_MEDIUM,
Preston,Millwall,2026-10-10,dc_1x,55.6,PRO_MEDIUM,1.5
QPR,Derby,2026-10-14,away_win_and_under_25,81.9,PRO_STRONG,
QPR,Derby,2026-10-14,home_goals_over_05,81.0,PRO_STRONG,
QPR,Derby,2026-10-14,away_win_and_under_15,78.9,PRO_STRONG,
QPR,Derby,2026-10-14,both_teams_carded,73.6,PRO_MEDIUM,
QPR,Derby,2026-10-14,home_win_and_under_25,73.5,PRO_MEDIUM,
QPR,Derby,2026-10-14,dc_12,72.4,PRO_MEDIUM,
QPR,Derby,2026-10-14,away_goals_over_05,71.0,PRO_MEDIUM,
QPR,Derby,2026-10-14,away_goals_under_15,67.7,PRO_MEDIUM,
QPR,Derby,2026-10-14,home_win_and_under_15,64.9,PRO_MEDIUM,
QPR,Derby,2026-10-14,dc_1x_and_under_25,63.4,PRO_MEDIUM,
QPR,Derby,2026-10-14,home_win_either_half,61.4,PRO_MEDIUM,
QPR,Derby,2026-10-14,dc_x2_and_under_15,56.6,PRO_MEDIUM,
QPR,Derby,2026-10-14,booking_pts_over_35,56.4,PRO_MEDIUM,
QPR,Derby,2026-10-14,dc_1x_and_over_15,55.6,PRO_MEDIUM,
QPR,Derby,2026-10-14,dc_x2,55.3,PRO_MEDIUM,
RAAL La Louviere,Club Brugge,2026-10-10,home_goals_under_25,95.6,PRO_STRONG,
RAAL La Louviere,Club Brugge,2026-10-10,home_win_and_corners_under95,91.8,PRO_STRONG,
RAAL La Louviere,Club Brugge,2026-10-10,home_win_and_under_25,91.8,PRO_STRONG,
RAAL La Louviere,Club Brugge,2026-10-10,home_win_and_under_15,90.4,PRO_STRONG,
RAAL La Louviere,Club Brugge,2026-10-10,home_win_and_cards_under35,89.7,PRO_MEDIUM,
RAAL La Louviere,Club Brugge,2026-10-10,away_goals_over_05,89.0,PRO_STRONG,
RAAL La Louviere,Club Brugge,2026-10-10,dc_1x_and_under_25,87.7,PRO_STRONG,
RAAL La Louviere,Club Brugge,2026-10-10,dc_x2,86.8,PRO_STRONG,1.06
RAAL La Louviere,Club Brugge,2026-10-10,dc_12,82.0,PRO_STRONG,1.14
RAAL La Louviere,Club Brugge,2026-10-10,home_goals_under_15,80.0,PRO_STRONG,
RAAL La Louviere,Club Brugge,2026-10-10,away_win_either_half,79.1,PRO_STRONG,
RAAL La Louviere,Club Brugge,2026-10-10,dc_1x_and_under_15,78.9,PRO_STRONG,
RAAL La Louviere,Club Brugge,2026-10-10,away_win_and_cards_under35,76.0,PRO_STRONG,
RAAL La Louviere,Club Brugge,2026-10-10,dc_x2_and_over_15,72.7,PRO_MEDIUM,
RAAL La Louviere,Club Brugge,2026-10-10,both_teams_carded,69.1,PRO_MEDIUM,
RAAL La Louviere,Club Brugge,2026-10-10,away_win,68.8,PRO_MEDIUM,1.34
RAAL La Louviere,Club Brugge,2026-10-10,away_goals_under_25,67.4,PRO_MEDIUM,
RAAL La Louviere,Club Brugge,2026-10-10,away_goals_over_15,65.1,PRO_MEDIUM,
RAAL La Louviere,Club Brugge,2026-10-10,goals_over_25,64.7,PRO_MEDIUM,1.47
RAAL La Louviere,Club Brugge,2026-10-10,dc_12_and_over_25,63.0,PRO_MEDIUM,
RAAL La Louviere,Club Brugge,2026-10-10,away_win_and_over_15,59.7,PRO_MEDIUM,
RAAL La Louviere,Club Brugge,2026-10-10,cards_range_3_5,57.5,PRO_MEDIUM,
RAAL La Louviere,Club Brugge,2026-10-10,away_win_2h,56.3,PRO_MEDIUM,
RAAL La Louviere,Club Brugge,2026-10-10,btts,55.3,PRO_MEDIUM,1.76
Racing Santander,Valencia,2026-10-11,both_teams_carded,87.3,PRO_STRONG,
Racing Santander,Valencia,2026-10-11,home_goals_under_25,84.8,PRO_STRONG,
Racing Santander,Valencia,2026-10-11,away_goals_under_25,84.3,PRO_STRONG,
Racing Santander,Valencia,2026-10-11,home_win_and_corners_under95,82.5,PRO_STRONG,
Racing Santander,Valencia,2026-10-11,away_win_and_under_25,81.6,PRO_STRONG,
Racing Santander,Valencia,2026-10-11,home_goals_over_05,80.9,PRO_STRONG,
Racing Santander,Valencia,2026-10-11,away_win_and_cards_under35,79.7,PRO_STRONG,
Racing Santander,Valencia,2026-10-11,dc_x2_and_under_25,77.9,PRO_STRONG,
Racing Santander,Valencia,2026-10-11,away_win_and_under_15,77.6,PRO_STRONG,
Racing Santander,Valencia,2026-10-11,dc_12,77.0,PRO_STRONG,1.28
Racing Santander,Valencia,2026-10-11,booking_pts_over_35,74.7,PRO_MEDIUM,
Racing Santander,Valencia,2026-10-11,away_goals_over_05,73.5,PRO_MEDIUM,
Racing Santander,Valencia,2026-10-11,home_win_and_under_25,73.4,PRO_MEDIUM,
Racing Santander,Valencia,2026-10-11,home_win_and_under_15,68.8,PRO_MEDIUM,
Racing Santander,Valencia,2026-10-11,away_goals_under_15,67.6,PRO_MEDIUM,
Racing Santander,Valencia,2026-10-11,dc_1x,65.6,PRO_MEDIUM,1.36
Racing Santander,Valencia,2026-10-11,dc_1x_and_under_25,64.7,PRO_MEDIUM,
Racing Santander,Valencia,2026-10-11,dc_x2,57.4,PRO_MEDIUM,1.67
Racing Santander,Valencia,2026-10-11,dc_x2_and_under_15,56.1,PRO_MEDIUM,
Rangers,Kilmarnock,2026-10-10,away_goals_under_25,96.7,PRO_STRONG,
Rangers,Kilmarnock,2026-10-10,away_win_and_cards_under35,95.7,PRO_STRONG,
Rangers,Kilmarnock,2026-10-10,away_win_and_under_25,95.4,PRO_STRONG,
Rangers,Kilmarnock,2026-10-10,away_win_and_under_15,94.6,PRO_STRONG,
Rangers,Kilmarnock,2026-10-10,home_goals_over_05,94.2,PRO_STRONG,
Rangers,Kilmarnock,2026-10-10,dc_1x,93.3,PRO_STRONG,1.02
Rangers,Kilmarnock,2026-10-10,dc_x2_and_under_25,92.2,PRO_STRONG,
Rangers,Kilmarnock,2026-10-10,dc_12,91.1,PRO_STRONG,1.08
Rangers,Kilmarnock,2026-10-10,home_win_either_half,89.1,PRO_STRONG,
Rangers,Kilmarnock,2026-10-10,dc_x2_and_under_15,87.2,PRO_STRONG,
Rangers,Kilmarnock,2026-10-10,away_goals_under_15,85.1,PRO_STRONG,
Rangers,Kilmarnock,2026-10-10,home_win,84.4,PRO_STRONG,1.12
Rangers,Kilmarnock,2026-10-10,dc_1x_and_over_15,80.8,PRO_STRONG,
Rangers,Kilmarnock,2026-10-10,both_teams_carded,75.5,PRO_STRONG,
Rangers,Kilmarnock,2026-10-10,home_goals_over_15,75.3,PRO_STRONG,
Rangers,Kilmarnock,2026-10-10,home_win_and_over_15,70.9,PRO_MEDIUM,
Rangers,Kilmarnock,2026-10-10,home_win_2h,67.2,PRO_MEDIUM,
Rangers,Kilmarnock,2026-10-10,home_win_and_corners_under95,67.0,PRO_MEDIUM,
Rangers,Kilmarnock,2026-10-10,dc_12_and_over_25,66.0,PRO_MEDIUM,
Rangers,Kilmarnock,2026-10-10,goals_over_25,62.0,PRO_MEDIUM,1.3
Rangers,Kilmarnock,2026-10-10,home_win_1h,59.8,PRO_MEDIUM,
Rangers,Kilmarnock,2026-10-10,dc_1x_and_over_25,56.7,PRO_MEDIUM,
Rangers,Kilmarnock,2026-10-10,home_win_and_over_25,56.5,PRO_MEDIUM,
Rangers,Kilmarnock,2026-10-10,booking_pts_over_35,55.5,PRO_MEDIUM,
Rangers,Kilmarnock,2026-10-10,away_goals_under_05,55.1,PRO_MEDIUM,
Rb Leipzig,Ein Frankfurt,2026-10-10,away_win_and_cards_under35,92.0,PRO_STRONG,
Rb Leipzig,Ein Frankfurt,2026-10-10,home_goals_over_05,90.8,PRO_STRONG,
Rb Leipzig,Ein Frankfurt,2026-10-10,away_goals_under_25,90.3,PRO_STRONG,
Rb Leipzig,Ein Frankfurt,2026-10-10,away_win_and_under_15,89.3,PRO_STRONG,
Rb Leipzig,Ein Frankfurt,2026-10-10,away_win_and_under_25,88.1,PRO_STRONG,
Rb Leipzig,Ein Frankfurt,2026-10-10,dc_12,85.2,PRO_STRONG,1.18
Rb Leipzig,Ein Frankfurt,2026-10-10,dc_x2_and_under_25,82.9,PRO_STRONG,
Rb Leipzig,Ein Frankfurt,2026-10-10,dc_1x,81.9,PRO_STRONG,1.17
Rb Leipzig,Ein Frankfurt,2026-10-10,home_win_either_half,79.9,PRO_STRONG,
Rb Leipzig,Ein Frankfurt,2026-10-10,away_goals_under_15,74.3,PRO_MEDIUM,
Rb Leipzig,Ein Frankfurt,2026-10-10,dc_1x_and_over_15,73.3,PRO_MEDIUM,
Rb Leipzig,Ein Frankfurt,2026-10-10,both_teams_carded,70.3,PRO_MEDIUM,
Rb Leipzig,Ein Frankfurt,2026-10-10,dc_x2_and_under_15,68.4,PRO_MEDIUM,
Rb Leipzig,Ein Frankfurt,2026-10-10,home_win,67.1,PRO_MEDIUM,1.5
Rb Leipzig,Ein Frankfurt,2026-10-10,goals_over_25,66.5,PRO_MEDIUM,1.3
Rb Leipzig,Ein Frankfurt,2026-10-10,home_win_and_corners_under95,66.4,PRO_MEDIUM,
Rb Leipzig,Ein Frankfurt,2026-10-10,home_goals_over_15,66.2,PRO_MEDIUM,
Rb Leipzig,Ein Frankfurt,2026-10-10,away_goals_over_05,65.2,PRO_MEDIUM,
Rb Leipzig,Ein Frankfurt,2026-10-10,home_goals_under_25,62.9,PRO_MEDIUM,
Rb Leipzig,Ein Frankfurt,2026-10-10,dc_12_and_over_25,59.7,PRO_MEDIUM,
Rb Leipzig,Ein Frankfurt,2026-10-10,btts,57.0,PRO_MEDIUM,1.44
Real Madrid,Sevilla,2026-10-18,away_goals_under_25,95.8,PRO_STRONG,
Real Madrid,Sevilla,2026-10-18,away_win_and_cards_under35,95.7,PRO_STRONG,
Real Madrid,Sevilla,2026-10-18,away_win_and_under_15,94.8,PRO_STRONG,
Real Madrid,Sevilla,2026-10-18,away_win_and_under_25,94.8,PRO_STRONG,
Real Madrid,Sevilla,2026-10-18,home_goals_over_05,93.0,PRO_STRONG,
Real Madrid,Sevilla,2026-10-18,dc_1x,91.8,PRO_STRONG,1.08
Real Madrid,Sevilla,2026-10-18,dc_x2_and_under_25,89.6,PRO_STRONG,
Real Madrid,Sevilla,2026-10-18,both_teams_carded,87.7,PRO_STRONG,
Real Madrid,Sevilla,2026-10-18,home_win_either_half,86.3,PRO_STRONG,
Real Madrid,Sevilla,2026-10-18,dc_12,84.3,PRO_STRONG,1.12
Real Madrid,Sevilla,2026-10-18,dc_x2_and_under_15,82.8,PRO_STRONG,
Real Madrid,Sevilla,2026-10-18,away_goals_under_15,82.5,PRO_STRONG,
Real Madrid,Sevilla,2026-10-18,dc_1x_and_over_15,80.0,PRO_STRONG,
Real Madrid,Sevilla,2026-10-18,home_win,76.0,PRO_STRONG,1.27
Real Madrid,Sevilla,2026-10-18,booking_pts_over_35,74.8,PRO_MEDIUM,
Real Madrid,Sevilla,2026-10-18,home_goals_over_15,72.2,PRO_MEDIUM,
Real Madrid,Sevilla,2026-10-18,home_win_and_corners_under95,66.4,PRO_MEDIUM,
Real Madrid,Sevilla,2026-10-18,home_win_1h,66.1,PRO_MEDIUM,
Real Madrid,Sevilla,2026-10-18,goals_over_25,64.8,PRO_MEDIUM,1.4
Real Madrid,Sevilla,2026-10-18,home_win_and_over_15,64.6,PRO_MEDIUM,
Real Madrid,Sevilla,2026-10-18,dc_1x_and_over_25,61.3,PRO_MEDIUM,
Real Madrid,Sevilla,2026-10-18,home_win_2h,60.4,PRO_MEDIUM,
Real Madrid,Sevilla,2026-10-18,dc_12_and_over_25,57.5,PRO_MEDIUM,
Real Madrid,Sevilla,2026-10-18,home_score_both_halves,56.9,PRO_MEDIUM,
Real Madrid,Sevilla,2026-10-18,home_win_and_over_25,55.0,PRO_MEDIUM,
Real Madrid,Villarreal,2026-10-10,away_win_and_cards_under35,95.9,PRO_STRONG,
Real Madrid,Villarreal,2026-10-10,away_goals_under_25,95.8,PRO_STRONG,
Real Madrid,Villarreal,2026-10-10,away_win_and_under_25,94.8,PRO_STRONG,
Real Madrid,Villarreal,2026-10-10,away_win_and_under_15,94.6,PRO_STRONG,
Real Madrid,Villarreal,2026-10-10,home_goals_over_05,91.5,PRO_STRONG,
Real Madrid,Villarreal,2026-10-10,dc_x2_and_under_25,89.8,PRO_STRONG,
Real Madrid,Villarreal,2026-10-10,dc_1x,89.5,PRO_STRONG,1.1
Real Madrid,Villarreal,2026-10-10,dc_12,84.7,PRO_STRONG,1.14
Real Madrid,Villarreal,2026-10-10,home_win_either_half,83.7,PRO_STRONG,
Real Madrid,Villarreal,2026-10-10,dc_x2_and_under_15,82.8,PRO_STRONG,
Real Madrid,Villarreal,2026-10-10,away_goals_under_15,81.8,PRO_STRONG,
Real Madrid,Villarreal,2026-10-10,dc_1x_and_over_15,77.8,PRO_STRONG,
Real Madrid,Villarreal,2026-10-10,both_teams_carded,77.4,PRO_STRONG,
Real Madrid,Villarreal,2026-10-10,home_win,74.3,PRO_MEDIUM,1.3
Real Madrid,Villarreal,2026-10-10,home_goals_over_15,71.8,PRO_MEDIUM,
Real Madrid,Villarreal,2026-10-10,home_win_and_corners_under95,66.4,PRO_MEDIUM,
Real Madrid,Villarreal,2026-10-10,goals_over_25,64.9,PRO_MEDIUM,1.28
Real Madrid,Villarreal,2026-10-10,home_win_1h,64.7,PRO_MEDIUM,
Real Madrid,Villarreal,2026-10-10,home_win_and_over_15,64.3,PRO_MEDIUM,
Real Madrid,Villarreal,2026-10-10,booking_pts_over_35,60.0,PRO_MEDIUM,
Real Madrid,Villarreal,2026-10-10,dc_1x_and_over_25,59.9,PRO_MEDIUM,
Real Madrid,Villarreal,2026-10-10,home_win_2h,58.4,PRO_MEDIUM,
Real Madrid,Villarreal,2026-10-10,dc_12_and_over_25,57.5,PRO_MEDIUM,
Real Madrid,Villarreal,2026-10-10,home_goals_under_25,57.4,PRO_MEDIUM,
Real Madrid,Villarreal,2026-10-10,home_score_both_halves,56.9,PRO_MEDIUM,
Rennes,Auxerre,2026-10-11,away_win_and_cards_under35,95.9,PRO_STRONG,
Rennes,Auxerre,2026-10-11,away_goals_under_25,95.7,PRO_STRONG,
Rennes,Auxerre,2026-10-11,away_win_and_under_25,95.1,PRO_STRONG,
Rennes,Auxerre,2026-10-11,away_win_and_under_15,93.5,PRO_STRONG,
Rennes,Auxerre,2026-10-11,home_goals_over_05,90.8,PRO_STRONG,
Rennes,Auxerre,2026-10-11,dc_1x,90.6,PRO_STRONG,1.1
Rennes,Auxerre,2026-10-11,dc_x2_and_under_25,90.1,PRO_STRONG,
Rennes,Auxerre,2026-10-11,home_win_either_half,82.7,PRO_STRONG,
Rennes,Auxerre,2026-10-11,dc_12,81.7,PRO_STRONG,1.18
Rennes,Auxerre,2026-10-11,away_goals_under_15,81.6,PRO_STRONG,
Rennes,Auxerre,2026-10-11,dc_x2_and_under_15,80.8,PRO_STRONG,
Rennes,Auxerre,2026-10-11,home_win_and_corners_under95,74.1,PRO_MEDIUM,
Rennes,Auxerre,2026-10-11,dc_1x_and_over_15,73.2,PRO_MEDIUM,
Rennes,Auxerre,2026-10-11,home_win,72.4,PRO_MEDIUM,1.4
Rennes,Auxerre,2026-10-11,both_teams_carded,71.8,PRO_MEDIUM,
Rennes,Auxerre,2026-10-11,home_goals_over_15,66.5,PRO_MEDIUM,
Rennes,Auxerre,2026-10-11,home_goals_under_25,61.9,PRO_MEDIUM,
Rennes,Auxerre,2026-10-11,home_win_and_over_15,61.0,PRO_MEDIUM,
Rennes,Auxerre,2026-10-11,away_goals_over_05,60.6,PRO_MEDIUM,
Rennes,Auxerre,2026-10-11,goals_over_25,60.0,PRO_MEDIUM,1.5
Rennes,Auxerre,2026-10-11,home_win_1h,56.8,PRO_MEDIUM,
Rennes,Auxerre,2026-10-11,cards_range_3_5,56.5,PRO_MEDIUM,
Rennes,Auxerre,2026-10-11,home_win_2h,55.8,PRO_MEDIUM,
Rio Ave,Nacional,2026-10-11,away_goals_under_25,93.5,PRO_STRONG,
Rio Ave,Nacional,2026-10-11,home_goals_under_25,89.6,PRO_STRONG,
Rio Ave,Nacional,2026-10-11,away_win_and_under_25,89.1,PRO_STRONG,
Rio Ave,Nacional,2026-10-11,away_win_and_under_15,84.3,PRO_STRONG,
Rio Ave,Nacional,2026-10-11,away_win_and_cards_under35,83.8,PRO_STRONG,
Rio Ave,Nacional,2026-10-11,dc_x2_and_under_25,83.6,PRO_STRONG,
Rio Ave,Nacional,2026-10-11,home_win_and_corners_under95,81.2,PRO_STRONG,
Rio Ave,Nacional,2026-10-11,home_win_and_under_25,80.6,PRO_STRONG,
Rio Ave,Nacional,2026-10-11,both_teams_carded,77.5,PRO_STRONG,
Rio Ave,Nacional,2026-10-11,dc_1x_and_under_25,75.9,PRO_STRONG,
Rio Ave,Nacional,2026-10-11,away_goals_under_15,73.5,PRO_MEDIUM,
Rio Ave,Nacional,2026-10-11,home_goals_over_05,72.0,PRO_MEDIUM,
Rio Ave,Nacional,2026-10-11,home_win_and_under_15,70.9,PRO_MEDIUM,
Rio Ave,Nacional,2026-10-11,away_goals_over_05,69.1,PRO_MEDIUM,
Rio Ave,Nacional,2026-10-11,dc_12,68.1,PRO_MEDIUM,1.36
Rio Ave,Nacional,2026-10-11,dc_12_and_under_25,66.9,PRO_MEDIUM,
Rio Ave,Nacional,2026-10-11,home_goals_under_15,66.2,PRO_MEDIUM,
Rio Ave,Nacional,2026-10-11,goals_under_25,62.9,PRO_MEDIUM,1.7
Rio Ave,Nacional,2026-10-11,dc_x2_and_under_15,61.5,PRO_MEDIUM,
Rio Ave,Nacional,2026-10-11,booking_pts_over_35,61.0,PRO_MEDIUM,
Rio Ave,Nacional,2026-10-11,dc_x2,59.6,PRO_MEDIUM,1.67
Rizespor,Fenerbahce,2026-10-10,home_goals_under_25,92.1,PRO_STRONG,
Rizespor,Fenerbahce,2026-10-10,home_win_and_corners_under95,88.9,PRO_STRONG,
Rizespor,Fenerbahce,2026-10-10,home_win_and_under_25,88.3,PRO_STRONG,
Rizespor,Fenerbahce,2026-10-10,home_win_and_under_15,87.1,PRO_STRONG,
Rizespor,Fenerbahce,2026-10-10,home_win_and_cards_under35,87.0,PRO_MEDIUM,
Rizespor,Fenerbahce,2026-10-10,away_goals_over_05,86.8,PRO_STRONG,
Rizespor,Fenerbahce,2026-10-10,dc_1x_and_under_25,82.0,PRO_STRONG,
Rizespor,Fenerbahce,2026-10-10,dc_12,79.9,PRO_STRONG,1.28
Rizespor,Fenerbahce,2026-10-10,dc_x2,79.4,PRO_STRONG,1.2
Rizespor,Fenerbahce,2026-10-10,both_teams_carded,77.0,PRO_STRONG,
Rizespor,Fenerbahce,2026-10-10,away_win_and_cards_under35,74.5,PRO_MEDIUM,
Rizespor,Fenerbahce,2026-10-10,home_goals_under_15,71.6,PRO_MEDIUM,
Rizespor,Fenerbahce,2026-10-10,away_win_either_half,70.9,PRO_MEDIUM,
Rizespor,Fenerbahce,2026-10-10,away_goals_under_25,69.7,PRO_MEDIUM,
Rizespor,Fenerbahce,2026-10-10,dc_1x_and_under_15,68.7,PRO_MEDIUM,
Rizespor,Fenerbahce,2026-10-10,dc_x2_and_over_15,68.7,PRO_MEDIUM,
Rizespor,Fenerbahce,2026-10-10,home_goals_over_05,67.1,PRO_MEDIUM,
Rizespor,Fenerbahce,2026-10-10,booking_pts_over_35,64.0,PRO_MEDIUM,
Rizespor,Fenerbahce,2026-10-10,goals_over_25,62.1,PRO_MEDIUM,1.67
Rizespor,Fenerbahce,2026-10-10,away_win_and_under_25,59.5,PRO_MEDIUM,
Rizespor,Fenerbahce,2026-10-10,away_win,59.3,PRO_MEDIUM,1.73
Rizespor,Fenerbahce,2026-10-10,away_goals_over_15,58.7,PRO_MEDIUM,
Rizespor,Fenerbahce,2026-10-10,btts,56.7,PRO_MEDIUM,1.67
Rizespor,Fenerbahce,2026-10-10,dc_12_and_over_25,55.8,PRO_MEDIUM,
Roma,Genoa,2026-10-17,away_goals_under_25,96.4,PRO_STRONG,
Roma,Genoa,2026-10-17,away_win_and_cards_under35,95.9,PRO_STRONG,
Roma,Genoa,2026-10-17,away_win_and_under_25,95.5,PRO_STRONG,
Roma,Genoa,2026-10-17,away_win_and_under_15,95.0,PRO_STRONG,
Roma,Genoa,2026-10-17,home_goals_over_05,93.1,PRO_STRONG,
Roma,Genoa,2026-10-17,dc_1x,92.4,PRO_STRONG,
Roma,Genoa,2026-10-17,dc_x2_and_under_25,90.4,PRO_STRONG,
Roma,Genoa,2026-10-17,home_win_either_half,87.5,PRO_STRONG,
Roma,Genoa,2026-10-17,both_teams_carded,86.5,PRO_STRONG,
Roma,Genoa,2026-10-17,dc_12,85.5,PRO_STRONG,
Roma,Genoa,2026-10-17,away_goals_under_15,85.3,PRO_STRONG,
Roma,Genoa,2026-10-17,dc_x2_and_under_15,83.4,PRO_STRONG,
Roma,Genoa,2026-10-17,home_win,77.9,PRO_STRONG,1.28
Roma,Genoa,2026-10-17,dc_1x_and_over_15,74.1,PRO_MEDIUM,
Roma,Genoa,2026-10-17,home_win_and_corners_under95,68.8,PRO_MEDIUM,
Roma,Genoa,2026-10-17,home_goals_over_15,67.3,PRO_MEDIUM,
Roma,Genoa,2026-10-17,home_win_and_over_15,64.4,PRO_MEDIUM,
Roma,Genoa,2026-10-17,home_win_2h,64.3,PRO_MEDIUM,
Roma,Genoa,2026-10-17,home_goals_under_25,60.1,PRO_MEDIUM,
Roma,Genoa,2026-10-17,goals_over_25,59.8,PRO_MEDIUM,1.57
Roma,Genoa,2026-10-17,home_win_1h,58.2,PRO_MEDIUM,
Royale Union SG,Leuven,2026-10-11,away_win_and_cards_under35,95.9,PRO_STRONG,
Royale Union SG,Leuven,2026-10-11,away_win_and_under_25,95.7,PRO_STRONG,
Royale Union SG,Leuven,2026-10-11,away_goals_under_25,95.6,PRO_STRONG,
Royale Union SG,Leuven,2026-10-11,away_win_and_under_15,95.4,PRO_STRONG,
Royale Union SG,Leuven,2026-10-11,home_goals_over_05,93.8,PRO_STRONG,
Royale Union SG,Leuven,2026-10-11,dc_1x,92.9,PRO_STRONG,1.06
Royale Union SG,Leuven,2026-10-11,dc_x2_and_under_25,91.7,PRO_STRONG,
Royale Union SG,Leuven,2026-10-11,dc_12,88.4,PRO_STRONG,1.14
Royale Union SG,Leuven,2026-10-11,home_win_either_half,88.0,PRO_STRONG,
Royale Union SG,Leuven,2026-10-11,away_goals_under_15,85.3,PRO_STRONG,
Royale Union SG,Leuven,2026-10-11,dc_x2_and_under_15,83.8,PRO_STRONG,
Royale Union SG,Leuven,2026-10-11,home_win,81.4,PRO_STRONG,1.25
Royale Union SG,Leuven,2026-10-11,dc_1x_and_over_15,76.7,PRO_STRONG,
Royale Union SG,Leuven,2026-10-11,home_win_and_corners_under95,74.1,PRO_MEDIUM,
Royale Union SG,Leuven,2026-10-11,both_teams_carded,71.2,PRO_MEDIUM,
Royale Union SG,Leuven,2026-10-11,home_goals_over_15,70.2,PRO_MEDIUM,
Royale Union SG,Leuven,2026-10-11,goals_over_25,66.4,PRO_MEDIUM,
Royale Union SG,Leuven,2026-10-11,home_win_and_over_15,65.4,PRO_MEDIUM,
Royale Union SG,Leuven,2026-10-11,home_win_2h,64.9,PRO_MEDIUM,
Royale Union SG,Leuven,2026-10-11,home_win_1h,64.8,PRO_MEDIUM,
Royale Union SG,Leuven,2026-10-11,dc_12_and_over_25,63.0,PRO_MEDIUM,
Royale Union SG,Leuven,2026-10-11,dc_1x_and_over_25,58.8,PRO_MEDIUM,
Royale Union SG,Leuven,2026-10-11,home_win_and_over_25,56.6,PRO_MEDIUM,
Royale Union SG,Leuven,2026-10-11,home_goals_under_25,56.2,PRO_MEDIUM,
Royale Union SG,Leuven,2026-10-11,home_score_both_halves,55.7,PRO_MEDIUM,
Samsunspor,Trabzonspor,2026-10-10,home_goals_under_25,92.2,PRO_STRONG,
Samsunspor,Trabzonspor,2026-10-10,home_win_and_corners_under95,88.9,PRO_STRONG,
Samsunspor,Trabzonspor,2026-10-10,home_win_and_under_25,87.2,PRO_STRONG,
Samsunspor,Trabzonspor,2026-10-10,home_win_and_cards_under35,86.4,PRO_MEDIUM,
Samsunspor,Trabzonspor,2026-10-10,home_win_and_under_15,83.6,PRO_STRONG,
Samsunspor,Trabzonspor,2026-10-10,dc_1x_and_under_25,83.3,PRO_STRONG,
Samsunspor,Trabzonspor,2026-10-10,away_goals_over_05,82.1,PRO_STRONG,
Samsunspor,Trabzonspor,2026-10-10,dc_12,79.6,PRO_STRONG,1.28
Samsunspor,Trabzonspor,2026-10-10,dc_x2,76.8,PRO_STRONG,1.28
Samsunspor,Trabzonspor,2026-10-10,away_win_and_cards_under35,76.0,PRO_STRONG,
Samsunspor,Trabzonspor,2026-10-10,home_goals_under_15,73.0,PRO_MEDIUM,
Samsunspor,Trabzonspor,2026-10-10,away_goals_under_25,72.9,PRO_MEDIUM,
Samsunspor,Trabzonspor,2026-10-10,both_teams_carded,69.6,PRO_MEDIUM,
Samsunspor,Trabzonspor,2026-10-10,dc_1x_and_under_15,67.6,PRO_MEDIUM,
Samsunspor,Trabzonspor,2026-10-10,home_goals_over_05,65.9,PRO_MEDIUM,
Samsunspor,Trabzonspor,2026-10-10,away_win_and_under_25,64.8,PRO_MEDIUM,
Samsunspor,Trabzonspor,2026-10-10,away_win_either_half,64.1,PRO_MEDIUM,
Samsunspor,Trabzonspor,2026-10-10,dc_x2_and_over_15,61.0,PRO_MEDIUM,
Samsunspor,Trabzonspor,2026-10-10,away_win_and_under_15,58.6,PRO_MEDIUM,
Samsunspor,Trabzonspor,2026-10-10,cards_range_3_5,57.6,PRO_MEDIUM,
Samsunspor,Trabzonspor,2026-10-10,away_win,56.4,PRO_MEDIUM,1.91
Samsunspor,Trabzonspor,2026-10-10,btts,55.7,PRO_MEDIUM,1.62
Samsunspor,Trabzonspor,2026-10-10,dc_x2_and_under_25,55.6,PRO_MEDIUM,
Samsunspor,Trabzonspor,2026-10-10,dc_12_and_over_25,55.5,PRO_MEDIUM,
Samsunspor,Trabzonspor,2026-10-10,goals_over_25,55.4,PRO_MEDIUM,1.7
Santa Clara,Sp Braga,2026-09-20,both_teams_carded,88.9,PRO_STRONG,
Santa Clara,Sp Braga,2026-09-20,away_win_and_under_25,83.9,PRO_STRONG,
Santa Clara,Sp Braga,2026-09-20,home_goals_over_05,81.5,PRO_STRONG,
Santa Clara,Sp Braga,2026-09-20,away_win_and_under_15,81.0,PRO_STRONG,
Santa Clara,Sp Braga,2026-09-20,booking_pts_over_35,77.9,PRO_STRONG,
Santa Clara,Sp Braga,2026-09-20,home_win_and_under_25,75.5,PRO_STRONG,
Santa Clara,Sp Braga,2026-09-20,dc_1x,75.2,PRO_STRONG,
Santa Clara,Sp Braga,2026-09-20,away_goals_over_05,71.4,PRO_MEDIUM,
Santa Clara,Sp Braga,2026-09-20,dc_12,68.6,PRO_MEDIUM,
Santa Clara,Sp Braga,2026-09-20,away_goals_under_15,67.7,PRO_MEDIUM,
Santa Clara,Sp Braga,2026-09-20,home_win_and_under_15,67.4,PRO_MEDIUM,
Santa Clara,Sp Braga,2026-09-20,dc_1x_and_under_25,66.0,PRO_MEDIUM,
Santa Clara,Sp Braga,2026-09-20,home_win_either_half,60.8,PRO_MEDIUM,
Santa Clara,Sp Braga,2026-09-20,dc_1x_and_over_15,56.6,PRO_MEDIUM,
Santa Clara,Sp Braga,2026-09-20,dc_x2,56.2,PRO_MEDIUM,
Santa Clara,Sp Braga,2026-09-20,dc_x2_and_under_15,56.1,PRO_MEDIUM,
Santa Clara,Sp Braga,2026-09-20,dc_12_and_under_25,56.0,PRO_MEDIUM,
Sassuolo,Milan,2026-10-11,home_goals_under_25,90.3,PRO_STRONG,
Sassuolo,Milan,2026-10-11,home_win_and_under_25,89.6,PRO_STRONG,
Sassuolo,Milan,2026-10-11,home_win_and_corners_under95,88.9,PRO_STRONG,
Sassuolo,Milan,2026-10-11,home_win_and_under_15,87.4,PRO_STRONG,
Sassuolo,Milan,2026-10-11,home_win_and_cards_under35,85.7,PRO_MEDIUM,
Sassuolo,Milan,2026-10-11,away_goals_over_05,82.7,PRO_STRONG,
Sassuolo,Milan,2026-10-11,dc_1x_and_under_25,82.2,PRO_STRONG,
Sassuolo,Milan,2026-10-11,dc_x2,82.2,PRO_STRONG,1.18
Sassuolo,Milan,2026-10-11,dc_12,75.3,PRO_STRONG,1.28
Sassuolo,Milan,2026-10-11,away_goals_under_25,71.9,PRO_MEDIUM,
Sassuolo,Milan,2026-10-11,home_goals_under_15,70.6,PRO_MEDIUM,
Sassuolo,Milan,2026-10-11,dc_1x_and_under_15,69.4,PRO_MEDIUM,
Sassuolo,Milan,2026-10-11,away_win_and_cards_under35,67.0,PRO_MEDIUM,
Sassuolo,Milan,2026-10-11,away_win_and_under_25,66.5,PRO_MEDIUM,
Sassuolo,Milan,2026-10-11,away_win_either_half,66.2,PRO_MEDIUM,
Sassuolo,Milan,2026-10-11,home_goals_over_05,63.6,PRO_MEDIUM,
Sassuolo,Milan,2026-10-11,dc_x2_and_over_15,63.6,PRO_MEDIUM,
Sassuolo,Milan,2026-10-11,dc_x2_and_under_25,60.6,PRO_MEDIUM,
Sassuolo,Milan,2026-10-11,away_win,57.5,PRO_MEDIUM,1.75
Sassuolo,Milan,2026-10-11,away_win_and_under_15,56.7,PRO_MEDIUM,
Schalke 04,Mainz,2026-10-17,home_goals_under_25,87.2,PRO_STRONG,
Schalke 04,Mainz,2026-10-17,home_win_and_corners_under95,85.1,PRO_STRONG,
Schalke 04,Mainz,2026-10-17,home_win_and_under_25,82.9,PRO_STRONG,
Schalke 04,Mainz,2026-10-17,away_goals_over_05,80.4,PRO_STRONG,
Schalke 04,Mainz,2026-10-17,both_teams_carded,80.2,PRO_STRONG,
Schalke 04,Mainz,2026-10-17,home_win_and_under_15,79.3,PRO_STRONG,
Schalke 04,Mainz,2026-10-17,away_goals_under_25,76.2,PRO_STRONG,
Schalke 04,Mainz,2026-10-17,home_goals_over_05,76.1,PRO_STRONG,
Schalke 04,Mainz,2026-10-17,dc_12,74.2,PRO_MEDIUM,1.28
Schalke 04,Mainz,2026-10-17,dc_1x_and_under_25,73.7,PRO_MEDIUM,
Schalke 04,Mainz,2026-10-17,dc_x2,72.8,PRO_MEDIUM,1.4
Schalke 04,Mainz,2026-10-17,away_win_and_cards_under35,68.5,PRO_MEDIUM,
Schalke 04,Mainz,2026-10-17,away_win_and_under_25,68.2,PRO_MEDIUM,
Schalke 04,Mainz,2026-10-17,dc_x2_and_under_25,65.9,PRO_MEDIUM,
Schalke 04,Mainz,2026-10-17,away_win_and_under_15,62.8,PRO_MEDIUM,
Schalke 04,Mainz,2026-10-17,home_goals_under_15,61.5,PRO_MEDIUM,
Schalke 04,Mainz,2026-10-17,booking_pts_over_35,59.3,PRO_MEDIUM,
Schalke 04,Mainz,2026-10-17,away_win_either_half,59.3,PRO_MEDIUM,
Schalke 04,Mainz,2026-10-17,btts,57.9,PRO_MEDIUM,1.53
Schalke 04,Mainz,2026-10-17,dc_1x_and_under_15,55.4,PRO_MEDIUM,
Schalke 04,Mainz,2026-10-17,dc_x2_and_over_15,55.0,PRO_MEDIUM,
Sheffield United,Lincoln,2026-10-10,away_goals_under_25,93.5,PRO_STRONG,
Sheffield United,Lincoln,2026-10-10,home_goals_under_25,85.7,PRO_STRONG,
Sheffield United,Lincoln,2026-10-10,away_win_and_cards_under35,84.2,PRO_STRONG,
Sheffield United,Lincoln,2026-10-10,away_win_and_under_25,83.9,PRO_STRONG,
Sheffield United,Lincoln,2026-10-10,home_win_and_corners_under95,81.2,PRO_STRONG,
Sheffield United,Lincoln,2026-10-10,away_win_and_under_15,80.4,PRO_STRONG,
Sheffield United,Lincoln,2026-10-10,dc_x2_and_under_25,80.2,PRO_STRONG,
Sheffield United,Lincoln,2026-10-10,home_goals_over_05,76.6,PRO_STRONG,
Sheffield United,Lincoln,2026-10-10,home_win_and_under_25,76.0,PRO_STRONG,
Sheffield United,Lincoln,2026-10-10,both_teams_carded,75.2,PRO_STRONG,
Sheffield United,Lincoln,2026-10-10,away_goals_under_15,73.0,PRO_MEDIUM,
Sheffield United,Lincoln,2026-10-10,dc_12,69.4,PRO_MEDIUM,1.3
Sheffield United,Lincoln,2026-10-10,home_win_and_under_15,67.1,PRO_MEDIUM,
Sheffield United,Lincoln,2026-10-10,dc_x2_and_under_15,64.5,PRO_MEDIUM,
Sheffield United,Lincoln,2026-10-10,away_goals_over_05,64.4,PRO_MEDIUM,
Sheffield United,Lincoln,2026-10-10,dc_1x_and_under_25,64.0,PRO_MEDIUM,
Sheffield United,Lincoln,2026-10-10,dc_12_and_under_25,60.0,PRO_MEDIUM,
Sheffield United,Lincoln,2026-10-10,home_win_either_half,59.0,PRO_MEDIUM,
Sheffield United,Lincoln,2026-10-10,booking_pts_over_35,58.3,PRO_MEDIUM,
Sheffield United,Lincoln,2026-10-10,dc_x2,56.4,PRO_MEDIUM,1.8
Sheffield United,Lincoln,2026-10-10,dc_1x_and_over_15,56.3,PRO_MEDIUM,
Sheffield United,Lincoln,2026-10-10,home_goals_under_15,56.2,PRO_MEDIUM,
Sociedad,La Coruna,2026-10-11,away_goals_under_25,94.0,PRO_STRONG,
Sociedad,La Coruna,2026-10-11,away_win_and_under_25,92.0,PRO_STRONG,
Sociedad,La Coruna,2026-10-11,away_win_and_cards_under35,90.7,PRO_STRONG,
Sociedad,La Coruna,2026-10-11,away_win_and_under_15,89.6,PRO_STRONG,
Sociedad,La Coruna,2026-10-11,home_goals_over_05,88.0,PRO_STRONG,
Sociedad,La Coruna,2026-10-11,both_teams_carded,86.2,PRO_STRONG,
Sociedad,La Coruna,2026-10-11,dc_x2_and_under_25,85.6,PRO_STRONG,
Sociedad,La Coruna,2026-10-11,dc_1x,81.8,PRO_STRONG,1.2
Sociedad,La Coruna,2026-10-11,home_goals_under_25,79.9,PRO_STRONG,
Sociedad,La Coruna,2026-10-11,away_goals_under_15,77.7,PRO_STRONG,
Sociedad,La Coruna,2026-10-11,dc_12,74.7,PRO_MEDIUM,1.28
Sociedad,La Coruna,2026-10-11,booking_pts_over_35,73.6,PRO_MEDIUM,
Sociedad,La Coruna,2026-10-11,home_win_either_half,72.3,PRO_MEDIUM,
Sociedad,La Coruna,2026-10-11,home_win_and_corners_under95,69.3,PRO_MEDIUM,
Sociedad,La Coruna,2026-10-11,dc_1x_and_over_15,66.7,PRO_MEDIUM,
Sociedad,La Coruna,2026-10-11,home_win_and_under_25,66.2,PRO_MEDIUM,
Sociedad,La Coruna,2026-10-11,away_goals_over_05,66.1,PRO_MEDIUM,
Sociedad,La Coruna,2026-10-11,dc_x2_and_under_15,65.5,PRO_MEDIUM,
Sociedad,La Coruna,2026-10-11,home_win,56.6,PRO_MEDIUM,1.7
Sociedad,La Coruna,2026-10-11,home_win_and_under_15,56.3,PRO_MEDIUM,
Sociedad,La Coruna,2026-10-11,dc_1x_and_under_25,55.9,PRO_MEDIUM,
Sociedad,La Coruna,2026-10-11,btts,55.5,PRO_MEDIUM,1.75
Southampton,Portsmouth,2026-10-11,away_goals_under_25,93.2,PRO_STRONG,
Southampton,Portsmouth,2026-10-11,away_win_and_cards_under35,92.0,PRO_STRONG,
Southampton,Portsmouth,2026-10-11,home_goals_over_05,88.9,PRO_STRONG,
Southampton,Portsmouth,2026-10-11,away_win_and_under_25,87.2,PRO_STRONG,
Southampton,Portsmouth,2026-10-11,away_win_and_under_15,85.9,PRO_STRONG,
Southampton,Portsmouth,2026-10-11,dc_x2_and_under_25,82.3,PRO_STRONG,
Southampton,Portsmouth,2026-10-11,dc_1x,81.9,PRO_STRONG,1.14
Southampton,Portsmouth,2026-10-11,dc_12,80.1,PRO_STRONG,1.25
Southampton,Portsmouth,2026-10-11,home_win_either_half,79.0,PRO_STRONG,
Southampton,Portsmouth,2026-10-11,away_goals_under_15,74.9,PRO_MEDIUM,
Southampton,Portsmouth,2026-10-11,dc_1x_and_over_15,74.6,PRO_MEDIUM,
Southampton,Portsmouth,2026-10-11,both_teams_carded,71.5,PRO_MEDIUM,
Southampton,Portsmouth,2026-10-11,dc_x2_and_under_15,67.3,PRO_MEDIUM,
Southampton,Portsmouth,2026-10-11,home_win_and_corners_under95,67.0,PRO_MEDIUM,
Southampton,Portsmouth,2026-10-11,home_goals_over_15,62.6,PRO_MEDIUM,
Southampton,Portsmouth,2026-10-11,home_goals_under_25,62.6,PRO_MEDIUM,
Southampton,Portsmouth,2026-10-11,home_win,62.0,PRO_MEDIUM,1.55
Southampton,Portsmouth,2026-10-11,away_goals_over_05,58.5,PRO_MEDIUM,
Southampton,Portsmouth,2026-10-11,goals_over_25,55.8,PRO_MEDIUM,1.67
Southampton,Portsmouth,2026-10-11,home_win_and_under_25,55.3,PRO_MEDIUM,
Sp Braga,Sporting CP,2026-10-09,home_goals_under_25,90.2,PRO_STRONG,
Sp Braga,Sporting CP,2026-10-09,home_win_and_corners_under95,86.2,PRO_STRONG,
Sp Braga,Sporting CP,2026-10-09,away_goals_under_25,85.7,PRO_STRONG,
Sp Braga,Sporting CP,2026-10-09,home_win_and_under_25,85.2,PRO_STRONG,
Sp Braga,Sporting CP,2026-10-09,home_win_and_under_15,82.0,PRO_STRONG,
Sp Braga,Sporting CP,2026-10-09,dc_1x_and_under_25,80.2,PRO_STRONG,
Sp Braga,Sporting CP,2026-10-09,both_teams_carded,76.3,PRO_STRONG,
Sp Braga,Sporting CP,2026-10-09,away_goals_over_05,75.8,PRO_STRONG,
Sp Braga,Sporting CP,2026-10-09,away_win_and_under_25,73.9,PRO_MEDIUM,
Sp Braga,Sporting CP,2026-10-09,away_win_and_cards_under35,73.7,PRO_MEDIUM,
Sp Braga,Sporting CP,2026-10-09,home_goals_over_05,72.3,PRO_MEDIUM,
Sp Braga,Sporting CP,2026-10-09,dc_x2_and_under_25,71.8,PRO_MEDIUM,
Sp Braga,Sporting CP,2026-10-09,dc_12,71.6,PRO_MEDIUM,1.33
Sp Braga,Sporting CP,2026-10-09,dc_x2,69.9,PRO_MEDIUM,1.33
Sp Braga,Sporting CP,2026-10-09,home_goals_under_15,68.9,PRO_MEDIUM,
Sp Braga,Sporting CP,2026-10-09,away_win_and_under_15,66.3,PRO_MEDIUM,
Sp Braga,Sporting CP,2026-10-09,dc_1x_and_under_15,61.1,PRO_MEDIUM,
Sp Braga,Sporting CP,2026-10-09,booking_pts_over_35,61.0,PRO_MEDIUM,
Sp Braga,Sporting CP,2026-10-09,away_goals_under_15,59.1,PRO_MEDIUM,
Sp Braga,Sporting CP,2026-10-09,dc_1x,58.5,PRO_MEDIUM,1.67
Sp Braga,Sporting CP,2026-10-09,dc_12_and_under_25,57.9,PRO_MEDIUM,
Sparta Rotterdam,Willem Ii,2026-10-17,away_goals_under_25,93.0,PRO_STRONG,
Sparta Rotterdam,Willem Ii,2026-10-17,away_win_and_cards_under35,92.0,PRO_STRONG,
Sparta Rotterdam,Willem Ii,2026-10-17,away_win_and_under_25,91.0,PRO_STRONG,
Sparta Rotterdam,Willem Ii,2026-10-17,away_win_and_under_15,90.1,PRO_STRONG,
Sparta Rotterdam,Willem Ii,2026-10-17,home_goals_over_05,88.6,PRO_STRONG,
Sparta Rotterdam,Willem Ii,2026-10-17,dc_1x,85.3,PRO_STRONG,1.17
Sparta Rotterdam,Willem Ii,2026-10-17,dc_x2_and_under_25,84.9,PRO_STRONG,
Sparta Rotterdam,Willem Ii,2026-10-17,dc_12,81.2,PRO_STRONG,1.2
Sparta Rotterdam,Willem Ii,2026-10-17,home_win_either_half,77.8,PRO_STRONG,
Sparta Rotterdam,Willem Ii,2026-10-17,away_goals_under_15,74.5,PRO_MEDIUM,
Sparta Rotterdam,Willem Ii,2026-10-17,dc_x2_and_under_15,74.4,PRO_MEDIUM,
Sparta Rotterdam,Willem Ii,2026-10-17,both_teams_carded,71.5,PRO_MEDIUM,
Sparta Rotterdam,Willem Ii,2026-10-17,home_win_and_corners_under95,67.5,PRO_MEDIUM,
Sparta Rotterdam,Willem Ii,2026-10-17,dc_1x_and_over_15,67.4,PRO_MEDIUM,
Sparta Rotterdam,Willem Ii,2026-10-17,home_win,66.5,PRO_MEDIUM,1.53
Sparta Rotterdam,Willem Ii,2026-10-17,home_goals_under_25,64.8,PRO_MEDIUM,
Sparta Rotterdam,Willem Ii,2026-10-17,away_goals_over_05,62.8,PRO_MEDIUM,
Sparta Rotterdam,Willem Ii,2026-10-17,home_goals_over_15,62.6,PRO_MEDIUM,
Sparta Rotterdam,Willem Ii,2026-10-17,home_win_and_over_15,59.6,PRO_MEDIUM,
Sparta Rotterdam,Willem Ii,2026-10-17,goals_over_25,57.3,PRO_MEDIUM,1.48
Sparta Rotterdam,Willem Ii,2026-10-17,home_win_and_under_25,56.4,PRO_MEDIUM,
Sparta Rotterdam,Willem Ii,2026-10-17,home_win_2h,55.1,PRO_MEDIUM,
Sparta Rotterdam,Willem Ii,2026-10-17,dc_12_and_over_25,55.0,PRO_MEDIUM,
St Johnstone,Dundee United,2026-10-17,away_goals_under_25,87.9,PRO_STRONG,
St Johnstone,Dundee United,2026-10-17,home_goals_under_25,87.3,PRO_STRONG,
St Johnstone,Dundee United,2026-10-17,away_win_and_cards_under35,85.0,PRO_STRONG,
St Johnstone,Dundee United,2026-10-17,home_win_and_corners_under95,84.8,PRO_STRONG,
St Johnstone,Dundee United,2026-10-17,away_win_and_under_25,81.7,PRO_STRONG,
St Johnstone,Dundee United,2026-10-17,home_goals_over_05,80.4,PRO_STRONG,
St Johnstone,Dundee United,2026-10-17,home_win_and_under_25,78.0,PRO_STRONG,
St Johnstone,Dundee United,2026-10-17,away_win_and_under_15,77.8,PRO_STRONG,
St Johnstone,Dundee United,2026-10-17,dc_x2_and_under_25,77.1,PRO_STRONG,
St Johnstone,Dundee United,2026-10-17,home_win_and_under_15,72.4,PRO_MEDIUM,
St Johnstone,Dundee United,2026-10-17,dc_1x_and_under_25,71.3,PRO_MEDIUM,
St Johnstone,Dundee United,2026-10-17,both_teams_carded,71.2,PRO_MEDIUM,
St Johnstone,Dundee United,2026-10-17,dc_12,70.4,PRO_MEDIUM,1.28
St Johnstone,Dundee United,2026-10-17,dc_1x,69.3,PRO_MEDIUM,1.4
St Johnstone,Dundee United,2026-10-17,away_goals_under_15,68.6,PRO_MEDIUM,
St Johnstone,Dundee United,2026-10-17,dc_12_and_under_25,60.3,PRO_MEDIUM,
St Johnstone,Dundee United,2026-10-17,dc_x2,60.3,PRO_MEDIUM,1.62
St Johnstone,Dundee United,2026-10-17,home_goals_under_15,60.0,PRO_MEDIUM,
St Johnstone,Dundee United,2026-10-17,home_win_either_half,57.7,PRO_MEDIUM,
St Johnstone,Dundee United,2026-10-17,cards_range_3_5,57.5,PRO_MEDIUM,
St Johnstone,Dundee United,2026-10-17,dc_x2_and_under_15,56.0,PRO_MEDIUM,
St Johnstone,Falkirk,2026-09-19,away_win_and_under_25,84.9,PRO_STRONG,
St Johnstone,Falkirk,2026-09-19,away_win_and_under_15,81.3,PRO_STRONG,
St Johnstone,Falkirk,2026-09-19,home_win_and_under_25,77.9,PRO_STRONG,
St Johnstone,Falkirk,2026-09-19,home_goals_over_05,77.0,PRO_STRONG,
St Johnstone,Falkirk,2026-09-19,dc_1x,75.7,PRO_STRONG,
St Johnstone,Falkirk,2026-09-19,both_teams_carded,75.2,PRO_STRONG,
St Johnstone,Falkirk,2026-09-19,away_goals_under_15,69.9,PRO_MEDIUM,
St Johnstone,Falkirk,2026-09-19,dc_1x_and_under_25,69.9,PRO_MEDIUM,
St Johnstone,Falkirk,2026-09-19,dc_12,69.2,PRO_MEDIUM,
St Johnstone,Falkirk,2026-09-19,home_win_and_under_15,68.4,PRO_MEDIUM,
St Johnstone,Falkirk,2026-09-19,dc_12_and_under_25,63.8,PRO_MEDIUM,
St Johnstone,Falkirk,2026-09-19,home_win_either_half,62.0,PRO_MEDIUM,
St Johnstone,Falkirk,2026-09-19,home_goals_under_15,60.3,PRO_MEDIUM,
St Johnstone,Falkirk,2026-09-19,booking_pts_over_35,59.0,PRO_MEDIUM,
St Johnstone,Falkirk,2026-09-19,dc_x2_and_under_15,58.9,PRO_MEDIUM,
St Johnstone,Falkirk,2026-09-19,goals_under_25,56.7,PRO_MEDIUM,
St Johnstone,Falkirk,2026-09-19,dc_x2,55.1,PRO_MEDIUM,
St Truiden,Westerlo,2026-09-20,away_win_and_under_25,85.6,PRO_STRONG,
St Truiden,Westerlo,2026-09-20,home_goals_over_05,81.9,PRO_STRONG,
St Truiden,Westerlo,2026-09-20,away_win_and_under_15,81.8,PRO_STRONG,
St Truiden,Westerlo,2026-09-20,away_goals_over_05,73.9,PRO_MEDIUM,
St Truiden,Westerlo,2026-09-20,home_win_and_under_25,73.5,PRO_MEDIUM,
St Truiden,Westerlo,2026-09-20,dc_12,69.3,PRO_MEDIUM,
St Truiden,Westerlo,2026-09-20,both_teams_carded,69.1,PRO_MEDIUM,
St Truiden,Westerlo,2026-09-20,home_win_and_under_15,66.4,PRO_MEDIUM,
St Truiden,Westerlo,2026-09-20,away_goals_under_15,66.2,PRO_MEDIUM,
St Truiden,Westerlo,2026-09-20,dc_1x_and_under_25,65.5,PRO_MEDIUM,
St Truiden,Westerlo,2026-09-20,btts,60.4,PRO_MEDIUM,
St Truiden,Westerlo,2026-09-20,home_win_either_half,60.1,PRO_MEDIUM,
St Truiden,Westerlo,2026-09-20,cards_range_3_5,57.5,PRO_MEDIUM,
St Truiden,Westerlo,2026-09-20,dc_x2,56.2,PRO_MEDIUM,
St Truiden,Westerlo,2026-09-20,dc_1x_and_over_15,55.3,PRO_MEDIUM,
St Truiden,Westerlo,2026-09-20,home_goals_under_15,55.1,PRO_MEDIUM,
St. Liege,Charleroi,2026-10-11,home_goals_under_25,89.5,PRO_STRONG,
St. Liege,Charleroi,2026-10-11,home_win_and_corners_under95,85.1,PRO_STRONG,
St. Liege,Charleroi,2026-10-11,home_win_and_under_25,84.6,PRO_STRONG,
St. Liege,Charleroi,2026-10-11,away_goals_under_25,83.0,PRO_STRONG,
St. Liege,Charleroi,2026-10-11,home_win_and_under_15,80.6,PRO_STRONG,
St. Liege,Charleroi,2026-10-11,away_win_and_cards_under35,77.0,PRO_STRONG,
St. Liege,Charleroi,2026-10-11,dc_12,76.9,PRO_STRONG,1.3
St. Liege,Charleroi,2026-10-11,home_goals_over_05,76.1,PRO_STRONG,
St. Liege,Charleroi,2026-10-11,away_win_and_under_25,74.7,PRO_MEDIUM,
St. Liege,Charleroi,2026-10-11,dc_1x_and_under_25,74.4,PRO_MEDIUM,
St. Liege,Charleroi,2026-10-11,both_teams_carded,73.6,PRO_MEDIUM,
St. Liege,Charleroi,2026-10-11,away_goals_over_05,73.3,PRO_MEDIUM,
St. Liege,Charleroi,2026-10-11,dc_x2_and_under_25,70.8,PRO_MEDIUM,
St. Liege,Charleroi,2026-10-11,dc_x2,70.3,PRO_MEDIUM,1.36
St. Liege,Charleroi,2026-10-11,away_win_and_under_15,66.8,PRO_MEDIUM,
St. Liege,Charleroi,2026-10-11,home_goals_under_15,66.2,PRO_MEDIUM,
St. Liege,Charleroi,2026-10-11,away_win_either_half,57.9,PRO_MEDIUM,
St. Liege,Charleroi,2026-10-11,dc_1x_and_under_15,57.4,PRO_MEDIUM,
St. Liege,Charleroi,2026-10-11,booking_pts_over_35,57.1,PRO_MEDIUM,
St. Liege,Charleroi,2026-10-11,away_goals_under_15,56.8,PRO_MEDIUM,
St. Liege,Charleroi,2026-10-11,btts,56.3,PRO_MEDIUM,1.62
St. Liege,Charleroi,2026-10-11,dc_12_and_under_25,56.1,PRO_MEDIUM,
Stoke,Middlesbrough,2026-10-13,away_win_and_under_25,83.7,PRO_STRONG,
Stoke,Middlesbrough,2026-10-13,away_win_and_under_15,79.3,PRO_STRONG,
Stoke,Middlesbrough,2026-10-13,home_goals_over_05,78.0,PRO_STRONG,
Stoke,Middlesbrough,2026-10-13,home_win_and_under_25,76.2,PRO_STRONG,
Stoke,Middlesbrough,2026-10-13,away_goals_under_15,71.5,PRO_MEDIUM,
Stoke,Middlesbrough,2026-10-13,both_teams_carded,71.2,PRO_MEDIUM,
Stoke,Middlesbrough,2026-10-13,dc_12,70.0,PRO_MEDIUM,
Stoke,Middlesbrough,2026-10-13,dc_1x_and_under_25,68.0,PRO_MEDIUM,
Stoke,Middlesbrough,2026-10-13,home_win_and_under_15,65.5,PRO_MEDIUM,
Stoke,Middlesbrough,2026-10-13,home_win_either_half,60.4,PRO_MEDIUM,
Stoke,Middlesbrough,2026-10-13,dc_12_and_under_25,58.3,PRO_MEDIUM,
Stoke,Middlesbrough,2026-10-13,dc_x2,56.0,PRO_MEDIUM,
Stoke,Middlesbrough,2026-10-13,home_goals_under_15,55.9,PRO_MEDIUM,
Stoke,Middlesbrough,2026-10-13,dc_x2_and_under_15,55.0,PRO_MEDIUM,
Stoke,Sheffield United,2026-09-19,away_win_and_under_25,84.5,PRO_STRONG,
Stoke,Sheffield United,2026-09-19,home_goals_over_05,81.1,PRO_STRONG,
Stoke,Sheffield United,2026-09-19,away_win_and_under_15,79.6,PRO_STRONG,
Stoke,Sheffield United,2026-09-19,home_win_and_under_25,77.5,PRO_STRONG,
Stoke,Sheffield United,2026-09-19,both_teams_carded,75.5,PRO_STRONG,
Stoke,Sheffield United,2026-09-19,home_win_and_under_15,71.1,PRO_MEDIUM,
Stoke,Sheffield United,2026-09-19,away_goals_under_15,70.1,PRO_MEDIUM,
Stoke,Sheffield United,2026-09-19,dc_12,69.0,PRO_MEDIUM,
Stoke,Sheffield United,2026-09-19,away_goals_over_05,69.0,PRO_MEDIUM,
Stoke,Sheffield United,2026-09-19,dc_1x_and_under_25,68.1,PRO_MEDIUM,
Stoke,Sheffield United,2026-09-19,home_win_either_half,60.2,PRO_MEDIUM,
Stoke,Sheffield United,2026-09-19,dc_x2,57.2,PRO_MEDIUM,
Stoke,Sheffield United,2026-09-19,dc_12_and_under_25,57.2,PRO_MEDIUM,
Stoke,Sheffield United,2026-09-19,booking_pts_over_35,57.0,PRO_MEDIUM,
Stoke,Sheffield United,2026-09-19,home_goals_under_15,56.6,PRO_MEDIUM,
Strasbourg,PSG,2026-10-17,home_goals_under_25,92.8,PRO_STRONG,
Strasbourg,PSG,2026-10-17,home_win_and_corners_under95,91.8,PRO_STRONG,
Strasbourg,PSG,2026-10-17,home_win_and_under_25,91.1,PRO_STRONG,
Strasbourg,PSG,2026-10-17,home_win_and_under_15,88.9,PRO_STRONG,
Strasbourg,PSG,2026-10-17,home_win_and_cards_under35,88.7,PRO_MEDIUM,
Strasbourg,PSG,2026-10-17,away_goals_over_05,88.3,PRO_STRONG,
Strasbourg,PSG,2026-10-17,dc_12,83.1,PRO_STRONG,1.18
Strasbourg,PSG,2026-10-17,dc_1x_and_under_25,83.1,PRO_STRONG,
Strasbourg,PSG,2026-10-17,dc_x2,82.7,PRO_STRONG,1.14
Strasbourg,PSG,2026-10-17,away_win_and_cards_under35,76.0,PRO_STRONG,
Strasbourg,PSG,2026-10-17,home_goals_under_15,75.9,PRO_STRONG,
Strasbourg,PSG,2026-10-17,away_win_either_half,74.2,PRO_MEDIUM,
Strasbourg,PSG,2026-10-17,dc_1x_and_under_15,72.4,PRO_MEDIUM,
Strasbourg,PSG,2026-10-17,dc_x2_and_over_15,71.1,PRO_MEDIUM,
Strasbourg,PSG,2026-10-17,both_teams_carded,71.1,PRO_MEDIUM,
Strasbourg,PSG,2026-10-17,away_goals_under_25,66.7,PRO_MEDIUM,
Strasbourg,PSG,2026-10-17,away_win,65.8,PRO_MEDIUM,1.44
Strasbourg,PSG,2026-10-17,goals_over_25,63.5,PRO_MEDIUM,1.33
Strasbourg,PSG,2026-10-17,away_goals_over_15,61.3,PRO_MEDIUM,
Strasbourg,PSG,2026-10-17,cards_range_3_5,59.7,PRO_MEDIUM,
Strasbourg,PSG,2026-10-17,home_goals_over_05,56.3,PRO_MEDIUM,
Strasbourg,PSG,2026-10-17,dc_12_and_over_25,55.7,PRO_MEDIUM,
Strasbourg,PSG,2026-10-17,away_win_and_over_15,55.4,PRO_MEDIUM,
Stuttgart,M'Gladbach,2026-10-23,away_win_and_under_25,84.3,PRO_STRONG,
Stuttgart,M'Gladbach,2026-10-23,home_goals_over_05,82.5,PRO_STRONG,
Stuttgart,M'Gladbach,2026-10-23,away_win_and_under_15,80.1,PRO_STRONG,
Stuttgart,M'Gladbach,2026-10-23,both_teams_carded,75.1,PRO_STRONG,
Stuttgart,M'Gladbach,2026-10-23,home_win_and_under_25,73.0,PRO_MEDIUM,
Stuttgart,M'Gladbach,2026-10-23,dc_12,71.1,PRO_MEDIUM,
Stuttgart,M'Gladbach,2026-10-23,away_goals_over_05,69.0,PRO_MEDIUM,
Stuttgart,M'Gladbach,2026-10-23,away_goals_under_15,67.4,PRO_MEDIUM,
Stuttgart,M'Gladbach,2026-10-23,home_win_and_under_15,67.3,PRO_MEDIUM,
Stuttgart,M'Gladbach,2026-10-23,dc_1x_and_under_25,64.8,PRO_MEDIUM,
Stuttgart,M'Gladbach,2026-10-23,home_win_either_half,58.2,PRO_MEDIUM,
Stuttgart,M'Gladbach,2026-10-23,booking_pts_over_35,57.4,PRO_MEDIUM,
Stuttgart,M'Gladbach,2026-10-23,home_goals_under_15,55.7,PRO_MEDIUM,
Stuttgart,M'Gladbach,2026-10-23,dc_x2,55.2,PRO_MEDIUM,
Sunderland,Brighton,2026-10-10,home_goals_under_25,88.8,PRO_STRONG,
Sunderland,Brighton,2026-10-10,home_win_and_corners_under95,85.1,PRO_STRONG,
Sunderland,Brighton,2026-10-10,away_goals_under_25,83.2,PRO_STRONG,
Sunderland,Brighton,2026-10-10,home_win_and_under_25,83.0,PRO_STRONG,
Sunderland,Brighton,2026-10-10,home_win_and_cards_under35,80.8,PRO_MEDIUM,
Sunderland,Brighton,2026-10-10,home_win_and_under_15,78.1,PRO_STRONG,
Sunderland,Brighton,2026-10-10,dc_1x_and_under_25,76.0,PRO_STRONG,
Sunderland,Brighton,2026-10-10,both_teams_carded,75.8,PRO_STRONG,
Sunderland,Brighton,2026-10-10,away_win_and_under_25,74.6,PRO_MEDIUM,
Sunderland,Brighton,2026-10-10,dc_12,74.2,PRO_MEDIUM,1.3
Sunderland,Brighton,2026-10-10,dc_x2_and_under_25,72.3,PRO_MEDIUM,
Sunderland,Brighton,2026-10-10,home_goals_over_05,71.8,PRO_MEDIUM,
Sunderland,Brighton,2026-10-10,away_win_and_cards_under35,71.3,PRO_MEDIUM,
Sunderland,Brighton,2026-10-10,away_win_and_under_15,70.3,PRO_MEDIUM,
Sunderland,Brighton,2026-10-10,home_goals_under_15,67.1,PRO_MEDIUM,
Sunderland,Brighton,2026-10-10,dc_x2,65.2,PRO_MEDIUM,1.4
Sunderland,Brighton,2026-10-10,booking_pts_over_35,61.2,PRO_MEDIUM,
Sunderland,Brighton,2026-10-10,dc_1x,60.6,PRO_MEDIUM,1.57
Sunderland,Brighton,2026-10-10,away_goals_under_15,59.1,PRO_MEDIUM,
Sunderland,Brighton,2026-10-10,away_win_either_half,58.6,PRO_MEDIUM,
Sunderland,Brighton,2026-10-10,dc_1x_and_under_15,57.8,PRO_MEDIUM,
Sunderland,Brighton,2026-10-10,cards_range_3_5,55.4,PRO_MEDIUM,
Swansea,Norwich,2026-10-10,away_goals_under_25,87.9,PRO_STRONG,
Swansea,Norwich,2026-10-10,home_goals_under_25,87.2,PRO_STRONG,
Swansea,Norwich,2026-10-10,away_win_and_cards_under35,83.3,PRO_STRONG,
Swansea,Norwich,2026-10-10,home_win_and_corners_under95,81.7,PRO_STRONG,
Swansea,Norwich,2026-10-10,away_win_and_under_25,79.3,PRO_STRONG,
Swansea,Norwich,2026-10-10,home_win_and_under_25,77.8,PRO_STRONG,
Swansea,Norwich,2026-10-10,home_goals_over_05,76.8,PRO_STRONG,
Swansea,Norwich,2026-10-10,both_teams_carded,75.2,PRO_STRONG,
Swansea,Norwich,2026-10-10,away_win_and_under_15,73.2,PRO_MEDIUM,
Swansea,Norwich,2026-10-10,dc_12,72.8,PRO_MEDIUM,1.3
Swansea,Norwich,2026-10-10,dc_x2_and_under_25,72.5,PRO_MEDIUM,
Swansea,Norwich,2026-10-10,away_goals_over_05,70.8,PRO_MEDIUM,
Swansea,Norwich,2026-10-10,home_win_and_under_15,70.2,PRO_MEDIUM,
Swansea,Norwich,2026-10-10,dc_1x_and_under_25,68.1,PRO_MEDIUM,
Swansea,Norwich,2026-10-10,dc_1x,64.2,PRO_MEDIUM,1.44
Swansea,Norwich,2026-10-10,dc_x2,63.0,PRO_MEDIUM,1.53
Swansea,Norwich,2026-10-10,away_goals_under_15,62.7,PRO_MEDIUM,
Swansea,Norwich,2026-10-10,booking_pts_over_35,58.3,PRO_MEDIUM,
Swansea,Norwich,2026-10-10,home_goals_under_15,55.6,PRO_MEDIUM,
Telstar,Den Haag,2026-10-11,away_goals_under_25,85.9,PRO_STRONG,
Telstar,Den Haag,2026-10-11,away_win_and_cards_under35,85.2,PRO_STRONG,
Telstar,Den Haag,2026-10-11,away_win_and_under_25,83.3,PRO_STRONG,
Telstar,Den Haag,2026-10-11,home_goals_over_05,80.8,PRO_STRONG,
Telstar,Den Haag,2026-10-11,home_goals_under_25,79.9,PRO_STRONG,
Telstar,Den Haag,2026-10-11,away_win_and_under_15,78.9,PRO_STRONG,
Telstar,Den Haag,2026-10-11,home_win_and_corners_under95,78.6,PRO_STRONG,
Telstar,Den Haag,2026-10-11,dc_x2_and_under_25,76.9,PRO_STRONG,
Telstar,Den Haag,2026-10-11,dc_12,76.6,PRO_STRONG,1.25
Telstar,Den Haag,2026-10-11,home_win_and_under_25,72.8,PRO_MEDIUM,
Telstar,Den Haag,2026-10-11,away_goals_over_05,71.9,PRO_MEDIUM,
Telstar,Den Haag,2026-10-11,both_teams_carded,71.5,PRO_MEDIUM,
Telstar,Den Haag,2026-10-11,home_win_and_under_15,68.8,PRO_MEDIUM,
Telstar,Den Haag,2026-10-11,dc_1x,67.4,PRO_MEDIUM,1.33
Telstar,Den Haag,2026-10-11,away_goals_under_15,66.2,PRO_MEDIUM,
Telstar,Den Haag,2026-10-11,dc_1x_and_under_25,64.1,PRO_MEDIUM,
Telstar,Den Haag,2026-10-11,goals_over_25,61.7,PRO_MEDIUM,1.57
Telstar,Den Haag,2026-10-11,dc_1x_and_over_15,59.1,PRO_MEDIUM,
Telstar,Den Haag,2026-10-11,dc_x2,56.1,PRO_MEDIUM,1.8
Telstar,Den Haag,2026-10-11,dc_x2_and_under_15,55.9,PRO_MEDIUM,
Telstar,Den Haag,2026-10-11,home_goals_under_15,55.3,PRO_MEDIUM,
Telstar,Feyenoord,2026-10-17,home_goals_under_25,94.0,PRO_STRONG,
Telstar,Feyenoord,2026-10-17,home_win_and_corners_under95,91.8,PRO_STRONG,
Telstar,Feyenoord,2026-10-17,home_win_and_under_25,91.4,PRO_STRONG,
Telstar,Feyenoord,2026-10-17,home_win_and_cards_under35,91.0,PRO_MEDIUM,
Telstar,Feyenoord,2026-10-17,home_win_and_under_15,89.8,PRO_STRONG,
Telstar,Feyenoord,2026-10-17,away_goals_over_05,89.4,PRO_STRONG,
Telstar,Feyenoord,2026-10-17,dc_x2,87.1,PRO_STRONG,1.1
Telstar,Feyenoord,2026-10-17,dc_1x_and_under_25,85.5,PRO_STRONG,
Telstar,Feyenoord,2026-10-17,dc_12,84.4,PRO_STRONG,1.14
Telstar,Feyenoord,2026-10-17,away_win_either_half,79.4,PRO_STRONG,
Telstar,Feyenoord,2026-10-17,dc_1x_and_under_15,78.6,PRO_STRONG,
Telstar,Feyenoord,2026-10-17,home_goals_under_15,76.2,PRO_STRONG,
Telstar,Feyenoord,2026-10-17,away_win_and_cards_under35,76.0,PRO_STRONG,
Telstar,Feyenoord,2026-10-17,dc_x2_and_over_15,73.4,PRO_MEDIUM,
Telstar,Feyenoord,2026-10-17,away_win,71.6,PRO_MEDIUM,1.33
Telstar,Feyenoord,2026-10-17,both_teams_carded,69.4,PRO_MEDIUM,
Telstar,Feyenoord,2026-10-17,goals_over_25,69.1,PRO_MEDIUM,1.33
Telstar,Feyenoord,2026-10-17,away_goals_under_25,65.7,PRO_MEDIUM,
Telstar,Feyenoord,2026-10-17,dc_12_and_over_25,64.9,PRO_MEDIUM,
Telstar,Feyenoord,2026-10-17,away_goals_over_15,64.3,PRO_MEDIUM,
Telstar,Feyenoord,2026-10-17,away_win_and_over_15,60.9,PRO_MEDIUM,
Telstar,Feyenoord,2026-10-17,cards_range_3_5,57.5,PRO_MEDIUM,
Telstar,Feyenoord,2026-10-17,home_goals_over_05,57.0,PRO_MEDIUM,
Telstar,Feyenoord,2026-10-17,away_win_2h,56.6,PRO_MEDIUM,
Telstar,Feyenoord,2026-10-17,btts,56.5,PRO_MEDIUM,1.57
Torino,Monza,2026-10-23,away_win_and_under_25,85.5,PRO_STRONG,
Torino,Monza,2026-10-23,away_win_and_under_15,83.8,PRO_STRONG,
Torino,Monza,2026-10-23,home_goals_over_05,80.7,PRO_STRONG,
Torino,Monza,2026-10-23,both_teams_carded,78.0,PRO_STRONG,
Torino,Monza,2026-10-23,dc_1x,76.6,PRO_STRONG,
Torino,Monza,2026-10-23,home_win_and_under_25,76.4,PRO_STRONG,
Torino,Monza,2026-10-23,away_goals_under_15,72.1,PRO_MEDIUM,
Torino,Monza,2026-10-23,dc_12,68.0,PRO_MEDIUM,
Torino,Monza,2026-10-23,home_win_and_under_15,67.2,PRO_MEDIUM,
Torino,Monza,2026-10-23,dc_1x_and_under_25,66.2,PRO_MEDIUM,
Torino,Monza,2026-10-23,away_goals_over_05,65.8,PRO_MEDIUM,
Torino,Monza,2026-10-23,booking_pts_over_35,61.9,PRO_MEDIUM,
Torino,Monza,2026-10-23,home_win_either_half,60.7,PRO_MEDIUM,
Torino,Monza,2026-10-23,dc_12_and_under_25,60.3,PRO_MEDIUM,
Torino,Monza,2026-10-23,dc_x2_and_under_15,58.9,PRO_MEDIUM,
Torino,Monza,2026-10-23,cards_range_3_5,57.5,PRO_MEDIUM,
Torino,Monza,2026-10-23,goals_under_25,56.1,PRO_MEDIUM,
Torino,Monza,2026-10-23,dc_1x_and_over_15,55.5,PRO_MEDIUM,
Torino,Monza,2026-10-23,dc_x2,55.3,PRO_MEDIUM,
Torino,Monza,2026-10-23,booking_pts_under_45,55.2,PRO_MEDIUM,
Torino,Udinese,2026-10-12,away_goals_under_25,91.0,PRO_STRONG,
Torino,Udinese,2026-10-12,home_goals_under_25,88.5,PRO_STRONG,
Torino,Udinese,2026-10-12,away_win_and_under_25,86.1,PRO_STRONG,
Torino,Udinese,2026-10-12,away_win_and_cards_under35,83.8,PRO_STRONG,
Torino,Udinese,2026-10-12,dc_x2_and_under_25,82.6,PRO_STRONG,
Torino,Udinese,2026-10-12,home_win_and_corners_under95,81.3,PRO_STRONG,
Torino,Udinese,2026-10-12,home_win_and_under_25,81.0,PRO_STRONG,
Torino,Udinese,2026-10-12,away_win_and_under_15,80.5,PRO_STRONG,
Torino,Udinese,2026-10-12,both_teams_carded,78.0,PRO_STRONG,
Torino,Udinese,2026-10-12,home_goals_over_05,77.1,PRO_STRONG,
Torino,Udinese,2026-10-12,home_win_and_under_15,73.7,PRO_MEDIUM,
Torino,Udinese,2026-10-12,away_goals_under_15,73.3,PRO_MEDIUM,
Torino,Udinese,2026-10-12,dc_1x_and_under_25,72.4,PRO_MEDIUM,
Torino,Udinese,2026-10-12,dc_1x,69.2,PRO_MEDIUM,1.36
Torino,Udinese,2026-10-12,dc_12,67.5,PRO_MEDIUM,1.36
Torino,Udinese,2026-10-12,away_goals_over_05,66.3,PRO_MEDIUM,
Torino,Udinese,2026-10-12,dc_12_and_under_25,63.7,PRO_MEDIUM,
Torino,Udinese,2026-10-12,dc_x2,63.3,PRO_MEDIUM,1.57
Torino,Udinese,2026-10-12,booking_pts_over_35,61.9,PRO_MEDIUM,
Torino,Udinese,2026-10-12,dc_x2_and_under_15,60.4,PRO_MEDIUM,
Torino,Udinese,2026-10-12,home_goals_under_15,59.5,PRO_MEDIUM,
Torino,Udinese,2026-10-12,goals_under_25,58.3,PRO_MEDIUM,1.73
Torino,Udinese,2026-10-12,cards_range_3_5,57.5,PRO_MEDIUM,
Torino,Udinese,2026-10-12,booking_pts_under_45,55.2,PRO_MEDIUM,
Tottenham,Coventry,2026-10-19,away_goals_under_25,94.6,PRO_STRONG,
Tottenham,Coventry,2026-10-19,away_win_and_under_25,92.7,PRO_STRONG,
Tottenham,Coventry,2026-10-19,away_win_and_cards_under35,92.0,PRO_STRONG,
Tottenham,Coventry,2026-10-19,away_win_and_under_15,91.8,PRO_STRONG,
Tottenham,Coventry,2026-10-19,home_goals_over_05,86.9,PRO_STRONG,
Tottenham,Coventry,2026-10-19,dc_x2_and_under_25,85.2,PRO_STRONG,
Tottenham,Coventry,2026-10-19,dc_1x,85.1,PRO_STRONG,1.12
Tottenham,Coventry,2026-10-19,away_goals_under_15,79.4,PRO_STRONG,
Tottenham,Coventry,2026-10-19,dc_12,78.3,PRO_STRONG,1.2
Tottenham,Coventry,2026-10-19,both_teams_carded,77.9,PRO_STRONG,
Tottenham,Coventry,2026-10-19,home_win_either_half,75.3,PRO_STRONG,
Tottenham,Coventry,2026-10-19,dc_x2_and_under_15,73.7,PRO_MEDIUM,
Tottenham,Coventry,2026-10-19,dc_1x_and_over_15,70.8,PRO_MEDIUM,
Tottenham,Coventry,2026-10-19,home_win_and_corners_under95,68.8,PRO_MEDIUM,
Tottenham,Coventry,2026-10-19,home_goals_under_25,68.3,PRO_MEDIUM,
Tottenham,Coventry,2026-10-19,home_win,63.3,PRO_MEDIUM,1.48
Tottenham,Coventry,2026-10-19,home_goals_over_15,61.1,PRO_MEDIUM,
Tottenham,Coventry,2026-10-19,home_win_and_under_25,60.1,PRO_MEDIUM,
Tottenham,Coventry,2026-10-19,booking_pts_over_35,60.1,PRO_MEDIUM,
Tottenham,Coventry,2026-10-19,home_win_and_over_15,59.0,PRO_MEDIUM,
Tottenham,Coventry,2026-10-19,away_goals_over_05,58.9,PRO_MEDIUM,
Tottenham,Coventry,2026-10-19,dc_1x_and_under_25,56.9,PRO_MEDIUM,
Tottenham,Coventry,2026-10-19,cards_range_3_5,55.7,PRO_MEDIUM,
Trabzonspor,Besiktas,2026-10-19,away_win_and_under_25,84.0,PRO_STRONG,
Trabzonspor,Besiktas,2026-10-19,home_goals_over_05,83.5,PRO_STRONG,
Trabzonspor,Besiktas,2026-10-19,away_win_and_under_15,79.8,PRO_STRONG,
Trabzonspor,Besiktas,2026-10-19,dc_12,76.6,PRO_STRONG,
Trabzonspor,Besiktas,2026-10-19,both_teams_carded,75.9,PRO_STRONG,
Trabzonspor,Besiktas,2026-10-19,home_win_and_under_25,74.7,PRO_MEDIUM,
Trabzonspor,Besiktas,2026-10-19,away_goals_under_15,70.6,PRO_MEDIUM,
Trabzonspor,Besiktas,2026-10-19,away_goals_over_05,70.2,PRO_MEDIUM,
Trabzonspor,Besiktas,2026-10-19,dc_1x_and_under_25,64.2,PRO_MEDIUM,
Trabzonspor,Besiktas,2026-10-19,booking_pts_over_35,61.5,PRO_MEDIUM,
Trabzonspor,Besiktas,2026-10-19,home_win_and_under_15,60.9,PRO_MEDIUM,
Trabzonspor,Besiktas,2026-10-19,dc_1x_and_over_15,59.2,PRO_MEDIUM,
Trabzonspor,Besiktas,2026-10-19,home_win_either_half,58.4,PRO_MEDIUM,
Trabzonspor,Besiktas,2026-10-19,btts,57.9,PRO_MEDIUM,
Trabzonspor,Besiktas,2026-10-19,goals_over_25,56.4,PRO_MEDIUM,
Troyes,Lens,2026-10-17,home_goals_under_25,93.8,PRO_STRONG,
Troyes,Lens,2026-10-17,home_win_and_under_25,89.8,PRO_STRONG,
Troyes,Lens,2026-10-17,home_win_and_corners_under95,88.9,PRO_STRONG,
Troyes,Lens,2026-10-17,home_win_and_under_15,87.0,PRO_STRONG,
Troyes,Lens,2026-10-17,home_win_and_cards_under35,87.0,PRO_MEDIUM,
Troyes,Lens,2026-10-17,away_goals_over_05,83.4,PRO_STRONG,
Troyes,Lens,2026-10-17,dc_1x_and_under_25,81.3,PRO_STRONG,
Troyes,Lens,2026-10-17,dc_x2,78.0,PRO_STRONG,1.25
Troyes,Lens,2026-10-17,dc_12,76.6,PRO_STRONG,1.25
Troyes,Lens,2026-10-17,both_teams_carded,75.4,PRO_STRONG,
Troyes,Lens,2026-10-17,away_win_and_cards_under35,74.5,PRO_MEDIUM,
Troyes,Lens,2026-10-17,home_goals_under_15,74.3,PRO_MEDIUM,
Troyes,Lens,2026-10-17,away_goals_under_25,73.0,PRO_MEDIUM,
Troyes,Lens,2026-10-17,dc_1x_and_under_15,68.8,PRO_MEDIUM,
Troyes,Lens,2026-10-17,away_win_either_half,68.0,PRO_MEDIUM,
Troyes,Lens,2026-10-17,home_goals_over_05,65.8,PRO_MEDIUM,
Troyes,Lens,2026-10-17,dc_x2_and_over_15,60.8,PRO_MEDIUM,
Troyes,Lens,2026-10-17,away_win_and_under_25,60.1,PRO_MEDIUM,
Troyes,Lens,2026-10-17,away_goals_over_15,57.8,PRO_MEDIUM,
Troyes,Lens,2026-10-17,booking_pts_over_35,57.8,PRO_MEDIUM,
Troyes,Lens,2026-10-17,goals_over_25,56.9,PRO_MEDIUM,1.57
Troyes,Marseille,2026-10-11,home_goals_under_25,93.7,PRO_STRONG,
Troyes,Marseille,2026-10-11,home_win_and_under_25,89.6,PRO_STRONG,
Troyes,Marseille,2026-10-11,home_win_and_corners_under95,88.9,PRO_STRONG,
Troyes,Marseille,2026-10-11,home_win_and_under_15,87.2,PRO_STRONG,
Troyes,Marseille,2026-10-11,home_win_and_cards_under35,87.0,PRO_MEDIUM,
Troyes,Marseille,2026-10-11,away_goals_over_05,84.9,PRO_STRONG,
Troyes,Marseille,2026-10-11,dc_1x_and_under_25,82.3,PRO_STRONG,
Troyes,Marseille,2026-10-11,dc_x2,79.7,PRO_STRONG,1.25
Troyes,Marseille,2026-10-11,dc_12,76.2,PRO_STRONG,1.25
Troyes,Marseille,2026-10-11,home_goals_under_15,75.4,PRO_STRONG,
Troyes,Marseille,2026-10-11,both_teams_carded,75.4,PRO_STRONG,
Troyes,Marseille,2026-10-11,away_win_and_cards_under35,74.5,PRO_MEDIUM,
Troyes,Marseille,2026-10-11,away_goals_under_25,73.3,PRO_MEDIUM,
Troyes,Marseille,2026-10-11,dc_1x_and_under_15,68.5,PRO_MEDIUM,
Troyes,Marseille,2026-10-11,away_win_either_half,68.5,PRO_MEDIUM,
Troyes,Marseille,2026-10-11,dc_x2_and_over_15,65.7,PRO_MEDIUM,
Troyes,Marseille,2026-10-11,home_goals_over_05,62.9,PRO_MEDIUM,
Troyes,Marseille,2026-10-11,away_win_and_under_25,60.2,PRO_MEDIUM,
Troyes,Marseille,2026-10-11,booking_pts_over_35,57.8,PRO_MEDIUM,
Troyes,Marseille,2026-10-11,goals_over_25,57.4,PRO_MEDIUM,1.62
Troyes,Marseille,2026-10-11,away_goals_over_15,57.3,PRO_MEDIUM,
Troyes,Marseille,2026-10-11,away_win,55.9,PRO_MEDIUM,1.83
Twente,PSV,2026-09-20,away_win_and_under_25,84.7,PRO_STRONG,
Twente,PSV,2026-09-20,home_goals_over_05,84.5,PRO_STRONG,
Twente,PSV,2026-09-20,away_win_and_under_15,81.0,PRO_STRONG,
Twente,PSV,2026-09-20,home_win_and_under_25,72.4,PRO_MEDIUM,
Twente,PSV,2026-09-20,dc_12,72.1,PRO_MEDIUM,
Twente,PSV,2026-09-20,both_teams_carded,69.4,PRO_MEDIUM,
Twente,PSV,2026-09-20,away_goals_under_15,68.2,PRO_MEDIUM,
Twente,PSV,2026-09-20,home_win_and_under_15,63.2,PRO_MEDIUM,
Twente,PSV,2026-09-20,dc_1x_and_under_25,62.6,PRO_MEDIUM,
Twente,PSV,2026-09-20,home_win_either_half,58.8,PRO_MEDIUM,
Twente,PSV,2026-09-20,btts,57.8,PRO_MEDIUM,
Twente,PSV,2026-09-20,dc_1x_and_over_15,56.2,PRO_MEDIUM,
Twente,PSV,2026-09-20,cards_range_3_5,56.1,PRO_MEDIUM,
Twente,PSV,2026-09-20,dc_x2_and_under_15,55.1,PRO_MEDIUM,
Twente,Utrecht,2026-10-18,away_win_and_cards_under35,95.9,PRO_STRONG,
Twente,Utrecht,2026-10-18,away_goals_under_25,94.5,PRO_STRONG,
Twente,Utrecht,2026-10-18,away_win_and_under_25,94.1,PRO_STRONG,
Twente,Utrecht,2026-10-18,away_win_and_under_15,93.1,PRO_STRONG,
Twente,Utrecht,2026-10-18,home_goals_over_05,92.2,PRO_STRONG,
Twente,Utrecht,2026-10-18,dc_1x,89.4,PRO_STRONG,1.1
Twente,Utrecht,2026-10-18,dc_x2_and_under_25,88.1,PRO_STRONG,
Twente,Utrecht,2026-10-18,dc_12,84.1,PRO_STRONG,1.14
Twente,Utrecht,2026-10-18,home_win_either_half,81.4,PRO_STRONG,
Twente,Utrecht,2026-10-18,dc_x2_and_under_15,81.1,PRO_STRONG,
Twente,Utrecht,2026-10-18,away_goals_under_15,77.1,PRO_STRONG,
Twente,Utrecht,2026-10-18,dc_1x_and_over_15,74.2,PRO_MEDIUM,
Twente,Utrecht,2026-10-18,home_win,73.5,PRO_MEDIUM,1.3
Twente,Utrecht,2026-10-18,both_teams_carded,71.5,PRO_MEDIUM,
Twente,Utrecht,2026-10-18,home_goals_over_15,68.1,PRO_MEDIUM,
Twente,Utrecht,2026-10-18,home_win_and_corners_under95,67.0,PRO_MEDIUM,
Twente,Utrecht,2026-10-18,goals_over_25,65.7,PRO_MEDIUM,1.33
Twente,Utrecht,2026-10-18,dc_12_and_over_25,64.7,PRO_MEDIUM,
Twente,Utrecht,2026-10-18,home_win_and_over_15,63.2,PRO_MEDIUM,
Twente,Utrecht,2026-10-18,home_win_1h,60.5,PRO_MEDIUM,
Twente,Utrecht,2026-10-18,dc_1x_and_over_25,59.4,PRO_MEDIUM,
Twente,Utrecht,2026-10-18,away_goals_over_05,59.0,PRO_MEDIUM,
Twente,Utrecht,2026-10-18,home_win_2h,58.0,PRO_MEDIUM,
Twente,Utrecht,2026-10-18,btts,57.4,PRO_MEDIUM,1.62
Twente,Utrecht,2026-10-18,home_win_and_over_25,57.0,PRO_MEDIUM,
Twente,Utrecht,2026-10-18,home_score_both_halves,56.4,PRO_MEDIUM,
Udinese,Lecce,2026-10-18,away_goals_under_25,93.2,PRO_STRONG,
Udinese,Lecce,2026-10-18,away_win_and_under_25,90.4,PRO_STRONG,
Udinese,Lecce,2026-10-18,away_win_and_under_15,88.1,PRO_STRONG,
Udinese,Lecce,2026-10-18,dc_x2_and_under_25,85.7,PRO_STRONG,
Udinese,Lecce,2026-10-18,away_win_and_cards_under35,85.1,PRO_STRONG,
Udinese,Lecce,2026-10-18,home_goals_under_25,83.7,PRO_STRONG,
Udinese,Lecce,2026-10-18,home_goals_over_05,82.8,PRO_STRONG,
Udinese,Lecce,2026-10-18,dc_1x,82.5,PRO_STRONG,
Udinese,Lecce,2026-10-18,away_goals_under_15,76.0,PRO_STRONG,
Udinese,Lecce,2026-10-18,home_win_and_under_25,73.4,PRO_MEDIUM,
Udinese,Lecce,2026-10-18,home_win_and_corners_under95,72.6,PRO_MEDIUM,
Udinese,Lecce,2026-10-18,dc_12,69.6,PRO_MEDIUM,
Udinese,Lecce,2026-10-18,dc_x2_and_under_15,69.3,PRO_MEDIUM,
Udinese,Lecce,2026-10-18,home_win_either_half,68.1,PRO_MEDIUM,
Udinese,Lecce,2026-10-18,dc_1x_and_under_25,65.0,PRO_MEDIUM,
Udinese,Lecce,2026-10-18,away_goals_over_05,62.3,PRO_MEDIUM,
Udinese,Lecce,2026-10-18,dc_12_and_under_25,60.0,PRO_MEDIUM,
Udinese,Lecce,2026-10-18,home_win_and_under_15,59.4,PRO_MEDIUM,
Udinese,Lecce,2026-10-18,goals_under_25,56.4,PRO_MEDIUM,1.91
Udinese,Lecce,2026-10-18,dc_1x_and_over_15,56.0,PRO_MEDIUM,
Udinese,Lecce,2026-10-18,home_goals_under_15,56.0,PRO_MEDIUM,
Union Berlin,Dortmund,2026-10-17,home_goals_under_25,91.3,PRO_STRONG,
Union Berlin,Dortmund,2026-10-17,home_win_and_corners_under95,89.6,PRO_STRONG,
Union Berlin,Dortmund,2026-10-17,home_win_and_cards_under35,87.7,PRO_MEDIUM,
Union Berlin,Dortmund,2026-10-17,home_win_and_under_25,87.2,PRO_STRONG,
Union Berlin,Dortmund,2026-10-17,away_goals_over_05,86.8,PRO_STRONG,
Union Berlin,Dortmund,2026-10-17,home_win_and_under_15,85.2,PRO_STRONG,
Union Berlin,Dortmund,2026-10-17,dc_1x_and_under_25,81.3,PRO_STRONG,
Union Berlin,Dortmund,2026-10-17,dc_12,81.2,PRO_STRONG,1.22
Union Berlin,Dortmund,2026-10-17,dc_x2,80.8,PRO_STRONG,1.2
Union Berlin,Dortmund,2026-10-17,both_teams_carded,80.2,PRO_STRONG,
Union Berlin,Dortmund,2026-10-17,away_win_either_half,72.7,PRO_MEDIUM,
Union Berlin,Dortmund,2026-10-17,away_win_and_cards_under35,71.6,PRO_MEDIUM,
Union Berlin,Dortmund,2026-10-17,away_goals_under_25,69.5,PRO_MEDIUM,
Union Berlin,Dortmund,2026-10-17,dc_1x_and_under_15,68.2,PRO_MEDIUM,
Union Berlin,Dortmund,2026-10-17,dc_x2_and_over_15,68.0,PRO_MEDIUM,
Union Berlin,Dortmund,2026-10-17,home_goals_under_15,67.9,PRO_MEDIUM,
Union Berlin,Dortmund,2026-10-17,home_goals_over_05,66.8,PRO_MEDIUM,
Union Berlin,Dortmund,2026-10-17,goals_over_25,63.5,PRO_MEDIUM,1.5
Union Berlin,Dortmund,2026-10-17,away_win,62.1,PRO_MEDIUM,1.65
Union Berlin,Dortmund,2026-10-17,away_win_and_under_25,60.8,PRO_MEDIUM,
Union Berlin,Dortmund,2026-10-17,booking_pts_over_35,59.6,PRO_MEDIUM,
Union Berlin,Dortmund,2026-10-17,away_goals_over_15,58.9,PRO_MEDIUM,
Union Berlin,Dortmund,2026-10-17,btts,58.1,PRO_MEDIUM,1.5
Union Berlin,Dortmund,2026-10-17,dc_12_and_over_25,57.5,PRO_MEDIUM,
Union Berlin,Elversberg,2026-10-10,away_goals_under_25,87.7,PRO_STRONG,
Union Berlin,Elversberg,2026-10-10,home_goals_under_25,85.1,PRO_STRONG,
Union Berlin,Elversberg,2026-10-10,away_win_and_under_25,84.0,PRO_STRONG,
Union Berlin,Elversberg,2026-10-10,home_win_and_corners_under95,82.5,PRO_STRONG,
Union Berlin,Elversberg,2026-10-10,home_goals_over_05,82.1,PRO_STRONG,
Union Berlin,Elversberg,2026-10-10,both_teams_carded,80.9,PRO_STRONG,
Union Berlin,Elversberg,2026-10-10,away_win_and_cards_under35,77.8,PRO_STRONG,
Union Berlin,Elversberg,2026-10-10,away_win_and_under_15,77.7,PRO_STRONG,
Union Berlin,Elversberg,2026-10-10,dc_12,77.2,PRO_STRONG,1.3
Union Berlin,Elversberg,2026-10-10,dc_x2_and_under_25,77.1,PRO_STRONG,
Union Berlin,Elversberg,2026-10-10,home_win_and_under_25,74.9,PRO_MEDIUM,
Union Berlin,Elversberg,2026-10-10,away_goals_over_05,73.5,PRO_MEDIUM,
Union Berlin,Elversberg,2026-10-10,dc_1x,68.0,PRO_MEDIUM,1.36
Union Berlin,Elversberg,2026-10-10,away_goals_under_15,66.2,PRO_MEDIUM,
Union Berlin,Elversberg,2026-10-10,dc_1x_and_under_25,65.4,PRO_MEDIUM,
Union Berlin,Elversberg,2026-10-10,home_win_and_under_15,64.2,PRO_MEDIUM,
Union Berlin,Elversberg,2026-10-10,booking_pts_over_35,61.2,PRO_MEDIUM,
Union Berlin,Elversberg,2026-10-10,btts,58.5,PRO_MEDIUM,1.57
Union Berlin,Elversberg,2026-10-10,dc_x2_and_under_15,57.1,PRO_MEDIUM,
Union Berlin,Elversberg,2026-10-10,dc_1x_and_over_15,55.3,PRO_MEDIUM,
Utrecht,Willem Ii,2026-10-11,away_goals_under_25,94.0,PRO_STRONG,
Utrecht,Willem Ii,2026-10-11,away_win_and_cards_under35,92.9,PRO_STRONG,
Utrecht,Willem Ii,2026-10-11,away_win_and_under_25,91.7,PRO_STRONG,
Utrecht,Willem Ii,2026-10-11,away_win_and_under_15,90.2,PRO_STRONG,
Utrecht,Willem Ii,2026-10-11,home_goals_over_05,89.8,PRO_STRONG,
Utrecht,Willem Ii,2026-10-11,dc_x2_and_under_25,87.0,PRO_STRONG,
Utrecht,Willem Ii,2026-10-11,dc_1x,82.9,PRO_STRONG,1.12
Utrecht,Willem Ii,2026-10-11,dc_12,81.9,PRO_STRONG,1.18
Utrecht,Willem Ii,2026-10-11,home_win_either_half,78.0,PRO_STRONG,
Utrecht,Willem Ii,2026-10-11,home_win_and_corners_under95,76.7,PRO_STRONG,
Utrecht,Willem Ii,2026-10-11,away_goals_under_15,75.0,PRO_STRONG,
Utrecht,Willem Ii,2026-10-11,both_teams_carded,72.0,PRO_MEDIUM,
Utrecht,Willem Ii,2026-10-11,dc_1x_and_over_15,71.3,PRO_MEDIUM,
Utrecht,Willem Ii,2026-10-11,dc_x2_and_under_15,70.6,PRO_MEDIUM,
Utrecht,Willem Ii,2026-10-11,home_win,64.9,PRO_MEDIUM,1.45
Utrecht,Willem Ii,2026-10-11,away_goals_over_05,63.7,PRO_MEDIUM,
Utrecht,Willem Ii,2026-10-11,home_goals_under_25,63.7,PRO_MEDIUM,
Utrecht,Willem Ii,2026-10-11,goals_over_25,61.7,PRO_MEDIUM,1.44
Utrecht,Willem Ii,2026-10-11,home_goals_over_15,61.4,PRO_MEDIUM,
Utrecht,Willem Ii,2026-10-11,home_win_and_over_15,57.5,PRO_MEDIUM,
Utrecht,Willem Ii,2026-10-11,dc_12_and_over_25,57.3,PRO_MEDIUM,
Valencia,Ath Bilbao,2026-10-17,home_goals_under_25,92.0,PRO_STRONG,
Valencia,Ath Bilbao,2026-10-17,home_win_and_corners_under95,87.6,PRO_STRONG,
Valencia,Ath Bilbao,2026-10-17,home_win_and_under_25,87.6,PRO_STRONG,
Valencia,Ath Bilbao,2026-10-17,away_goals_under_25,85.0,PRO_STRONG,
Valencia,Ath Bilbao,2026-10-17,home_win_and_under_15,83.5,PRO_STRONG,
Valencia,Ath Bilbao,2026-10-17,dc_1x_and_under_25,79.6,PRO_STRONG,
Valencia,Ath Bilbao,2026-10-17,both_teams_carded,78.0,PRO_STRONG,
Valencia,Ath Bilbao,2026-10-17,away_goals_over_05,76.1,PRO_STRONG,
Valencia,Ath Bilbao,2026-10-17,away_win_and_cards_under35,75.7,PRO_STRONG,
Valencia,Ath Bilbao,2026-10-17,dc_12,74.6,PRO_MEDIUM,1.3
Valencia,Ath Bilbao,2026-10-17,dc_x2,73.7,PRO_MEDIUM,1.33
Valencia,Ath Bilbao,2026-10-17,away_win_and_under_25,71.8,PRO_MEDIUM,
Valencia,Ath Bilbao,2026-10-17,dc_x2_and_under_25,71.7,PRO_MEDIUM,
Valencia,Ath Bilbao,2026-10-17,home_goals_under_15,71.0,PRO_MEDIUM,
Valencia,Ath Bilbao,2026-10-17,home_goals_over_05,70.1,PRO_MEDIUM,
Valencia,Ath Bilbao,2026-10-17,away_win_and_under_15,65.7,PRO_MEDIUM,
Valencia,Ath Bilbao,2026-10-17,dc_1x_and_under_15,63.7,PRO_MEDIUM,
Valencia,Ath Bilbao,2026-10-17,booking_pts_over_35,61.9,PRO_MEDIUM,
Valencia,Ath Bilbao,2026-10-17,dc_12_and_under_25,59.8,PRO_MEDIUM,
Valencia,Ath Bilbao,2026-10-17,away_goals_under_15,57.6,PRO_MEDIUM,
Valencia,Ath Bilbao,2026-10-17,away_win_either_half,57.4,PRO_MEDIUM,
Valencia,Ath Bilbao,2026-10-17,goals_under_25,55.7,PRO_MEDIUM,1.8
Valencia,Ath Bilbao,2026-10-17,booking_pts_under_45,55.2,PRO_MEDIUM,
Valencia,Sociedad,2026-09-20,both_teams_carded,89.2,PRO_STRONG,
Valencia,Sociedad,2026-09-20,away_win_and_under_25,85.8,PRO_STRONG,
Valencia,Sociedad,2026-09-20,away_win_and_under_15,81.8,PRO_STRONG,
Valencia,Sociedad,2026-09-20,booking_pts_over_35,78.5,PRO_STRONG,
Valencia,Sociedad,2026-09-20,home_goals_over_05,77.6,PRO_STRONG,
Valencia,Sociedad,2026-09-20,home_win_and_under_25,76.8,PRO_STRONG,
Valencia,Sociedad,2026-09-20,dc_1x,75.4,PRO_STRONG,
Valencia,Sociedad,2026-09-20,away_goals_under_15,70.6,PRO_MEDIUM,
Valencia,Sociedad,2026-09-20,dc_1x_and_under_25,68.1,PRO_MEDIUM,
Valencia,Sociedad,2026-09-20,dc_12,68.0,PRO_MEDIUM,
Valencia,Sociedad,2026-09-20,home_win_and_under_15,67.1,PRO_MEDIUM,
Valencia,Sociedad,2026-09-20,home_goals_under_15,60.5,PRO_MEDIUM,
Valencia,Sociedad,2026-09-20,home_win_either_half,58.3,PRO_MEDIUM,
Valencia,Sociedad,2026-09-20,dc_12_and_under_25,57.1,PRO_MEDIUM,
Valencia,Sociedad,2026-09-20,dc_x2,56.6,PRO_MEDIUM,
Valencia,Sociedad,2026-09-20,dc_x2_and_under_15,55.8,PRO_MEDIUM,
Vallecano,Ath Bilbao,2026-10-10,home_goals_under_25,90.9,PRO_STRONG,
Vallecano,Ath Bilbao,2026-10-10,both_teams_carded,86.7,PRO_STRONG,
Vallecano,Ath Bilbao,2026-10-10,home_win_and_corners_under95,85.1,PRO_STRONG,
Vallecano,Ath Bilbao,2026-10-10,away_goals_under_25,84.2,PRO_STRONG,
Vallecano,Ath Bilbao,2026-10-10,home_win_and_under_25,82.9,PRO_STRONG,
Vallecano,Ath Bilbao,2026-10-10,home_win_and_under_15,78.8,PRO_STRONG,
Vallecano,Ath Bilbao,2026-10-10,dc_1x_and_under_25,77.9,PRO_STRONG,
Vallecano,Ath Bilbao,2026-10-10,booking_pts_over_35,74.7,PRO_MEDIUM,
Vallecano,Ath Bilbao,2026-10-10,dc_12,73.8,PRO_MEDIUM,1.3
Vallecano,Ath Bilbao,2026-10-10,away_goals_over_05,73.4,PRO_MEDIUM,
Vallecano,Ath Bilbao,2026-10-10,away_win_and_under_25,72.6,PRO_MEDIUM,
Vallecano,Ath Bilbao,2026-10-10,home_goals_over_05,72.1,PRO_MEDIUM,
Vallecano,Ath Bilbao,2026-10-10,dc_x2,71.7,PRO_MEDIUM,1.4
Vallecano,Ath Bilbao,2026-10-10,dc_x2_and_under_25,71.0,PRO_MEDIUM,
Vallecano,Ath Bilbao,2026-10-10,away_win_and_cards_under35,66.8,PRO_MEDIUM,
Vallecano,Ath Bilbao,2026-10-10,away_win_and_under_15,64.5,PRO_MEDIUM,
Vallecano,Ath Bilbao,2026-10-10,home_goals_under_15,63.9,PRO_MEDIUM,
Vallecano,Ath Bilbao,2026-10-10,dc_12_and_under_25,58.4,PRO_MEDIUM,
Vallecano,Ath Bilbao,2026-10-10,away_goals_under_15,57.8,PRO_MEDIUM,
Vallecano,Ath Bilbao,2026-10-10,away_win_either_half,57.3,PRO_MEDIUM,
Vallecano,Ath Bilbao,2026-10-10,dc_1x_and_under_15,56.1,PRO_MEDIUM,
Venezia,Napoli,2026-10-17,home_goals_under_25,92.6,PRO_STRONG,
Venezia,Napoli,2026-10-17,home_win_and_under_25,89.6,PRO_STRONG,
Venezia,Napoli,2026-10-17,home_win_and_corners_under95,88.9,PRO_STRONG,
Venezia,Napoli,2026-10-17,home_win_and_under_15,87.5,PRO_STRONG,
Venezia,Napoli,2026-10-17,both_teams_carded,86.8,PRO_STRONG,
Venezia,Napoli,2026-10-17,away_goals_over_05,86.0,PRO_STRONG,
Venezia,Napoli,2026-10-17,home_win_and_cards_under35,85.2,PRO_MEDIUM,
Venezia,Napoli,2026-10-17,dc_1x_and_under_25,81.6,PRO_STRONG,
Venezia,Napoli,2026-10-17,dc_x2,80.5,PRO_STRONG,1.18
Venezia,Napoli,2026-10-17,home_goals_under_15,75.6,PRO_STRONG,
Venezia,Napoli,2026-10-17,dc_12,75.3,PRO_STRONG,1.28
Venezia,Napoli,2026-10-17,booking_pts_over_35,73.6,PRO_MEDIUM,
Venezia,Napoli,2026-10-17,away_goals_under_25,72.0,PRO_MEDIUM,
Venezia,Napoli,2026-10-17,dc_1x_and_under_15,70.4,PRO_MEDIUM,
Venezia,Napoli,2026-10-17,away_win_either_half,69.5,PRO_MEDIUM,
Venezia,Napoli,2026-10-17,away_win_and_cards_under35,68.7,PRO_MEDIUM,
Venezia,Napoli,2026-10-17,home_goals_over_05,62.7,PRO_MEDIUM,
Venezia,Napoli,2026-10-17,away_win_and_under_25,62.1,PRO_MEDIUM,
Venezia,Napoli,2026-10-17,dc_x2_and_over_15,61.7,PRO_MEDIUM,
Venezia,Napoli,2026-10-17,goals_over_25,61.7,PRO_MEDIUM,1.73
Venezia,Napoli,2026-10-17,away_win,55.8,PRO_MEDIUM,1.7
Venezia,Napoli,2026-10-17,away_goals_over_15,55.8,PRO_MEDIUM,
Venezia,Napoli,2026-10-17,cards_range_3_5,55.4,PRO_MEDIUM,
Villarreal,Elche,2026-10-17,away_goals_under_25,95.6,PRO_STRONG,
Villarreal,Elche,2026-10-17,away_win_and_under_25,94.3,PRO_STRONG,
Villarreal,Elche,2026-10-17,away_win_and_under_15,93.1,PRO_STRONG,
Villarreal,Elche,2026-10-17,away_win_and_cards_under35,91.6,PRO_STRONG,
Villarreal,Elche,2026-10-17,both_teams_carded,88.9,PRO_STRONG,
Villarreal,Elche,2026-10-17,home_goals_over_05,88.8,PRO_STRONG,
Villarreal,Elche,2026-10-17,dc_x2_and_under_25,86.9,PRO_STRONG,
Villarreal,Elche,2026-10-17,dc_1x,85.5,PRO_STRONG,1.12
Villarreal,Elche,2026-10-17,dc_12,82.1,PRO_STRONG,1.18
Villarreal,Elche,2026-10-17,home_win_either_half,80.8,PRO_STRONG,
Villarreal,Elche,2026-10-17,away_goals_under_15,80.2,PRO_STRONG,
Villarreal,Elche,2026-10-17,dc_x2_and_under_15,76.3,PRO_STRONG,
Villarreal,Elche,2026-10-17,booking_pts_over_35,75.7,PRO_STRONG,
Villarreal,Elche,2026-10-17,dc_1x_and_over_15,73.2,PRO_MEDIUM,
Villarreal,Elche,2026-10-17,home_win,67.6,PRO_MEDIUM,1.45
Villarreal,Elche,2026-10-17,home_goals_under_25,67.6,PRO_MEDIUM,
Villarreal,Elche,2026-10-17,home_win_and_corners_under95,66.4,PRO_MEDIUM,
Villarreal,Elche,2026-10-17,home_goals_over_15,64.3,PRO_MEDIUM,
Villarreal,Elche,2026-10-17,away_goals_over_05,64.2,PRO_MEDIUM,
Villarreal,Elche,2026-10-17,home_win_and_over_15,55.5,PRO_MEDIUM,
Villarreal,Elche,2026-10-17,goals_over_25,55.3,PRO_MEDIUM,1.44
Villarreal,Elche,2026-10-17,dc_1x_and_over_25,55.2,PRO_MEDIUM,
Villarreal,Levante,2026-09-20,away_win_and_under_25,84.0,PRO_STRONG,
Villarreal,Levante,2026-09-20,away_win_and_under_15,81.7,PRO_STRONG,
Villarreal,Levante,2026-09-20,home_goals_over_05,79.6,PRO_STRONG,
Villarreal,Levante,2026-09-20,both_teams_carded,77.4,PRO_STRONG,
Villarreal,Levante,2026-09-20,dc_1x,75.4,PRO_STRONG,
Villarreal,Levante,2026-09-20,home_win_and_under_25,72.6,PRO_MEDIUM,
Villarreal,Levante,2026-09-20,away_goals_over_05,70.1,PRO_MEDIUM,
Villarreal,Levante,2026-09-20,home_win_and_under_15,68.7,PRO_MEDIUM,
Villarreal,Levante,2026-09-20,dc_12,67.4,PRO_MEDIUM,
Villarreal,Levante,2026-09-20,away_goals_under_15,67.0,PRO_MEDIUM,
Villarreal,Levante,2026-09-20,dc_1x_and_under_25,63.0,PRO_MEDIUM,
Villarreal,Levante,2026-09-20,booking_pts_over_35,61.9,PRO_MEDIUM,
Villarreal,Levante,2026-09-20,home_win_either_half,59.0,PRO_MEDIUM,
Villarreal,Levante,2026-09-20,dc_x2,57.2,PRO_MEDIUM,
Villarreal,Levante,2026-09-20,dc_x2_and_under_15,55.3,PRO_MEDIUM,
Villarreal,Levante,2026-09-20,booking_pts_under_45,55.2,PRO_MEDIUM,
Volos Nfc,AEK Athens,2026-09-20,both_teams_carded,86.8,PRO_STRONG,
Volos Nfc,AEK Athens,2026-09-20,away_win_and_under_25,84.5,PRO_STRONG,
Volos Nfc,AEK Athens,2026-09-20,away_win_and_under_15,80.2,PRO_STRONG,
Volos Nfc,AEK Athens,2026-09-20,home_win_and_under_25,77.4,PRO_STRONG,
Volos Nfc,AEK Athens,2026-09-20,home_goals_over_05,75.6,PRO_STRONG,
Volos Nfc,AEK Athens,2026-09-20,booking_pts_over_35,74.7,PRO_MEDIUM,
Volos Nfc,AEK Athens,2026-09-20,dc_12,72.7,PRO_MEDIUM,
Volos Nfc,AEK Athens,2026-09-20,dc_1x_and_under_25,69.9,PRO_MEDIUM,
Volos Nfc,AEK Athens,2026-09-20,away_goals_over_05,69.4,PRO_MEDIUM,
Volos Nfc,AEK Athens,2026-09-20,away_goals_under_15,68.2,PRO_MEDIUM,
Volos Nfc,AEK Athens,2026-09-20,home_win_and_under_15,65.5,PRO_MEDIUM,
Volos Nfc,AEK Athens,2026-09-20,home_win_either_half,61.1,PRO_MEDIUM,
Volos Nfc,AEK Athens,2026-09-20,home_goals_under_15,58.9,PRO_MEDIUM,
Volos Nfc,AEK Athens,2026-09-20,dc_12_and_under_25,58.8,PRO_MEDIUM,
Volos Nfc,AEK Athens,2026-09-20,dc_x2_and_under_15,57.7,PRO_MEDIUM,
Waasland-Beveren,Lommel SK,2026-10-09,away_goals_under_25,92.5,PRO_STRONG,
Waasland-Beveren,Lommel SK,2026-10-09,away_win_and_under_25,87.7,PRO_STRONG,
Waasland-Beveren,Lommel SK,2026-10-09,away_win_and_cards_under35,86.7,PRO_STRONG,
Waasland-Beveren,Lommel SK,2026-10-09,away_win_and_under_15,84.7,PRO_STRONG,
Waasland-Beveren,Lommel SK,2026-10-09,home_goals_over_05,82.0,PRO_STRONG,
Waasland-Beveren,Lommel SK,2026-10-09,home_goals_under_25,80.8,PRO_STRONG,
Waasland-Beveren,Lommel SK,2026-10-09,dc_x2_and_under_25,80.3,PRO_STRONG,
Waasland-Beveren,Lommel SK,2026-10-09,home_win_and_corners_under95,79.3,PRO_STRONG,
Waasland-Beveren,Lommel SK,2026-10-09,dc_1x,77.6,PRO_STRONG,1.25
Waasland-Beveren,Lommel SK,2026-10-09,home_win_and_under_25,74.6,PRO_MEDIUM,
Waasland-Beveren,Lommel SK,2026-10-09,away_goals_under_15,73.4,PRO_MEDIUM,
Waasland-Beveren,Lommel SK,2026-10-09,both_teams_carded,73.0,PRO_MEDIUM,
Waasland-Beveren,Lommel SK,2026-10-09,dc_12,72.7,PRO_MEDIUM,1.29
Waasland-Beveren,Lommel SK,2026-10-09,home_win_either_half,65.7,PRO_MEDIUM,
Waasland-Beveren,Lommel SK,2026-10-09,dc_1x_and_under_25,65.1,PRO_MEDIUM,
Waasland-Beveren,Lommel SK,2026-10-09,away_goals_over_05,62.9,PRO_MEDIUM,
Waasland-Beveren,Lommel SK,2026-10-09,dc_x2_and_under_15,62.4,PRO_MEDIUM,
Waasland-Beveren,Lommel SK,2026-10-09,home_win_and_under_15,60.6,PRO_MEDIUM,
Waasland-Beveren,Lommel SK,2026-10-09,dc_1x_and_over_15,59.6,PRO_MEDIUM,
Waregem,Gent,2026-10-10,home_win_and_corners_under95,85.1,PRO_STRONG,
Waregem,Gent,2026-10-10,home_goals_under_25,85.1,PRO_STRONG,
Waregem,Gent,2026-10-10,away_goals_under_25,82.5,PRO_STRONG,
Waregem,Gent,2026-10-10,away_win_and_cards_under35,82.1,PRO_STRONG,
Waregem,Gent,2026-10-10,home_win_and_cards_under35,81.0,PRO_MEDIUM,
Waregem,Gent,2026-10-10,dc_12,80.1,PRO_STRONG,1.3
Waregem,Gent,2026-10-10,home_win_and_under_25,77.3,PRO_STRONG,
Waregem,Gent,2026-10-10,home_goals_over_05,77.3,PRO_STRONG,
Waregem,Gent,2026-10-10,away_goals_over_05,76.1,PRO_STRONG,
Waregem,Gent,2026-10-10,away_win_and_under_25,76.0,PRO_STRONG,
Waregem,Gent,2026-10-10,home_win_and_under_15,73.2,PRO_MEDIUM,
Waregem,Gent,2026-10-10,away_win_and_under_15,71.2,PRO_MEDIUM,
Waregem,Gent,2026-10-10,both_teams_carded,69.4,PRO_MEDIUM,
Waregem,Gent,2026-10-10,dc_1x_and_under_25,68.9,PRO_MEDIUM,
Waregem,Gent,2026-10-10,dc_x2_and_under_25,67.4,PRO_MEDIUM,
Waregem,Gent,2026-10-10,dc_x2,65.8,PRO_MEDIUM,1.44
Waregem,Gent,2026-10-10,away_goals_under_15,61.6,PRO_MEDIUM,
Waregem,Gent,2026-10-10,btts,59.7,PRO_MEDIUM,1.62
Waregem,Gent,2026-10-10,home_goals_under_15,59.1,PRO_MEDIUM,
Waregem,Gent,2026-10-10,goals_over_25,57.2,PRO_MEDIUM,
Watford,Burnley,2026-10-10,home_goals_under_25,90.2,PRO_STRONG,
Watford,Burnley,2026-10-10,away_goals_under_25,85.1,PRO_STRONG,
Watford,Burnley,2026-10-10,home_win_and_corners_under95,85.1,PRO_STRONG,
Watford,Burnley,2026-10-10,home_win_and_under_25,83.2,PRO_STRONG,
Watford,Burnley,2026-10-10,home_win_and_cards_under35,80.8,PRO_MEDIUM,
Watford,Burnley,2026-10-10,dc_12,80.6,PRO_STRONG,1.3
Watford,Burnley,2026-10-10,dc_1x_and_under_25,78.8,PRO_STRONG,
Watford,Burnley,2026-10-10,home_win_and_under_15,78.6,PRO_STRONG,
Watford,Burnley,2026-10-10,away_win_and_cards_under35,76.1,PRO_STRONG,
Watford,Burnley,2026-10-10,away_goals_over_05,73.9,PRO_MEDIUM,
Watford,Burnley,2026-10-10,away_win_and_under_25,73.7,PRO_MEDIUM,
Watford,Burnley,2026-10-10,dc_x2_and_under_25,73.2,PRO_MEDIUM,
Watford,Burnley,2026-10-10,both_teams_carded,73.0,PRO_MEDIUM,
Watford,Burnley,2026-10-10,home_goals_over_05,72.9,PRO_MEDIUM,
Watford,Burnley,2026-10-10,dc_x2,69.0,PRO_MEDIUM,1.4
Watford,Burnley,2026-10-10,away_win_and_under_15,66.5,PRO_MEDIUM,
Watford,Burnley,2026-10-10,home_goals_under_15,63.7,PRO_MEDIUM,
Watford,Burnley,2026-10-10,away_win_either_half,60.7,PRO_MEDIUM,
Watford,Burnley,2026-10-10,away_goals_under_15,58.0,PRO_MEDIUM,
Watford,Burnley,2026-10-10,dc_12_and_under_25,56.8,PRO_MEDIUM,
Watford,Burnley,2026-10-10,dc_1x_and_under_15,56.1,PRO_MEDIUM,
Watford,Charlton,2026-10-17,away_win_and_under_25,83.8,PRO_STRONG,
Watford,Charlton,2026-10-17,both_teams_carded,81.2,PRO_STRONG,
Watford,Charlton,2026-10-17,away_win_and_under_15,80.0,PRO_STRONG,
Watford,Charlton,2026-10-17,home_goals_over_05,78.6,PRO_STRONG,
Watford,Charlton,2026-10-17,dc_1x,75.7,PRO_STRONG,
Watford,Charlton,2026-10-17,home_win_and_under_25,74.5,PRO_MEDIUM,
Watford,Charlton,2026-10-17,away_goals_under_15,71.2,PRO_MEDIUM,
Watford,Charlton,2026-10-17,away_goals_over_05,70.8,PRO_MEDIUM,
Watford,Charlton,2026-10-17,dc_12,69.5,PRO_MEDIUM,
Watford,Charlton,2026-10-17,home_win_and_under_15,68.6,PRO_MEDIUM,
Watford,Charlton,2026-10-17,dc_1x_and_under_25,67.8,PRO_MEDIUM,
Watford,Charlton,2026-10-17,booking_pts_over_35,61.3,PRO_MEDIUM,
Watford,Charlton,2026-10-17,home_win_either_half,58.6,PRO_MEDIUM,
Watford,Charlton,2026-10-17,dc_12_and_under_25,57.2,PRO_MEDIUM,
Watford,Charlton,2026-10-17,dc_x2_and_under_15,56.6,PRO_MEDIUM,
Watford,Charlton,2026-10-17,home_goals_under_15,55.7,PRO_MEDIUM,
Werder Bremen,Paderborn,2026-10-17,away_goals_under_25,92.1,PRO_STRONG,
Werder Bremen,Paderborn,2026-10-17,away_win_and_cards_under35,88.0,PRO_STRONG,
Werder Bremen,Paderborn,2026-10-17,away_win_and_under_25,85.6,PRO_STRONG,
Werder Bremen,Paderborn,2026-10-17,home_goals_over_05,84.4,PRO_STRONG,
Werder Bremen,Paderborn,2026-10-17,away_win_and_under_15,81.9,PRO_STRONG,
Werder Bremen,Paderborn,2026-10-17,dc_x2_and_under_25,80.3,PRO_STRONG,
Werder Bremen,Paderborn,2026-10-17,home_goals_under_25,78.4,PRO_STRONG,
Werder Bremen,Paderborn,2026-10-17,dc_1x,78.4,PRO_STRONG,1.25
Werder Bremen,Paderborn,2026-10-17,home_win_and_corners_under95,77.5,PRO_STRONG,
Werder Bremen,Paderborn,2026-10-17,away_goals_under_15,71.0,PRO_MEDIUM,
Werder Bremen,Paderborn,2026-10-17,dc_12,70.8,PRO_MEDIUM,1.28
Werder Bremen,Paderborn,2026-10-17,both_teams_carded,70.7,PRO_MEDIUM,
Werder Bremen,Paderborn,2026-10-17,home_win_and_under_25,70.3,PRO_MEDIUM,
Werder Bremen,Paderborn,2026-10-17,home_win_either_half,65.9,PRO_MEDIUM,
Werder Bremen,Paderborn,2026-10-17,away_goals_over_05,62.6,PRO_MEDIUM,
Werder Bremen,Paderborn,2026-10-17,dc_1x_and_under_25,62.2,PRO_MEDIUM,
Werder Bremen,Paderborn,2026-10-17,dc_x2_and_under_15,61.6,PRO_MEDIUM,
Werder Bremen,Paderborn,2026-10-17,dc_1x_and_over_15,60.8,PRO_MEDIUM,
Werder Bremen,Paderborn,2026-10-17,home_win_and_under_15,59.7,PRO_MEDIUM,
West Brom,Birmingham,2026-10-10,away_goals_under_25,91.9,PRO_STRONG,
West Brom,Birmingham,2026-10-10,home_goals_under_25,89.3,PRO_STRONG,
West Brom,Birmingham,2026-10-10,away_win_and_under_25,84.0,PRO_STRONG,
West Brom,Birmingham,2026-10-10,home_win_and_corners_under95,82.5,PRO_STRONG,
West Brom,Birmingham,2026-10-10,dc_x2_and_under_25,79.5,PRO_STRONG,
West Brom,Birmingham,2026-10-10,home_win_and_under_25,78.6,PRO_STRONG,
West Brom,Birmingham,2026-10-10,away_win_and_cards_under35,77.6,PRO_STRONG,
West Brom,Birmingham,2026-10-10,away_win_and_under_15,77.3,PRO_STRONG,
West Brom,Birmingham,2026-10-10,home_goals_over_05,76.6,PRO_STRONG,
West Brom,Birmingham,2026-10-10,dc_12,74.6,PRO_MEDIUM,1.3
West Brom,Birmingham,2026-10-10,both_teams_carded,70.4,PRO_MEDIUM,
West Brom,Birmingham,2026-10-10,home_win_and_under_15,70.0,PRO_MEDIUM,
West Brom,Birmingham,2026-10-10,dc_1x_and_under_25,69.7,PRO_MEDIUM,
West Brom,Birmingham,2026-10-10,dc_1x,69.1,PRO_MEDIUM,1.36
West Brom,Birmingham,2026-10-10,away_goals_under_15,69.0,PRO_MEDIUM,
West Brom,Birmingham,2026-10-10,dc_12_and_under_25,58.9,PRO_MEDIUM,
West Brom,Birmingham,2026-10-10,home_goals_under_15,58.1,PRO_MEDIUM,
West Brom,Birmingham,2026-10-10,dc_x2_and_under_15,58.1,PRO_MEDIUM,
West Brom,Birmingham,2026-10-10,home_win_either_half,57.5,PRO_MEDIUM,
West Brom,Birmingham,2026-10-10,dc_x2,56.3,PRO_MEDIUM,1.67
West Brom,Blackburn,2026-10-17,away_win_and_under_25,84.8,PRO_STRONG,
West Brom,Blackburn,2026-10-17,away_win_and_under_15,81.2,PRO_STRONG,
West Brom,Blackburn,2026-10-17,both_teams_carded,79.3,PRO_STRONG,
West Brom,Blackburn,2026-10-17,home_goals_over_05,77.9,PRO_STRONG,
West Brom,Blackburn,2026-10-17,dc_1x,76.1,PRO_STRONG,
West Brom,Blackburn,2026-10-17,home_win_and_under_25,75.2,PRO_STRONG,
West Brom,Blackburn,2026-10-17,away_goals_over_05,70.5,PRO_MEDIUM,
West Brom,Blackburn,2026-10-17,dc_12,69.2,PRO_MEDIUM,
West Brom,Blackburn,2026-10-17,home_win_and_under_15,68.8,PRO_MEDIUM,
West Brom,Blackburn,2026-10-17,away_goals_under_15,68.2,PRO_MEDIUM,
West Brom,Blackburn,2026-10-17,dc_1x_and_under_25,65.7,PRO_MEDIUM,
West Brom,Blackburn,2026-10-17,booking_pts_over_35,60.2,PRO_MEDIUM,
West Brom,Blackburn,2026-10-17,dc_12_and_under_25,59.2,PRO_MEDIUM,
West Brom,Blackburn,2026-10-17,home_win_either_half,58.7,PRO_MEDIUM,
West Brom,Blackburn,2026-10-17,dc_x2_and_under_15,56.9,PRO_MEDIUM,
West Brom,Blackburn,2026-10-17,home_goals_under_15,55.1,PRO_MEDIUM,
West Ham,QPR,2026-10-09,away_goals_under_25,93.1,PRO_STRONG,
West Ham,QPR,2026-10-09,away_win_and_cards_under35,91.6,PRO_STRONG,
West Ham,QPR,2026-10-09,away_win_and_under_15,88.7,PRO_STRONG,
West Ham,QPR,2026-10-09,home_goals_over_05,88.2,PRO_STRONG,
West Ham,QPR,2026-10-09,away_win_and_under_25,87.4,PRO_STRONG,
West Ham,QPR,2026-10-09,dc_12,85.2,PRO_STRONG,1.22
West Ham,QPR,2026-10-09,dc_x2_and_under_25,81.2,PRO_STRONG,
West Ham,QPR,2026-10-09,dc_1x,79.9,PRO_STRONG,1.17
West Ham,QPR,2026-10-09,home_win_either_half,78.4,PRO_STRONG,
West Ham,QPR,2026-10-09,away_goals_under_15,75.9,PRO_STRONG,
West Ham,QPR,2026-10-09,home_win_and_corners_under95,74.1,PRO_MEDIUM,
West Ham,QPR,2026-10-09,both_teams_carded,73.3,PRO_MEDIUM,
West Ham,QPR,2026-10-09,home_goals_under_25,73.2,PRO_MEDIUM,
West Ham,QPR,2026-10-09,dc_1x_and_over_15,72.7,PRO_MEDIUM,
West Ham,QPR,2026-10-09,home_win,65.1,PRO_MEDIUM,1.55
West Ham,QPR,2026-10-09,dc_x2_and_under_15,64.7,PRO_MEDIUM,
West Ham,QPR,2026-10-09,home_goals_over_15,62.4,PRO_MEDIUM,
West Ham,QPR,2026-10-09,away_goals_over_05,62.0,PRO_MEDIUM,
West Ham,QPR,2026-10-09,goals_over_25,58.9,PRO_MEDIUM,1.57
West Ham,QPR,2026-10-09,home_win_and_under_25,58.2,PRO_MEDIUM,
West Ham,QPR,2026-10-09,booking_pts_over_35,56.6,PRO_MEDIUM,
Westerlo,Antwerp,2026-10-11,away_goals_under_25,87.8,PRO_STRONG,
Westerlo,Antwerp,2026-10-11,home_goals_under_25,87.6,PRO_STRONG,
Westerlo,Antwerp,2026-10-11,away_win_and_cards_under35,83.2,PRO_STRONG,
Westerlo,Antwerp,2026-10-11,home_win_and_corners_under95,81.3,PRO_STRONG,
Westerlo,Antwerp,2026-10-11,home_goals_over_05,80.9,PRO_STRONG,
Westerlo,Antwerp,2026-10-11,away_win_and_under_25,80.5,PRO_STRONG,
Westerlo,Antwerp,2026-10-11,home_win_and_under_25,77.6,PRO_STRONG,
Westerlo,Antwerp,2026-10-11,away_win_and_under_15,77.6,PRO_STRONG,
Westerlo,Antwerp,2026-10-11,away_goals_over_05,74.2,PRO_MEDIUM,
Westerlo,Antwerp,2026-10-11,dc_12,73.4,PRO_MEDIUM,1.29
Westerlo,Antwerp,2026-10-11,dc_x2_and_under_25,71.0,PRO_MEDIUM,
Westerlo,Antwerp,2026-10-11,both_teams_carded,69.1,PRO_MEDIUM,
Westerlo,Antwerp,2026-10-11,home_win_and_under_15,68.7,PRO_MEDIUM,
Westerlo,Antwerp,2026-10-11,dc_1x,66.8,PRO_MEDIUM,1.36
Westerlo,Antwerp,2026-10-11,dc_1x_and_under_25,66.7,PRO_MEDIUM,
Westerlo,Antwerp,2026-10-11,away_goals_under_15,63.8,PRO_MEDIUM,
Westerlo,Antwerp,2026-10-11,dc_x2,59.9,PRO_MEDIUM,1.62
Westerlo,Antwerp,2026-10-11,btts,58.9,PRO_MEDIUM,1.5
Westerlo,Antwerp,2026-10-11,home_win_either_half,58.6,PRO_MEDIUM,
Westerlo,Antwerp,2026-10-11,cards_range_3_5,57.5,PRO_MEDIUM,
Wolves,Bolton,2026-10-13,away_win_and_under_25,82.4,PRO_STRONG,
Wolves,Bolton,2026-10-13,home_goals_over_05,80.5,PRO_STRONG,
Wolves,Bolton,2026-10-13,away_win_and_under_15,79.7,PRO_STRONG,
Wolves,Bolton,2026-10-13,home_win_and_under_25,75.9,PRO_STRONG,
Wolves,Bolton,2026-10-13,dc_1x,75.8,PRO_STRONG,
Wolves,Bolton,2026-10-13,home_win_and_under_15,70.7,PRO_MEDIUM,
Wolves,Bolton,2026-10-13,away_goals_under_15,70.6,PRO_MEDIUM,
Wolves,Bolton,2026-10-13,both_teams_carded,69.4,PRO_MEDIUM,
Wolves,Bolton,2026-10-13,dc_12,67.7,PRO_MEDIUM,
Wolves,Bolton,2026-10-13,away_goals_over_05,66.3,PRO_MEDIUM,
Wolves,Bolton,2026-10-13,dc_1x_and_under_25,65.4,PRO_MEDIUM,
Wolves,Bolton,2026-10-13,home_win_either_half,60.6,PRO_MEDIUM,
Wolves,Bolton,2026-10-13,dc_12_and_under_25,58.8,PRO_MEDIUM,
Wolves,Bolton,2026-10-13,dc_x2,56.5,PRO_MEDIUM,
Wolves,Bolton,2026-10-13,home_goals_under_15,56.3,PRO_MEDIUM,
Wolves,Bolton,2026-10-13,dc_1x_and_over_15,55.1,PRO_MEDIUM,
Wolves,Portsmouth,2026-10-20,away_win_and_under_25,83.7,PRO_STRONG,
Wolves,Portsmouth,2026-10-20,home_goals_over_05,80.4,PRO_STRONG,
Wolves,Portsmouth,2026-10-20,away_win_and_under_15,78.7,PRO_STRONG,
Wolves,Portsmouth,2026-10-20,home_win_and_under_25,72.9,PRO_MEDIUM,
Wolves,Portsmouth,2026-10-20,dc_12,72.3,PRO_MEDIUM,
Wolves,Portsmouth,2026-10-20,both_teams_carded,69.4,PRO_MEDIUM,
Wolves,Portsmouth,2026-10-20,home_win_and_under_15,68.5,PRO_MEDIUM,
Wolves,Portsmouth,2026-10-20,away_goals_under_15,67.4,PRO_MEDIUM,
Wolves,Portsmouth,2026-10-20,dc_1x_and_under_25,64.8,PRO_MEDIUM,
Wolves,Portsmouth,2026-10-20,home_win_either_half,59.0,PRO_MEDIUM,
Wolves,Portsmouth,2026-10-20,dc_12_and_under_25,56.4,PRO_MEDIUM,
Wolves,Portsmouth,2026-10-20,dc_x2_and_under_15,56.3,PRO_MEDIUM,
Wolves,Portsmouth,2026-10-20,home_goals_under_15,55.2,PRO_MEDIUM,
Wolves,West Brom,2026-09-20,away_win_and_under_25,83.3,PRO_STRONG,
Wolves,West Brom,2026-09-20,home_goals_over_05,80.5,PRO_STRONG,
Wolves,West Brom,2026-09-20,away_win_and_under_15,79.8,PRO_STRONG,
Wolves,West Brom,2026-09-20,dc_1x,75.3,PRO_STRONG,
Wolves,West Brom,2026-09-20,home_win_and_under_25,75.2,PRO_STRONG,
Wolves,West Brom,2026-09-20,both_teams_carded,71.5,PRO_MEDIUM,
Wolves,West Brom,2026-09-20,dc_12,70.0,PRO_MEDIUM,
Wolves,West Brom,2026-09-20,away_goals_under_15,69.5,PRO_MEDIUM,
Wolves,West Brom,2026-09-20,home_win_and_under_15,66.5,PRO_MEDIUM,
Wolves,West Brom,2026-09-20,dc_1x_and_under_25,65.7,PRO_MEDIUM,
Wolves,West Brom,2026-09-20,home_win_either_half,60.3,PRO_MEDIUM,
Wolves,West Brom,2026-09-20,dc_x2_and_under_15,57.1,PRO_MEDIUM,
Wolves,West Brom,2026-09-20,dc_12_and_under_25,57.0,PRO_MEDIUM,
Wolves,West Brom,2026-09-20,home_goals_under_15,56.2,PRO_MEDIUM,
Wrexham,Preston,2026-10-17,away_win_and_under_25,83.6,PRO_STRONG,
Wrexham,Preston,2026-10-17,home_goals_over_05,79.2,PRO_STRONG,
Wrexham,Preston,2026-10-17,away_win_and_under_15,78.2,PRO_STRONG,
Wrexham,Preston,2026-10-17,home_win_and_under_25,73.9,PRO_MEDIUM,
Wrexham,Preston,2026-10-17,both_teams_carded,71.2,PRO_MEDIUM,
Wrexham,Preston,2026-10-17,dc_12,71.1,PRO_MEDIUM,
Wrexham,Preston,2026-10-17,away_goals_over_05,69.7,PRO_MEDIUM,
Wrexham,Preston,2026-10-17,away_goals_under_15,67.2,PRO_MEDIUM,
Wrexham,Preston,2026-10-17,home_win_and_under_15,66.3,PRO_MEDIUM,
Wrexham,Preston,2026-10-17,dc_1x_and_under_25,65.0,PRO_MEDIUM,
Wrexham,Preston,2026-10-17,home_win_either_half,61.2,PRO_MEDIUM,
Wrexham,Preston,2026-10-17,dc_1x_and_over_15,56.1,PRO_MEDIUM,
Wrexham,Preston,2026-10-17,dc_x2_and_under_15,55.9,PRO_MEDIUM,
Wrexham,Preston,2026-10-17,dc_12_and_under_25,55.7,PRO_MEDIUM,
Wrexham,West Brom,2026-10-13,away_win_and_under_25,82.0,PRO_STRONG,
Wrexham,West Brom,2026-10-13,home_goals_over_05,80.3,PRO_STRONG,
Wrexham,West Brom,2026-10-13,away_win_and_under_15,77.9,PRO_STRONG,
Wrexham,West Brom,2026-10-13,both_teams_carded,75.2,PRO_STRONG,
Wrexham,West Brom,2026-10-13,home_win_and_under_25,74.3,PRO_MEDIUM,
Wrexham,West Brom,2026-10-13,dc_12,73.8,PRO_MEDIUM,
Wrexham,West Brom,2026-10-13,away_goals_over_05,70.5,PRO_MEDIUM,
Wrexham,West Brom,2026-10-13,away_goals_under_15,67.4,PRO_MEDIUM,
Wrexham,West Brom,2026-10-13,home_win_and_under_15,65.1,PRO_MEDIUM,
Wrexham,West Brom,2026-10-13,dc_1x_and_under_25,64.5,PRO_MEDIUM,
Wrexham,West Brom,2026-10-13,home_win_either_half,60.8,PRO_MEDIUM,
Wrexham,West Brom,2026-10-13,booking_pts_over_35,58.3,PRO_MEDIUM,
Wrexham,West Brom,2026-10-13,dc_1x_and_over_15,57.1,PRO_MEDIUM,
Wrexham,West Brom,2026-10-13,dc_x2_and_under_15,55.3,PRO_MEDIUM,
Zwolle,Cambuur,2026-10-11,away_goals_under_25,89.4,PRO_STRONG,
Zwolle,Cambuur,2026-10-11,away_win_and_cards_under35,87.5,PRO_STRONG,
Zwolle,Cambuur,2026-10-11,away_win_and_under_25,86.5,PRO_STRONG,
Zwolle,Cambuur,2026-10-11,home_goals_over_05,83.2,PRO_STRONG,
Zwolle,Cambuur,2026-10-11,away_win_and_under_15,83.0,PRO_STRONG,
Zwolle,Cambuur,2026-10-11,home_win_and_corners_under95,81.0,PRO_STRONG,
Zwolle,Cambuur,2026-10-11,home_goals_under_25,80.2,PRO_STRONG,
Zwolle,Cambuur,2026-10-11,dc_x2_and_under_25,79.4,PRO_STRONG,
Zwolle,Cambuur,2026-10-11,dc_12,71.8,PRO_MEDIUM,1.25
Zwolle,Cambuur,2026-10-11,away_goals_over_05,71.7,PRO_MEDIUM,
Zwolle,Cambuur,2026-10-11,home_win_and_under_25,71.7,PRO_MEDIUM,
Zwolle,Cambuur,2026-10-11,both_teams_carded,71.2,PRO_MEDIUM,
Zwolle,Cambuur,2026-10-11,away_goals_under_15,67.3,PRO_MEDIUM,
Zwolle,Cambuur,2026-10-11,home_win_and_under_15,64.7,PRO_MEDIUM,
Zwolle,Cambuur,2026-10-11,dc_1x_and_under_25,63.2,PRO_MEDIUM,
Zwolle,Cambuur,2026-10-11,dc_1x_and_over_15,61.5,PRO_MEDIUM,
Zwolle,Cambuur,2026-10-11,dc_x2_and_under_15,59.9,PRO_MEDIUM,
Zwolle,Cambuur,2026-10-11,goals_over_25,59.2,PRO_MEDIUM,1.5
Zwolle,Cambuur,2026-10-11,dc_x2,57.1,PRO_MEDIUM,1.83
Zwolle,Cambuur,2026-10-11,btts,55.2,PRO_MEDIUM,1.5
Zwolle,Go Ahead Eagles,2026-10-18,home_goals_under_25,88.9,PRO_STRONG,
Zwolle,Go Ahead Eagles,2026-10-18,home_win_and_corners_under95,85.1,PRO_STRONG,
Zwolle,Go Ahead Eagles,2026-10-18,away_goals_over_05,83.6,PRO_STRONG,
Zwolle,Go Ahead Eagles,2026-10-18,home_win_and_cards_under35,81.9,PRO_MEDIUM,
Zwolle,Go Ahead Eagles,2026-10-18,home_win_and_under_25,80.5,PRO_STRONG,
Zwolle,Go Ahead Eagles,2026-10-18,away_goals_under_25,79.4,PRO_STRONG,
Zwolle,Go Ahead Eagles,2026-10-18,away_win_and_cards_under35,76.9,PRO_STRONG,
Zwolle,Go Ahead Eagles,2026-10-18,home_win_and_under_15,76.0,PRO_STRONG,
Zwolle,Go Ahead Eagles,2026-10-18,dc_1x_and_under_25,73.7,PRO_MEDIUM,
Zwolle,Go Ahead Eagles,2026-10-18,dc_x2,72.8,PRO_MEDIUM,1.4
Zwolle,Go Ahead Eagles,2026-10-18,home_goals_over_05,72.0,PRO_MEDIUM,
Zwolle,Go Ahead Eagles,2026-10-18,both_teams_carded,69.1,PRO_MEDIUM,
Zwolle,Go Ahead Eagles,2026-10-18,away_win_and_under_25,67.9,PRO_MEDIUM,
Zwolle,Go Ahead Eagles,2026-10-18,dc_12,66.2,PRO_MEDIUM,1.25
Zwolle,Go Ahead Eagles,2026-10-18,home_goals_under_15,63.6,PRO_MEDIUM,
Zwolle,Go Ahead Eagles,2026-10-18,away_win_and_under_15,62.5,PRO_MEDIUM,
Zwolle,Go Ahead Eagles,2026-10-18,away_win_either_half,61.1,PRO_MEDIUM,
Zwolle,Go Ahead Eagles,2026-10-18,dc_1x,61.0,PRO_MEDIUM,1.62
Zwolle,Go Ahead Eagles,2026-10-18,dc_x2_and_under_25,60.8,PRO_MEDIUM,
Zwolle,Go Ahead Eagles,2026-10-18,dc_x2_and_over_15,57.4,PRO_MEDIUM,
Zwolle,Go Ahead Eagles,2026-10-18,btts,55.2,PRO_MEDIUM,1.36
Levante,Ath Bilbao,2026-09-16 00:00:00,corners_over_75,69.7,PRO_MEDIUM,
Aris,Iraklis,2026-09-19 00:00:00,corners_over_75,62.1,PRO_MEDIUM,
Leuven,RAAL La Louviere,2026-09-19 00:00:00,corners_over_75,77.9,PRO_STRONG,
Ein Frankfurt,Freiburg,2026-09-19 00:00:00,corners_over_75,70.2,PRO_MEDIUM,
Newcastle,Hull,2026-09-19 00:00:00,corners_over_75,73.9,PRO_MEDIUM,
St Johnstone,Falkirk,2026-09-19 00:00:00,corners_over_75,77.9,PRO_STRONG,
Stoke,Sheffield United,2026-09-19 00:00:00,corners_over_75,79.3,PRO_STRONG,
Leverkusen,Rb Leipzig,2026-09-20 00:00:00,corners_over_75,74.1,PRO_MEDIUM,
Az Alkmaar,Telstar,2026-09-20 00:00:00,corners_over_75,85.4,PRO_STRONG,
Ofi Crete,Asteras Tripolis,2026-09-20 00:00:00,corners_over_75,61.2,PRO_MEDIUM,
La Coruna,Betis,2026-09-20 00:00:00,corners_over_75,75.2,PRO_STRONG,
Feyenoord,Utrecht,2026-09-20 00:00:00,corners_over_75,82.3,PRO_STRONG,
Porto,Benfica,2026-09-20 00:00:00,corners_over_75,72.6,PRO_MEDIUM,
Levadeiakos,Olympiakos,2026-09-20 00:00:00,corners_over_75,59.4,PRO_MEDIUM,
Paderborn,Hoffenheim,2026-09-20 00:00:00,corners_over_75,77.6,PRO_STRONG,
Fenerbahce,Eyupspor,2026-09-20 00:00:00,corners_over_75,77.0,PRO_STRONG,
Auxerre,Brest,2026-09-20 00:00:00,corners_over_75,69.5,PRO_MEDIUM,
Nijmegen,Go Ahead Eagles,2026-09-20 00:00:00,corners_over_75,83.9,PRO_STRONG,
Santa Clara,Sp Braga,2026-09-20 00:00:00,corners_over_75,61.5,PRO_MEDIUM,
Guimaraes,Moreirense,2026-09-20 00:00:00,corners_over_75,63.5,PRO_MEDIUM,
Valencia,Sociedad,2026-09-20 00:00:00,corners_over_75,65.5,PRO_MEDIUM,
Fiorentina,Napoli,2026-09-20 00:00:00,corners_over_75,59.7,PRO_MEDIUM,
St Truiden,Westerlo,2026-09-20 00:00:00,corners_over_75,74.9,PRO_MEDIUM,
Man City,Sunderland,2026-09-20 00:00:00,corners_over_75,77.9,PRO_STRONG,
Amedspor,Besiktas,2026-09-20 00:00:00,corners_over_75,66.9,PRO_MEDIUM,
Frosinone,Como,2026-09-20 00:00:00,corners_over_75,71.0,PRO_MEDIUM,
Ath Madrid,Real Madrid,2026-09-20 00:00:00,corners_over_75,75.0,PRO_MEDIUM,
Goztep,Rizespor,2026-09-20 00:00:00,corners_over_75,69.2,PRO_MEDIUM,
Estoril,Casa Pia,2026-09-20 00:00:00,corners_over_75,70.9,PRO_MEDIUM,
Nice,Lille,2026-09-20 00:00:00,corners_over_75,65.1,PRO_MEDIUM,
Wolves,West Brom,2026-09-20 00:00:00,corners_over_75,69.7,PRO_MEDIUM,
Bournemouth,Liverpool,2026-09-20 00:00:00,corners_over_75,76.9,PRO_STRONG,
Getafe,Malaga,2026-09-20 00:00:00,corners_over_75,63.1,PRO_MEDIUM,
Juventus,Atalanta,2026-09-20 00:00:00,corners_over_75,67.3,PRO_MEDIUM,
Parma,Genoa,2026-09-20 00:00:00,corners_over_75,61.3,PRO_MEDIUM,
Marseille,PSG,2026-09-20 00:00:00,corners_over_75,64.2,PRO_MEDIUM,
Leeds,Crystal Palace,2026-09-20 00:00:00,corners_over_75,76.8,PRO_STRONG,
Twente,PSV,2026-09-20 00:00:00,corners_over_75,81.9,PRO_STRONG,
Fulham,Man United,2026-09-20 00:00:00,corners_over_75,76.8,PRO_STRONG,
Milan,Lecce,2026-09-20 00:00:00,corners_over_75,59.5,PRO_MEDIUM,
Antwerp,Royale Union SG,2026-09-20 00:00:00,corners_over_75,72.5,PRO_MEDIUM,
Kortrijk,Waasland-Beveren,2026-09-20 00:00:00,corners_over_75,72.7,PRO_MEDIUM,
Panetolikos,PAOK,2026-09-20 00:00:00,corners_over_75,55.5,PRO_MEDIUM,
Villarreal,Levante,2026-09-20 00:00:00,corners_over_75,77.8,PRO_STRONG,
Club Brugge,Genk,2026-09-20 00:00:00,corners_over_75,78.9,PRO_STRONG,
Erzurum Bb,Samsunspor,2026-09-20 00:00:00,corners_over_75,60.7,PRO_MEDIUM,
Celtic,Rangers,2026-09-20 00:00:00,corners_over_75,82.7,PRO_STRONG,
Volos Nfc,AEK Athens,2026-09-20 00:00:00,corners_over_75,56.4,PRO_MEDIUM,
Kalamata,Panathinaikos,2026-09-20 00:00:00,corners_over_75,63.8,PRO_MEDIUM,
Norwich,Bolton,2026-09-20 00:00:00,corners_over_75,77.6,PRO_STRONG,
PSV,Heerenveen,2026-10-09 00:00:00,corners_over_75,84.8,PRO_STRONG,
West Ham,QPR,2026-10-09 00:00:00,corners_over_75,79.5,PRO_STRONG,
Malaga,Espanol,2026-10-09 00:00:00,corners_over_75,65.2,PRO_MEDIUM,
Waasland-Beveren,Lommel SK,2026-10-09 00:00:00,corners_over_75,76.8,PRO_STRONG,
Moreirense,Gil Vicente,2026-10-09 00:00:00,corners_over_75,57.1,PRO_MEDIUM,
Dortmund,Werder Bremen,2026-10-09 00:00:00,corners_over_75,74.3,PRO_MEDIUM,
Sp Braga,Sporting CP,2026-10-09 00:00:00,corners_over_75,60.0,PRO_MEDIUM,
Lens,Lyon,2026-10-09 00:00:00,corners_over_75,77.4,PRO_STRONG,
Galatasaray,Kasimpasa,2026-10-09 00:00:00,corners_over_75,67.6,PRO_MEDIUM,
Vallecano,Ath Bilbao,2026-10-10 00:00:00,corners_over_75,73.0,PRO_MEDIUM,
Napoli,Frosinone,2026-10-10 00:00:00,corners_over_75,73.7,PRO_MEDIUM,
Rangers,Kilmarnock,2026-10-10 00:00:00,corners_over_75,86.2,PRO_STRONG,
For Sittard,Twente,2026-10-10 00:00:00,corners_over_75,74.7,PRO_MEDIUM,
Maritimo,Porto,2026-10-10 00:00:00,corners_over_75,71.5,PRO_MEDIUM,
Rb Leipzig,Ein Frankfurt,2026-10-10 00:00:00,corners_over_75,74.9,PRO_MEDIUM,
Middlesbrough,Wolves,2026-10-10 00:00:00,corners_over_75,73.8,PRO_MEDIUM,
Go Ahead Eagles,Sparta Rotterdam,2026-10-10 00:00:00,corners_over_75,83.5,PRO_STRONG,
Samsunspor,Trabzonspor,2026-10-10 00:00:00,corners_over_75,68.1,PRO_MEDIUM,
Cercle Brugge,Anderlecht,2026-10-10 00:00:00,corners_over_75,77.1,PRO_STRONG,
Hoffenheim,Hamburg,2026-10-10 00:00:00,corners_over_75,82.5,PRO_STRONG,
Rizespor,Fenerbahce,2026-10-10 00:00:00,corners_over_75,70.1,PRO_MEDIUM,
Monaco,Toulouse,2026-10-10 00:00:00,corners_over_75,69.0,PRO_MEDIUM,
Sunderland,Brighton,2026-10-10 00:00:00,corners_over_75,67.8,PRO_MEDIUM,
Paderborn,Stuttgart,2026-10-10 00:00:00,corners_over_75,75.5,PRO_STRONG,
Derby,Wrexham,2026-10-10 00:00:00,corners_over_75,71.3,PRO_MEDIUM,
Mainz,Leverkusen,2026-10-10 00:00:00,corners_over_75,73.4,PRO_MEDIUM,
Waregem,Gent,2026-10-10 00:00:00,corners_over_75,72.0,PRO_MEDIUM,
Genk,Kortrijk,2026-10-10 00:00:00,corners_over_75,75.7,PRO_STRONG,
Feyenoord,Az Alkmaar,2026-10-10 00:00:00,corners_over_75,80.5,PRO_STRONG,
Charlton,Bristol City,2026-10-10 00:00:00,corners_over_75,75.0,PRO_STRONG,
Real Madrid,Villarreal,2026-10-10 00:00:00,corners_over_75,77.4,PRO_STRONG,
Blackburn,Cardiff,2026-10-10 00:00:00,corners_over_75,76.9,PRO_STRONG,
Bolton,Stoke,2026-10-10 00:00:00,corners_over_75,76.3,PRO_STRONG,
Alaves,Ath Madrid,2026-10-10 00:00:00,corners_over_75,71.1,PRO_MEDIUM,
Man United,Tottenham,2026-10-10 00:00:00,corners_over_75,78.8,PRO_STRONG,
PSG,Le Mans,2026-10-10 00:00:00,corners_over_75,68.3,PRO_MEDIUM,
Sheffield United,Lincoln,2026-10-10 00:00:00,corners_over_75,81.5,PRO_STRONG,
Ajax,Nijmegen,2026-10-10 00:00:00,corners_over_75,78.3,PRO_STRONG,
Ipswich,Fulham,2026-10-10 00:00:00,corners_over_75,72.2,PRO_MEDIUM,
Barcelona,Getafe,2026-10-10 00:00:00,corners_over_75,69.3,PRO_MEDIUM,
Augsburg,Bayern Munich,2026-10-10 00:00:00,corners_over_75,78.2,PRO_STRONG,
RAAL La Louviere,Club Brugge,2026-10-10 00:00:00,corners_over_75,78.6,PRO_STRONG,
Preston,Millwall,2026-10-10 00:00:00,corners_over_75,79.6,PRO_STRONG,
Hearts,St Mirren,2026-10-10 00:00:00,corners_over_75,84.2,PRO_STRONG,
Inter,Parma,2026-10-10 00:00:00,corners_over_75,78.8,PRO_STRONG,
Falkirk,Dundee,2026-10-10 00:00:00,corners_over_75,77.3,PRO_STRONG,
Chelsea,Bournemouth,2026-10-10 00:00:00,corners_over_75,80.0,PRO_STRONG,
Lille,Le Havre,2026-10-10 00:00:00,corners_over_75,63.0,PRO_MEDIUM,
Arsenal,Leeds,2026-10-10 00:00:00,corners_over_75,71.2,PRO_MEDIUM,
Genoa,Fiorentina,2026-10-10 00:00:00,corners_over_75,55.0,PRO_MEDIUM,
Alanyaspor,Erzurum Bb,2026-10-10 00:00:00,corners_over_75,62.3,PRO_MEDIUM,
Genclerbirligi,Amedspor,2026-10-10 00:00:00,corners_over_75,62.8,PRO_MEDIUM,
Brest,Angers,2026-10-10 00:00:00,corners_over_75,68.6,PRO_MEDIUM,
Casa Pia,Santa Clara,2026-10-10 00:00:00,corners_over_75,70.5,PRO_MEDIUM,
Union Berlin,Elversberg,2026-10-10 00:00:00,corners_over_75,77.8,PRO_STRONG,
Watford,Burnley,2026-10-10 00:00:00,corners_over_75,72.4,PRO_MEDIUM,
West Brom,Birmingham,2026-10-10 00:00:00,corners_over_75,72.5,PRO_MEDIUM,
Swansea,Norwich,2026-10-10 00:00:00,corners_over_75,69.4,PRO_MEDIUM,
Lorient,Paris FC,2026-10-10 00:00:00,corners_over_75,62.6,PRO_MEDIUM,
Asteras Tripolis,Atromitos,2026-10-10 00:00:00,corners_over_75,62.9,PRO_MEDIUM,
Aston Villa,Brentford,2026-10-10 00:00:00,corners_over_75,77.5,PRO_STRONG,
Dundee United,Hibernian,2026-10-10 00:00:00,corners_over_75,81.5,PRO_STRONG,
AEK Athens,Ofi Crete,2026-10-10 00:00:00,corners_over_75,60.0,PRO_MEDIUM,
Elche,Celta,2026-10-11 00:00:00,corners_over_75,57.7,PRO_MEDIUM,
Lecce,Bologna,2026-10-11 00:00:00,corners_over_75,59.3,PRO_MEDIUM,
Nice,Strasbourg,2026-10-11 00:00:00,corners_over_75,70.3,PRO_MEDIUM,
Gaziantep,Corum,2026-10-11 00:00:00,corners_over_75,68.1,PRO_MEDIUM,
St. Liege,Charleroi,2026-10-11 00:00:00,corners_over_75,77.7,PRO_STRONG,
Besiktas,Kocaelispor,2026-10-11 00:00:00,corners_over_75,65.7,PRO_MEDIUM,
Lazio,Monza,2026-10-11 00:00:00,corners_over_75,61.5,PRO_MEDIUM,
Aberdeen,St Johnstone,2026-10-11 00:00:00,corners_over_75,76.8,PRO_STRONG,
Konyaspor,Basaksehir,2026-10-11 00:00:00,corners_over_75,58.1,PRO_MEDIUM,
Arouca,Estrela,2026-10-11 00:00:00,corners_over_75,62.0,PRO_MEDIUM,
Crystal Palace,Nottingham,2026-10-11 00:00:00,corners_over_75,69.5,PRO_MEDIUM,
Liverpool,Man City,2026-10-11 00:00:00,corners_over_75,76.5,PRO_STRONG,
Aris,Volos Nfc,2026-10-11 00:00:00,corners_over_75,61.9,PRO_MEDIUM,
Benfica,Guimaraes,2026-10-11 00:00:00,corners_over_75,76.2,PRO_STRONG,
Troyes,Marseille,2026-10-11 00:00:00,corners_over_75,68.5,PRO_MEDIUM,
Royale Union SG,Leuven,2026-10-11 00:00:00,corners_over_75,84.1,PRO_STRONG,
Southampton,Portsmouth,2026-10-11 00:00:00,corners_over_75,79.4,PRO_STRONG,
Rio Ave,Nacional,2026-10-11 00:00:00,corners_over_75,73.6,PRO_MEDIUM,
Excelsior,Groningen,2026-10-11 00:00:00,corners_over_75,72.8,PRO_MEDIUM,
Hull,Everton,2026-10-11 00:00:00,corners_over_75,70.8,PRO_MEDIUM,
Westerlo,Antwerp,2026-10-11 00:00:00,corners_over_75,76.7,PRO_STRONG,
Betis,Osasuna,2026-10-11 00:00:00,corners_over_75,66.2,PRO_MEDIUM,
Sassuolo,Milan,2026-10-11 00:00:00,corners_over_75,64.5,PRO_MEDIUM,
Mechelen,St Truiden,2026-10-11 00:00:00,corners_over_75,66.3,PRO_MEDIUM,
Como,Roma,2026-10-11 00:00:00,corners_over_75,63.0,PRO_MEDIUM,
Rennes,Auxerre,2026-10-11 00:00:00,corners_over_75,78.8,PRO_STRONG,
Iraklis,Levadeiakos,2026-10-11 00:00:00,corners_over_75,63.8,PRO_MEDIUM,
Fc Koln,M'Gladbach,2026-10-11 00:00:00,corners_over_75,74.4,PRO_MEDIUM,
Olympiakos,Panathinaikos,2026-10-11 00:00:00,corners_over_75,56.9,PRO_MEDIUM,
Zwolle,Cambuur,2026-10-11 00:00:00,corners_over_75,77.7,PRO_STRONG,
Racing Santander,Valencia,2026-10-11 00:00:00,corners_over_75,77.7,PRO_STRONG,
Cagliari,Juventus,2026-10-11 00:00:00,corners_over_75,67.7,PRO_MEDIUM,
Motherwell,Celtic,2026-10-11 00:00:00,corners_over_75,78.2,PRO_STRONG,
Freiburg,Schalke 04,2026-10-11 00:00:00,corners_over_75,70.8,PRO_MEDIUM,
Telstar,Den Haag,2026-10-11 00:00:00,corners_over_75,80.2,PRO_STRONG,
Sociedad,La Coruna,2026-10-11 00:00:00,corners_over_75,79.3,PRO_STRONG,
Utrecht,Willem Ii,2026-10-11 00:00:00,corners_over_75,84.0,PRO_STRONG,
Atalanta,Venezia,2026-10-12 00:00:00,corners_over_75,68.3,PRO_MEDIUM,
Coventry,Newcastle,2026-10-12 00:00:00,corners_over_75,69.1,PRO_MEDIUM,
Levante,Sevilla,2026-10-12 00:00:00,corners_over_75,60.4,PRO_MEDIUM,
Eyupspor,Goztep,2026-10-12 00:00:00,corners_over_75,62.9,PRO_MEDIUM,
Famalicao,Alverca,2026-10-12 00:00:00,corners_over_75,66.6,PRO_MEDIUM,
Torino,Udinese,2026-10-12 00:00:00,corners_over_75,65.4,PRO_MEDIUM,
PAOK,Kalamata,2026-10-12 00:00:00,corners_over_75,67.5,PRO_MEDIUM,
Wrexham,West Brom,2026-10-13 00:00:00,corners_over_75,65.4,PRO_MEDIUM,
Birmingham,Preston,2026-10-13 00:00:00,corners_over_75,76.4,PRO_STRONG,
Bristol City,Blackburn,2026-10-13 00:00:00,corners_over_75,76.9,PRO_STRONG,
Millwall,Swansea,2026-10-13 00:00:00,corners_over_75,76.2,PRO_STRONG,
Cardiff,Watford,2026-10-13 00:00:00,corners_over_75,77.7,PRO_STRONG,
Wolves,Bolton,2026-10-13 00:00:00,corners_over_75,75.9,PRO_STRONG,
Stoke,Middlesbrough,2026-10-13 00:00:00,corners_over_75,73.9,PRO_MEDIUM,
Burnley,Charlton,2026-10-13 00:00:00,corners_over_75,76.8,PRO_STRONG,
Norwich,Southampton,2026-10-14 00:00:00,corners_over_75,75.8,PRO_STRONG,
QPR,Derby,2026-10-14 00:00:00,corners_over_75,73.1,PRO_MEDIUM,
Lincoln,West Ham,2026-10-14 00:00:00,corners_over_75,80.2,PRO_STRONG,
Portsmouth,Sheffield United,2026-10-14 00:00:00,corners_over_75,79.3,PRO_STRONG,
Heerenveen,Excelsior,2026-10-16 00:00:00,corners_over_75,76.6,PRO_STRONG,
Le Mans,Toulouse,2026-10-16 00:00:00,corners_over_75,63.1,PRO_MEDIUM,
Burnley,Wolves,2026-10-16 00:00:00,corners_over_75,71.8,PRO_MEDIUM,
La Coruna,Levante,2026-10-16 00:00:00,corners_over_75,73.8,PRO_MEDIUM,
Corum,Rizespor,2026-10-16 00:00:00,corners_over_75,70.5,PRO_MEDIUM,
Frosinone,Sassuolo,2026-10-16 00:00:00,corners_over_75,78.2,PRO_STRONG,
Ein Frankfurt,Fc Koln,2026-10-16 00:00:00,corners_over_75,77.2,PRO_STRONG,
Erzurum Bb,Eyupspor,2026-10-17 00:00:00,corners_over_75,60.5,PRO_MEDIUM,
Aberdeen,St Mirren,2026-10-17 00:00:00,corners_over_75,80.3,PRO_STRONG,
Roma,Genoa,2026-10-17 00:00:00,corners_over_75,66.7,PRO_MEDIUM,
Troyes,Lens,2026-10-17 00:00:00,corners_over_75,74.8,PRO_MEDIUM,
Schalke 04,Mainz,2026-10-17 00:00:00,corners_over_75,78.4,PRO_STRONG,
Strasbourg,PSG,2026-10-17 00:00:00,corners_over_75,64.4,PRO_MEDIUM,
Telstar,Feyenoord,2026-10-17 00:00:00,corners_over_75,77.6,PRO_STRONG,
Elversberg,Augsburg,2026-10-17 00:00:00,corners_over_75,79.0,PRO_STRONG,
Everton,Chelsea,2026-10-17 00:00:00,corners_over_75,75.8,PRO_STRONG,
Fulham,Hull,2026-10-17 00:00:00,corners_over_75,70.5,PRO_MEDIUM,
Espanol,Ath Madrid,2026-10-17 00:00:00,corners_over_75,66.9,PRO_MEDIUM,
Sparta Rotterdam,Willem Ii,2026-10-17 00:00:00,corners_over_75,85.6,PRO_STRONG,
Amedspor,Konyaspor,2026-10-17 00:00:00,corners_over_75,60.0,PRO_MEDIUM,
Villarreal,Elche,2026-10-17 00:00:00,corners_over_75,73.3,PRO_MEDIUM,
Hibernian,Falkirk,2026-10-17 00:00:00,corners_over_75,82.1,PRO_STRONG,
Brentford,Liverpool,2026-10-17 00:00:00,corners_over_75,76.2,PRO_STRONG,
Newcastle,Aston Villa,2026-10-17 00:00:00,corners_over_75,75.6,PRO_STRONG,
Watford,Charlton,2026-10-17 00:00:00,corners_over_75,75.4,PRO_STRONG,
Lille,Brest,2026-10-17 00:00:00,corners_over_75,61.4,PRO_MEDIUM,
Derby,Stoke,2026-10-17 00:00:00,corners_over_75,73.7,PRO_MEDIUM,
Man City,Ipswich,2026-10-17 00:00:00,corners_over_75,79.9,PRO_STRONG,
Hamburg,Stuttgart,2026-10-17 00:00:00,corners_over_75,76.0,PRO_STRONG,
Levadeiakos,Volos Nfc,2026-10-17 00:00:00,corners_over_75,59.0,PRO_MEDIUM,
Fenerbahce,Alanyaspor,2026-10-17 00:00:00,corners_over_75,68.5,PRO_MEDIUM,
Venezia,Napoli,2026-10-17 00:00:00,corners_over_75,66.8,PRO_MEDIUM,
Union Berlin,Dortmund,2026-10-17 00:00:00,corners_over_75,68.2,PRO_MEDIUM,
Betis,Barcelona,2026-10-17 00:00:00,corners_over_75,72.4,PRO_MEDIUM,
Wrexham,Preston,2026-10-17 00:00:00,corners_over_75,71.2,PRO_MEDIUM,
Den Haag,PSV,2026-10-17 00:00:00,corners_over_75,76.9,PRO_STRONG,
West Brom,Blackburn,2026-10-17 00:00:00,corners_over_75,73.2,PRO_MEDIUM,
Werder Bremen,Paderborn,2026-10-17 00:00:00,corners_over_75,73.4,PRO_MEDIUM,
St Johnstone,Dundee United,2026-10-17 00:00:00,corners_over_75,81.0,PRO_STRONG,
Dundee,Rangers,2026-10-17 00:00:00,corners_over_75,79.1,PRO_STRONG,
Bologna,Inter,2026-10-17 00:00:00,corners_over_75,64.3,PRO_MEDIUM,
Kilmarnock,Motherwell,2026-10-17 00:00:00,corners_over_75,78.0,PRO_STRONG,
Bristol City,Sheffield United,2026-10-17 00:00:00,corners_over_75,76.0,PRO_STRONG,
Bayern Munich,Rb Leipzig,2026-10-17 00:00:00,corners_over_75,76.9,PRO_STRONG,
Valencia,Ath Bilbao,2026-10-17 00:00:00,corners_over_75,62.7,PRO_MEDIUM,
Middlesbrough,Cardiff,2026-10-17 00:00:00,corners_over_75,78.9,PRO_STRONG,
Genclerbirligi,Galatasaray,2026-10-17 00:00:00,corners_over_75,65.3,PRO_MEDIUM,
Birmingham,QPR,2026-10-17 00:00:00,corners_over_75,73.5,PRO_MEDIUM,
Nottingham,Arsenal,2026-10-18 00:00:00,corners_over_75,60.9,PRO_MEDIUM,
Zwolle,Go Ahead Eagles,2026-10-18 00:00:00,corners_over_75,82.3,PRO_STRONG,
Fiorentina,Como,2026-10-18 00:00:00,corners_over_75,58.1,PRO_MEDIUM,
Groningen,Ajax,2026-10-18 00:00:00,corners_over_75,76.9,PRO_STRONG,
Kasimpasa,Samsunspor,2026-10-18 00:00:00,corners_over_75,63.5,PRO_MEDIUM,
Osasuna,Racing Santander,2026-10-18 00:00:00,corners_over_75,75.0,PRO_MEDIUM,
Brighton,Crystal Palace,2026-10-18 00:00:00,corners_over_75,76.9,PRO_STRONG,
Bournemouth,Sunderland,2026-10-18 00:00:00,corners_over_75,70.9,PRO_MEDIUM,
Le Havre,Auxerre,2026-10-18 00:00:00,corners_over_75,73.3,PRO_MEDIUM,
Basaksehir,Gaziantep,2026-10-18 00:00:00,corners_over_75,66.1,PRO_MEDIUM,
M'Gladbach,Hoffenheim,2026-10-18 00:00:00,corners_over_75,72.7,PRO_MEDIUM,
Nijmegen,For Sittard,2026-10-18 00:00:00,corners_over_75,80.2,PRO_STRONG,
Kalamata,Ofi Crete,2026-10-18 00:00:00,corners_over_75,63.6,PRO_MEDIUM,
Panathinaikos,Asteras Tripolis,2026-10-18 00:00:00,corners_over_75,63.4,PRO_MEDIUM,
Kifisia,Aris,2026-10-18 00:00:00,corners_over_75,57.3,PRO_MEDIUM,
Angers,Marseille,2026-10-18 00:00:00,corners_over_75,66.9,PRO_MEDIUM,
Juventus,Lazio,2026-10-18 00:00:00,corners_over_75,69.1,PRO_MEDIUM,
PAOK,Iraklis,2026-10-18 00:00:00,corners_over_75,63.5,PRO_MEDIUM,
Malaga,Sociedad,2026-10-18 00:00:00,corners_over_75,70.3,PRO_MEDIUM,
Kocaelispor,Goztep,2026-10-18 00:00:00,corners_over_75,58.9,PRO_MEDIUM,
Paris FC,Rennes,2026-10-18 00:00:00,corners_over_75,72.6,PRO_MEDIUM,
Lyon,Nice,2026-10-18 00:00:00,corners_over_75,75.9,PRO_STRONG,
Lorient,Monaco,2026-10-18 00:00:00,corners_over_75,64.5,PRO_MEDIUM,
Udinese,Lecce,2026-10-18 00:00:00,corners_over_75,67.7,PRO_MEDIUM,
Celtic,Hearts,2026-10-18 00:00:00,corners_over_75,82.7,PRO_STRONG,
Cambuur,Az Alkmaar,2026-10-18 00:00:00,corners_over_75,79.3,PRO_STRONG,
Celta,Alaves,2026-10-18 00:00:00,corners_over_75,59.9,PRO_MEDIUM,
Leeds,Man United,2026-10-18 00:00:00,corners_over_75,75.6,PRO_STRONG,
Milan,Atalanta,2026-10-18 00:00:00,corners_over_75,56.4,PRO_MEDIUM,
Real Madrid,Sevilla,2026-10-18 00:00:00,corners_over_75,63.2,PRO_MEDIUM,
Twente,Utrecht,2026-10-18 00:00:00,corners_over_75,79.8,PRO_STRONG,
Leverkusen,Freiburg,2026-10-18 00:00:00,corners_over_75,70.7,PRO_MEDIUM,
Trabzonspor,Besiktas,2026-10-19 00:00:00,corners_over_75,71.6,PRO_MEDIUM,
Parma,Torino,2026-10-19 00:00:00,corners_over_75,62.2,PRO_MEDIUM,
Tottenham,Coventry,2026-10-19 00:00:00,corners_over_75,71.7,PRO_MEDIUM,
Monza,Cagliari,2026-10-19 00:00:00,corners_over_75,66.5,PRO_MEDIUM,
Getafe,Vallecano,2026-10-19 00:00:00,corners_over_75,64.4,PRO_MEDIUM,
Wolves,Portsmouth,2026-10-20 00:00:00,corners_over_75,75.3,PRO_STRONG,
Levante,Ath Bilbao,2026-10-21 00:00:00,corners_over_75,65.8,PRO_MEDIUM,
Brest,Nice,2026-10-23 00:00:00,corners_over_75,65.5,PRO_MEDIUM,
Alaves,Malaga,2026-10-23 00:00:00,corners_over_75,71.3,PRO_MEDIUM,
Alanyaspor,Kocaelispor,2026-10-23 00:00:00,corners_over_75,55.5,PRO_MEDIUM,
Guimaraes,Maritimo,2026-10-23 00:00:00,corners_over_75,67.2,PRO_MEDIUM,
Kortrijk,Mechelen,2026-10-23 00:00:00,corners_over_75,69.3,PRO_MEDIUM,
Torino,Monza,2026-10-23 00:00:00,corners_over_75,63.2,PRO_MEDIUM,
Bolton,Middlesbrough,2026-10-23 00:00:00,corners_over_75,75.5,PRO_STRONG,
Ipswich,Nottingham,2026-10-23 00:00:00,corners_over_75,68.4,PRO_MEDIUM,
Go Ahead Eagles,Telstar,2026-10-23 00:00:00,corners_over_75,84.3,PRO_STRONG,
Stuttgart,M'Gladbach,2026-10-23 00:00:00,corners_over_75,77.1,PRO_STRONG,
Levante,Ath Bilbao,2026-09-16 00:00:00,corners_over_85,58.3,PRO_MEDIUM,
Leuven,RAAL La Louviere,2026-09-19 00:00:00,corners_over_85,67.4,PRO_MEDIUM,
Ein Frankfurt,Freiburg,2026-09-19 00:00:00,corners_over_85,58.9,PRO_MEDIUM,
Newcastle,Hull,2026-09-19 00:00:00,corners_over_85,62.9,PRO_MEDIUM,
St Johnstone,Falkirk,2026-09-19 00:00:00,corners_over_85,67.4,PRO_MEDIUM,
Stoke,Sheffield United,2026-09-19 00:00:00,corners_over_85,69.0,PRO_MEDIUM,
Leverkusen,Rb Leipzig,2026-09-20 00:00:00,corners_over_85,63.1,PRO_MEDIUM,
Az Alkmaar,Telstar,2026-09-20 00:00:00,corners_over_85,76.6,PRO_STRONG,
La Coruna,Betis,2026-09-20 00:00:00,corners_over_85,64.4,PRO_MEDIUM,
Feyenoord,Utrecht,2026-09-20 00:00:00,corners_over_85,72.7,PRO_MEDIUM,
Porto,Benfica,2026-09-20 00:00:00,corners_over_85,61.4,PRO_MEDIUM,
Paderborn,Hoffenheim,2026-09-20 00:00:00,corners_over_85,67.1,PRO_MEDIUM,
Fenerbahce,Eyupspor,2026-09-20 00:00:00,corners_over_85,66.4,PRO_MEDIUM,
Auxerre,Brest,2026-09-20 00:00:00,corners_over_85,58.1,PRO_MEDIUM,
Nijmegen,Go Ahead Eagles,2026-09-20 00:00:00,corners_over_85,74.7,PRO_MEDIUM,
St Truiden,Westerlo,2026-09-20 00:00:00,corners_over_85,64.0,PRO_MEDIUM,
Man City,Sunderland,2026-09-20 00:00:00,corners_over_85,67.4,PRO_MEDIUM,
Amedspor,Besiktas,2026-09-20 00:00:00,corners_over_85,55.5,PRO_MEDIUM,
Frosinone,Como,2026-09-20 00:00:00,corners_over_85,59.8,PRO_MEDIUM,
Ath Madrid,Real Madrid,2026-09-20 00:00:00,corners_over_85,64.1,PRO_MEDIUM,
Goztep,Rizespor,2026-09-20 00:00:00,corners_over_85,57.9,PRO_MEDIUM,
Estoril,Casa Pia,2026-09-20 00:00:00,corners_over_85,59.6,PRO_MEDIUM,
Wolves,West Brom,2026-09-20 00:00:00,corners_over_85,58.3,PRO_MEDIUM,
Bournemouth,Liverpool,2026-09-20 00:00:00,corners_over_85,66.3,PRO_MEDIUM,
Juventus,Atalanta,2026-09-20 00:00:00,corners_over_85,55.8,PRO_MEDIUM,
Leeds,Crystal Palace,2026-09-20 00:00:00,corners_over_85,66.2,PRO_MEDIUM,
Twente,PSV,2026-09-20 00:00:00,corners_over_85,72.2,PRO_MEDIUM,
Fulham,Man United,2026-09-20 00:00:00,corners_over_85,66.2,PRO_MEDIUM,
Antwerp,Royale Union SG,2026-09-20 00:00:00,corners_over_85,61.4,PRO_MEDIUM,
Kortrijk,Waasland-Beveren,2026-09-20 00:00:00,corners_over_85,61.5,PRO_MEDIUM,
Villarreal,Levante,2026-09-20 00:00:00,corners_over_85,67.3,PRO_MEDIUM,
Club Brugge,Genk,2026-09-20 00:00:00,corners_over_85,68.6,PRO_MEDIUM,
Celtic,Rangers,2026-09-20 00:00:00,corners_over_85,73.1,PRO_MEDIUM,
Norwich,Bolton,2026-09-20 00:00:00,corners_over_85,67.1,PRO_MEDIUM,
PSV,Heerenveen,2026-10-09 00:00:00,corners_over_85,75.8,PRO_STRONG,
West Ham,QPR,2026-10-09 00:00:00,corners_over_85,69.3,PRO_MEDIUM,
Waasland-Beveren,Lommel SK,2026-10-09 00:00:00,corners_over_85,66.1,PRO_MEDIUM,
Dortmund,Werder Bremen,2026-10-09 00:00:00,corners_over_85,63.4,PRO_MEDIUM,
Lens,Lyon,2026-10-09 00:00:00,corners_over_85,66.8,PRO_MEDIUM,
Galatasaray,Kasimpasa,2026-10-09 00:00:00,corners_over_85,56.1,PRO_MEDIUM,
Vallecano,Ath Bilbao,2026-10-10 00:00:00,corners_over_85,61.9,PRO_MEDIUM,
Napoli,Frosinone,2026-10-10 00:00:00,corners_over_85,62.7,PRO_MEDIUM,
Rangers,Kilmarnock,2026-10-10 00:00:00,corners_over_85,77.6,PRO_STRONG,
For Sittard,Twente,2026-10-10 00:00:00,corners_over_85,63.8,PRO_MEDIUM,
Maritimo,Porto,2026-10-10 00:00:00,corners_over_85,60.2,PRO_MEDIUM,
Rb Leipzig,Ein Frankfurt,2026-10-10 00:00:00,corners_over_85,64.0,PRO_MEDIUM,
Middlesbrough,Wolves,2026-10-10 00:00:00,corners_over_85,62.8,PRO_MEDIUM,
Go Ahead Eagles,Sparta Rotterdam,2026-10-10 00:00:00,corners_over_85,74.2,PRO_MEDIUM,
Samsunspor,Trabzonspor,2026-10-10 00:00:00,corners_over_85,56.6,PRO_MEDIUM,
Cercle Brugge,Anderlecht,2026-10-10 00:00:00,corners_over_85,66.5,PRO_MEDIUM,
Hoffenheim,Hamburg,2026-10-10 00:00:00,corners_over_85,72.9,PRO_MEDIUM,
Rizespor,Fenerbahce,2026-10-10 00:00:00,corners_over_85,58.7,PRO_MEDIUM,
Monaco,Toulouse,2026-10-10 00:00:00,corners_over_85,57.6,PRO_MEDIUM,
Sunderland,Brighton,2026-10-10 00:00:00,corners_over_85,56.3,PRO_MEDIUM,
Paderborn,Stuttgart,2026-10-10 00:00:00,corners_over_85,64.7,PRO_MEDIUM,
Derby,Wrexham,2026-10-10 00:00:00,corners_over_85,60.1,PRO_MEDIUM,
Mainz,Leverkusen,2026-10-10 00:00:00,corners_over_85,62.3,PRO_MEDIUM,
Waregem,Gent,2026-10-10 00:00:00,corners_over_85,60.8,PRO_MEDIUM,
Genk,Kortrijk,2026-10-10 00:00:00,corners_over_85,64.9,PRO_MEDIUM,
Feyenoord,Az Alkmaar,2026-10-10 00:00:00,corners_over_85,70.5,PRO_MEDIUM,
Charlton,Bristol City,2026-10-10 00:00:00,corners_over_85,64.1,PRO_MEDIUM,
Real Madrid,Villarreal,2026-10-10 00:00:00,corners_over_85,66.8,PRO_MEDIUM,
Blackburn,Cardiff,2026-10-10 00:00:00,corners_over_85,66.2,PRO_MEDIUM,
Bolton,Stoke,2026-10-10 00:00:00,corners_over_85,65.5,PRO_MEDIUM,
Alaves,Ath Madrid,2026-10-10 00:00:00,corners_over_85,59.9,PRO_MEDIUM,
Man United,Tottenham,2026-10-10 00:00:00,corners_over_85,68.5,PRO_MEDIUM,
PSG,Le Mans,2026-10-10 00:00:00,corners_over_85,56.8,PRO_MEDIUM,
Sheffield United,Lincoln,2026-10-10 00:00:00,corners_over_85,71.8,PRO_MEDIUM,
Ajax,Nijmegen,2026-10-10 00:00:00,corners_over_85,67.9,PRO_MEDIUM,
Ipswich,Fulham,2026-10-10 00:00:00,corners_over_85,61.1,PRO_MEDIUM,
Barcelona,Getafe,2026-10-10 00:00:00,corners_over_85,57.9,PRO_MEDIUM,
Augsburg,Bayern Munich,2026-10-10 00:00:00,corners_over_85,67.8,PRO_MEDIUM,
RAAL La Louviere,Club Brugge,2026-10-10 00:00:00,corners_over_85,68.2,PRO_MEDIUM,
Preston,Millwall,2026-10-10 00:00:00,corners_over_85,69.5,PRO_MEDIUM,
Hearts,St Mirren,2026-10-10 00:00:00,corners_over_85,75.0,PRO_STRONG,
Inter,Parma,2026-10-10 00:00:00,corners_over_85,68.4,PRO_MEDIUM,
Falkirk,Dundee,2026-10-10 00:00:00,corners_over_85,66.8,PRO_MEDIUM,
Chelsea,Bournemouth,2026-10-10 00:00:00,corners_over_85,69.8,PRO_MEDIUM,
Arsenal,Leeds,2026-10-10 00:00:00,corners_over_85,59.9,PRO_MEDIUM,
Brest,Angers,2026-10-10 00:00:00,corners_over_85,57.2,PRO_MEDIUM,
Casa Pia,Santa Clara,2026-10-10 00:00:00,corners_over_85,59.2,PRO_MEDIUM,
Union Berlin,Elversberg,2026-10-10 00:00:00,corners_over_85,67.4,PRO_MEDIUM,
Watford,Burnley,2026-10-10 00:00:00,corners_over_85,61.2,PRO_MEDIUM,
West Brom,Birmingham,2026-10-10 00:00:00,corners_over_85,61.3,PRO_MEDIUM,
Swansea,Norwich,2026-10-10 00:00:00,corners_over_85,58.0,PRO_MEDIUM,
Aston Villa,Brentford,2026-10-10 00:00:00,corners_over_85,66.9,PRO_MEDIUM,
Dundee United,Hibernian,2026-10-10 00:00:00,corners_over_85,71.7,PRO_MEDIUM,
Nice,Strasbourg,2026-10-11 00:00:00,corners_over_85,59.0,PRO_MEDIUM,
Gaziantep,Corum,2026-10-11 00:00:00,corners_over_85,56.7,PRO_MEDIUM,
St. Liege,Charleroi,2026-10-11 00:00:00,corners_over_85,67.2,PRO_MEDIUM,
Aberdeen,St Johnstone,2026-10-11 00:00:00,corners_over_85,66.2,PRO_MEDIUM,
Crystal Palace,Nottingham,2026-10-11 00:00:00,corners_over_85,58.1,PRO_MEDIUM,
Liverpool,Man City,2026-10-11 00:00:00,corners_over_85,65.9,PRO_MEDIUM,
Benfica,Guimaraes,2026-10-11 00:00:00,corners_over_85,65.4,PRO_MEDIUM,
Troyes,Marseille,2026-10-11 00:00:00,corners_over_85,57.0,PRO_MEDIUM,
Royale Union SG,Leuven,2026-10-11 00:00:00,corners_over_85,75.0,PRO_MEDIUM,
Southampton,Portsmouth,2026-10-11 00:00:00,corners_over_85,69.1,PRO_MEDIUM,
Rio Ave,Nacional,2026-10-11 00:00:00,corners_over_85,62.5,PRO_MEDIUM,
Excelsior,Groningen,2026-10-11 00:00:00,corners_over_85,61.7,PRO_MEDIUM,
Hull,Everton,2026-10-11 00:00:00,corners_over_85,59.5,PRO_MEDIUM,
Westerlo,Antwerp,2026-10-11 00:00:00,corners_over_85,66.0,PRO_MEDIUM,
Rennes,Auxerre,2026-10-11 00:00:00,corners_over_85,68.5,PRO_MEDIUM,
Fc Koln,M'Gladbach,2026-10-11 00:00:00,corners_over_85,63.5,PRO_MEDIUM,
Zwolle,Cambuur,2026-10-11 00:00:00,corners_over_85,67.2,PRO_MEDIUM,
Racing Santander,Valencia,2026-10-11 00:00:00,corners_over_85,67.2,PRO_MEDIUM,
Cagliari,Juventus,2026-10-11 00:00:00,corners_over_85,56.2,PRO_MEDIUM,
Motherwell,Celtic,2026-10-11 00:00:00,corners_over_85,67.7,PRO_MEDIUM,
Freiburg,Schalke 04,2026-10-11 00:00:00,corners_over_85,59.5,PRO_MEDIUM,
Telstar,Den Haag,2026-10-11 00:00:00,corners_over_85,70.1,PRO_MEDIUM,
Sociedad,La Coruna,2026-10-11 00:00:00,corners_over_85,69.0,PRO_MEDIUM,
Utrecht,Willem Ii,2026-10-11 00:00:00,corners_over_85,74.7,PRO_MEDIUM,
Atalanta,Venezia,2026-10-12 00:00:00,corners_over_85,56.8,PRO_MEDIUM,
Coventry,Newcastle,2026-10-12 00:00:00,corners_over_85,57.7,PRO_MEDIUM,
Famalicao,Alverca,2026-10-12 00:00:00,corners_over_85,55.1,PRO_MEDIUM,
PAOK,Kalamata,2026-10-12 00:00:00,corners_over_85,56.0,PRO_MEDIUM,
Birmingham,Preston,2026-10-13 00:00:00,corners_over_85,65.7,PRO_MEDIUM,
Bristol City,Blackburn,2026-10-13 00:00:00,corners_over_85,66.3,PRO_MEDIUM,
Millwall,Swansea,2026-10-13 00:00:00,corners_over_85,65.5,PRO_MEDIUM,
Cardiff,Watford,2026-10-13 00:00:00,corners_over_85,67.2,PRO_MEDIUM,
Wolves,Bolton,2026-10-13 00:00:00,corners_over_85,65.1,PRO_MEDIUM,
Stoke,Middlesbrough,2026-10-13 00:00:00,corners_over_85,62.9,PRO_MEDIUM,
Burnley,Charlton,2026-10-13 00:00:00,corners_over_85,66.1,PRO_MEDIUM,
Norwich,Southampton,2026-10-14 00:00:00,corners_over_85,65.0,PRO_MEDIUM,
QPR,Derby,2026-10-14 00:00:00,corners_over_85,62.0,PRO_MEDIUM,
Lincoln,West Ham,2026-10-14 00:00:00,corners_over_85,70.1,PRO_MEDIUM,
Portsmouth,Sheffield United,2026-10-14 00:00:00,corners_over_85,69.1,PRO_MEDIUM,
Heerenveen,Excelsior,2026-10-16 00:00:00,corners_over_85,65.9,PRO_MEDIUM,
Burnley,Wolves,2026-10-16 00:00:00,corners_over_85,60.6,PRO_MEDIUM,
La Coruna,Levante,2026-10-16 00:00:00,corners_over_85,62.8,PRO_MEDIUM,
Corum,Rizespor,2026-10-16 00:00:00,corners_over_85,59.2,PRO_MEDIUM,
Frosinone,Sassuolo,2026-10-16 00:00:00,corners_over_85,67.8,PRO_MEDIUM,
Ein Frankfurt,Fc Koln,2026-10-16 00:00:00,corners_over_85,66.6,PRO_MEDIUM,
Aberdeen,St Mirren,2026-10-17 00:00:00,corners_over_85,70.3,PRO_MEDIUM,
Roma,Genoa,2026-10-17 00:00:00,corners_over_85,55.2,PRO_MEDIUM,
Troyes,Lens,2026-10-17 00:00:00,corners_over_85,63.9,PRO_MEDIUM,
Schalke 04,Mainz,2026-10-17 00:00:00,corners_over_85,68.0,PRO_MEDIUM,
Telstar,Feyenoord,2026-10-17 00:00:00,corners_over_85,67.0,PRO_MEDIUM,
Elversberg,Augsburg,2026-10-17 00:00:00,corners_over_85,68.7,PRO_MEDIUM,
Everton,Chelsea,2026-10-17 00:00:00,corners_over_85,65.0,PRO_MEDIUM,
Fulham,Hull,2026-10-17 00:00:00,corners_over_85,59.2,PRO_MEDIUM,
Espanol,Ath Madrid,2026-10-17 00:00:00,corners_over_85,55.4,PRO_MEDIUM,
Sparta Rotterdam,Willem Ii,2026-10-17 00:00:00,corners_over_85,76.8,PRO_STRONG,
Villarreal,Elche,2026-10-17 00:00:00,corners_over_85,62.2,PRO_MEDIUM,
Hibernian,Falkirk,2026-10-17 00:00:00,corners_over_85,72.4,PRO_MEDIUM,
Brentford,Liverpool,2026-10-17 00:00:00,corners_over_85,65.5,PRO_MEDIUM,
Newcastle,Aston Villa,2026-10-17 00:00:00,corners_over_85,64.8,PRO_MEDIUM,
Watford,Charlton,2026-10-17 00:00:00,corners_over_85,64.6,PRO_MEDIUM,
Derby,Stoke,2026-10-17 00:00:00,corners_over_85,62.6,PRO_MEDIUM,
Man City,Ipswich,2026-10-17 00:00:00,corners_over_85,69.8,PRO_MEDIUM,
Hamburg,Stuttgart,2026-10-17 00:00:00,corners_over_85,65.2,PRO_MEDIUM,
Fenerbahce,Alanyaspor,2026-10-17 00:00:00,corners_over_85,57.1,PRO_MEDIUM,
Venezia,Napoli,2026-10-17 00:00:00,corners_over_85,55.3,PRO_MEDIUM,
Union Berlin,Dortmund,2026-10-17 00:00:00,corners_over_85,56.8,PRO_MEDIUM,
Betis,Barcelona,2026-10-17 00:00:00,corners_over_85,61.3,PRO_MEDIUM,
Wrexham,Preston,2026-10-17 00:00:00,corners_over_85,60.0,PRO_MEDIUM,
Den Haag,PSV,2026-10-17 00:00:00,corners_over_85,66.2,PRO_MEDIUM,
West Brom,Blackburn,2026-10-17 00:00:00,corners_over_85,62.2,PRO_MEDIUM,
Werder Bremen,Paderborn,2026-10-17 00:00:00,corners_over_85,62.3,PRO_MEDIUM,
St Johnstone,Dundee United,2026-10-17 00:00:00,corners_over_85,71.1,PRO_MEDIUM,
Dundee,Rangers,2026-10-17 00:00:00,corners_over_85,68.8,PRO_MEDIUM,
Kilmarnock,Motherwell,2026-10-17 00:00:00,corners_over_85,67.5,PRO_MEDIUM,
Bristol City,Sheffield United,2026-10-17 00:00:00,corners_over_85,65.3,PRO_MEDIUM,
Bayern Munich,Rb Leipzig,2026-10-17 00:00:00,corners_over_85,66.2,PRO_MEDIUM,
Middlesbrough,Cardiff,2026-10-17 00:00:00,corners_over_85,68.6,PRO_MEDIUM,
Birmingham,QPR,2026-10-17 00:00:00,corners_over_85,62.5,PRO_MEDIUM,
Zwolle,Go Ahead Eagles,2026-10-18 00:00:00,corners_over_85,72.6,PRO_MEDIUM,
Groningen,Ajax,2026-10-18 00:00:00,corners_over_85,66.2,PRO_MEDIUM,
Osasuna,Racing Santander,2026-10-18 00:00:00,corners_over_85,64.1,PRO_MEDIUM,
Brighton,Crystal Palace,2026-10-18 00:00:00,corners_over_85,66.2,PRO_MEDIUM,
Bournemouth,Sunderland,2026-10-18 00:00:00,corners_over_85,59.6,PRO_MEDIUM,
Le Havre,Auxerre,2026-10-18 00:00:00,corners_over_85,62.2,PRO_MEDIUM,
M'Gladbach,Hoffenheim,2026-10-18 00:00:00,corners_over_85,61.6,PRO_MEDIUM,
Nijmegen,For Sittard,2026-10-18 00:00:00,corners_over_85,70.1,PRO_MEDIUM,
Angers,Marseille,2026-10-18 00:00:00,corners_over_85,55.5,PRO_MEDIUM,
Juventus,Lazio,2026-10-18 00:00:00,corners_over_85,57.7,PRO_MEDIUM,
Malaga,Sociedad,2026-10-18 00:00:00,corners_over_85,59.0,PRO_MEDIUM,
Paris FC,Rennes,2026-10-18 00:00:00,corners_over_85,61.4,PRO_MEDIUM,
Lyon,Nice,2026-10-18 00:00:00,corners_over_85,65.1,PRO_MEDIUM,
Udinese,Lecce,2026-10-18 00:00:00,corners_over_85,56.2,PRO_MEDIUM,
Celtic,Hearts,2026-10-18 00:00:00,corners_over_85,73.1,PRO_MEDIUM,
Cambuur,Az Alkmaar,2026-10-18 00:00:00,corners_over_85,69.1,PRO_MEDIUM,
Leeds,Man United,2026-10-18 00:00:00,corners_over_85,64.8,PRO_MEDIUM,
Twente,Utrecht,2026-10-18 00:00:00,corners_over_85,69.7,PRO_MEDIUM,
Leverkusen,Freiburg,2026-10-18 00:00:00,corners_over_85,59.4,PRO_MEDIUM,
Trabzonspor,Besiktas,2026-10-19 00:00:00,corners_over_85,60.4,PRO_MEDIUM,
Tottenham,Coventry,2026-10-19 00:00:00,corners_over_85,60.5,PRO_MEDIUM,
Monza,Cagliari,2026-10-19 00:00:00,corners_over_85,55.0,PRO_MEDIUM,
Wolves,Portsmouth,2026-10-20 00:00:00,corners_over_85,64.5,PRO_MEDIUM,
Alaves,Malaga,2026-10-23 00:00:00,corners_over_85,60.0,PRO_MEDIUM,
Guimaraes,Maritimo,2026-10-23 00:00:00,corners_over_85,55.7,PRO_MEDIUM,
Kortrijk,Mechelen,2026-10-23 00:00:00,corners_over_85,57.9,PRO_MEDIUM,
Bolton,Middlesbrough,2026-10-23 00:00:00,corners_over_85,64.7,PRO_MEDIUM,
Ipswich,Nottingham,2026-10-23 00:00:00,corners_over_85,57.0,PRO_MEDIUM,
Go Ahead Eagles,Telstar,2026-10-23 00:00:00,corners_over_85,75.2,PRO_STRONG,
Stuttgart,M'Gladbach,2026-10-23 00:00:00,corners_over_85,66.5,PRO_MEDIUM,
Leuven,RAAL La Louviere,2026-09-19 00:00:00,corners_over_95,55.7,PRO_MEDIUM,
St Johnstone,Falkirk,2026-09-19 00:00:00,corners_over_95,55.7,PRO_MEDIUM,
Stoke,Sheffield United,2026-09-19 00:00:00,corners_over_95,57.4,PRO_MEDIUM,
Az Alkmaar,Telstar,2026-09-20 00:00:00,corners_over_95,65.4,PRO_MEDIUM,
Feyenoord,Utrecht,2026-09-20 00:00:00,corners_over_95,61.2,PRO_MEDIUM,
Paderborn,Hoffenheim,2026-09-20 00:00:00,corners_over_95,55.4,PRO_MEDIUM,
Nijmegen,Go Ahead Eagles,2026-09-20 00:00:00,corners_over_95,63.3,PRO_MEDIUM,
Man City,Sunderland,2026-09-20 00:00:00,corners_over_95,55.7,PRO_MEDIUM,
Twente,PSV,2026-09-20 00:00:00,corners_over_95,60.6,PRO_MEDIUM,
Villarreal,Levante,2026-09-20 00:00:00,corners_over_95,55.6,PRO_MEDIUM,
Club Brugge,Genk,2026-09-20 00:00:00,corners_over_95,56.9,PRO_MEDIUM,
Celtic,Rangers,2026-09-20 00:00:00,corners_over_95,61.6,PRO_MEDIUM,
Norwich,Bolton,2026-09-20 00:00:00,corners_over_95,55.4,PRO_MEDIUM,
PSV,Heerenveen,2026-10-09 00:00:00,corners_over_95,64.5,PRO_MEDIUM,
West Ham,QPR,2026-10-09 00:00:00,corners_over_95,57.6,PRO_MEDIUM,
Lens,Lyon,2026-10-09 00:00:00,corners_over_95,55.1,PRO_MEDIUM,
Rangers,Kilmarnock,2026-10-10 00:00:00,corners_over_95,66.5,PRO_MEDIUM,
Go Ahead Eagles,Sparta Rotterdam,2026-10-10 00:00:00,corners_over_95,62.8,PRO_MEDIUM,
Hoffenheim,Hamburg,2026-10-10 00:00:00,corners_over_95,61.4,PRO_MEDIUM,
Feyenoord,Az Alkmaar,2026-10-10 00:00:00,corners_over_95,58.8,PRO_MEDIUM,
Real Madrid,Villarreal,2026-10-10 00:00:00,corners_over_95,55.1,PRO_MEDIUM,
Man United,Tottenham,2026-10-10 00:00:00,corners_over_95,56.8,PRO_MEDIUM,
Sheffield United,Lincoln,2026-10-10 00:00:00,corners_over_95,60.2,PRO_MEDIUM,
Ajax,Nijmegen,2026-10-10 00:00:00,corners_over_95,56.2,PRO_MEDIUM,
Augsburg,Bayern Munich,2026-10-10 00:00:00,corners_over_95,56.1,PRO_MEDIUM,
RAAL La Louviere,Club Brugge,2026-10-10 00:00:00,corners_over_95,56.5,PRO_MEDIUM,
Preston,Millwall,2026-10-10 00:00:00,corners_over_95,57.8,PRO_MEDIUM,
Hearts,St Mirren,2026-10-10 00:00:00,corners_over_95,63.7,PRO_MEDIUM,
Inter,Parma,2026-10-10 00:00:00,corners_over_95,56.7,PRO_MEDIUM,
Falkirk,Dundee,2026-10-10 00:00:00,corners_over_95,55.0,PRO_MEDIUM,
Chelsea,Bournemouth,2026-10-10 00:00:00,corners_over_95,58.2,PRO_MEDIUM,
Union Berlin,Elversberg,2026-10-10 00:00:00,corners_over_95,55.6,PRO_MEDIUM,
Aston Villa,Brentford,2026-10-10 00:00:00,corners_over_95,55.2,PRO_MEDIUM,
Dundee United,Hibernian,2026-10-10 00:00:00,corners_over_95,60.1,PRO_MEDIUM,
St. Liege,Charleroi,2026-10-11 00:00:00,corners_over_95,55.5,PRO_MEDIUM,
Royale Union SG,Leuven,2026-10-11 00:00:00,corners_over_95,63.6,PRO_MEDIUM,
Southampton,Portsmouth,2026-10-11 00:00:00,corners_over_95,57.5,PRO_MEDIUM,
Rennes,Auxerre,2026-10-11 00:00:00,corners_over_95,56.8,PRO_MEDIUM,
Zwolle,Cambuur,2026-10-11 00:00:00,corners_over_95,55.5,PRO_MEDIUM,
Racing Santander,Valencia,2026-10-11 00:00:00,corners_over_95,55.5,PRO_MEDIUM,
Motherwell,Celtic,2026-10-11 00:00:00,corners_over_95,56.0,PRO_MEDIUM,
Telstar,Den Haag,2026-10-11 00:00:00,corners_over_95,58.4,PRO_MEDIUM,
Sociedad,La Coruna,2026-10-11 00:00:00,corners_over_95,57.3,PRO_MEDIUM,
Utrecht,Willem Ii,2026-10-11 00:00:00,corners_over_95,63.4,PRO_MEDIUM,
Cardiff,Watford,2026-10-13 00:00:00,corners_over_95,55.5,PRO_MEDIUM,
Lincoln,West Ham,2026-10-14 00:00:00,corners_over_95,58.5,PRO_MEDIUM,
Portsmouth,Sheffield United,2026-10-14 00:00:00,corners_over_95,57.4,PRO_MEDIUM,
Frosinone,Sassuolo,2026-10-16 00:00:00,corners_over_95,56.1,PRO_MEDIUM,
Aberdeen,St Mirren,2026-10-17 00:00:00,corners_over_95,58.6,PRO_MEDIUM,
Schalke 04,Mainz,2026-10-17 00:00:00,corners_over_95,56.3,PRO_MEDIUM,
Telstar,Feyenoord,2026-10-17 00:00:00,corners_over_95,55.3,PRO_MEDIUM,
Elversberg,Augsburg,2026-10-17 00:00:00,corners_over_95,57.0,PRO_MEDIUM,
Sparta Rotterdam,Willem Ii,2026-10-17 00:00:00,corners_over_95,65.6,PRO_MEDIUM,
Hibernian,Falkirk,2026-10-17 00:00:00,corners_over_95,60.9,PRO_MEDIUM,
Man City,Ipswich,2026-10-17 00:00:00,corners_over_95,58.1,PRO_MEDIUM,
St Johnstone,Dundee United,2026-10-17 00:00:00,corners_over_95,59.5,PRO_MEDIUM,
Dundee,Rangers,2026-10-17 00:00:00,corners_over_95,57.1,PRO_MEDIUM,
Kilmarnock,Motherwell,2026-10-17 00:00:00,corners_over_95,55.8,PRO_MEDIUM,
Middlesbrough,Cardiff,2026-10-17 00:00:00,corners_over_95,56.9,PRO_MEDIUM,
Zwolle,Go Ahead Eagles,2026-10-18 00:00:00,corners_over_95,61.1,PRO_MEDIUM,
Nijmegen,For Sittard,2026-10-18 00:00:00,corners_over_95,58.4,PRO_MEDIUM,
Celtic,Hearts,2026-10-18 00:00:00,corners_over_95,61.6,PRO_MEDIUM,
Cambuur,Az Alkmaar,2026-10-18 00:00:00,corners_over_95,57.4,PRO_MEDIUM,
Twente,Utrecht,2026-10-18 00:00:00,corners_over_95,58.0,PRO_MEDIUM,
Go Ahead Eagles,Telstar,2026-10-23 00:00:00,corners_over_95,63.8,PRO_MEDIUM,
Az Alkmaar,Telstar,2026-09-20 00:00:00,corners_over_105,55.2,PRO_MEDIUM,
Rangers,Kilmarnock,2026-10-10 00:00:00,corners_over_105,56.5,PRO_MEDIUM,
Sparta Rotterdam,Willem Ii,2026-10-17 00:00:00,corners_over_105,55.4,PRO_MEDIUM,
Levante,Ath Bilbao,2026-09-16 00:00:00,yellows_over_25,80.4,PRO_STRONG,
Aris,Iraklis,2026-09-19 00:00:00,yellows_over_25,88.4,PRO_STRONG,
Leuven,RAAL La Louviere,2026-09-19 00:00:00,yellows_over_25,70.8,PRO_MEDIUM,
Ein Frankfurt,Freiburg,2026-09-19 00:00:00,yellows_over_25,74.5,PRO_MEDIUM,
Newcastle,Hull,2026-09-19 00:00:00,yellows_over_25,78.6,PRO_STRONG,
St Johnstone,Falkirk,2026-09-19 00:00:00,yellows_over_25,73.1,PRO_MEDIUM,
Stoke,Sheffield United,2026-09-19 00:00:00,yellows_over_25,76.4,PRO_STRONG,
Leverkusen,Rb Leipzig,2026-09-20 00:00:00,yellows_over_25,73.5,PRO_MEDIUM,
Ofi Crete,Asteras Tripolis,2026-09-20 00:00:00,yellows_over_25,86.7,PRO_STRONG,
La Coruna,Betis,2026-09-20 00:00:00,yellows_over_25,81.0,PRO_STRONG,
Porto,Benfica,2026-09-20 00:00:00,yellows_over_25,91.1,PRO_STRONG,
Levadeiakos,Olympiakos,2026-09-20 00:00:00,yellows_over_25,87.3,PRO_STRONG,
Paderborn,Hoffenheim,2026-09-20 00:00:00,yellows_over_25,76.5,PRO_STRONG,
Fenerbahce,Eyupspor,2026-09-20 00:00:00,yellows_over_25,80.1,PRO_STRONG,
Auxerre,Brest,2026-09-20 00:00:00,yellows_over_25,72.8,PRO_MEDIUM,
Santa Clara,Sp Braga,2026-09-20 00:00:00,yellows_over_25,86.3,PRO_STRONG,
Guimaraes,Moreirense,2026-09-20 00:00:00,yellows_over_25,87.1,PRO_STRONG,
Valencia,Sociedad,2026-09-20 00:00:00,yellows_over_25,86.2,PRO_STRONG,
Fiorentina,Napoli,2026-09-20 00:00:00,yellows_over_25,72.2,PRO_MEDIUM,
St Truiden,Westerlo,2026-09-20 00:00:00,yellows_over_25,70.6,PRO_MEDIUM,
Man City,Sunderland,2026-09-20 00:00:00,yellows_over_25,67.0,PRO_MEDIUM,
Amedspor,Besiktas,2026-09-20 00:00:00,yellows_over_25,84.0,PRO_STRONG,
Frosinone,Como,2026-09-20 00:00:00,yellows_over_25,73.6,PRO_MEDIUM,
Ath Madrid,Real Madrid,2026-09-20 00:00:00,yellows_over_25,86.8,PRO_STRONG,
Goztep,Rizespor,2026-09-20 00:00:00,yellows_over_25,84.2,PRO_STRONG,
Estoril,Casa Pia,2026-09-20 00:00:00,yellows_over_25,84.2,PRO_STRONG,
Nice,Lille,2026-09-20 00:00:00,yellows_over_25,70.7,PRO_MEDIUM,
Wolves,West Brom,2026-09-20 00:00:00,yellows_over_25,75.1,PRO_STRONG,
Bournemouth,Liverpool,2026-09-20 00:00:00,yellows_over_25,80.3,PRO_STRONG,
Getafe,Malaga,2026-09-20 00:00:00,yellows_over_25,88.3,PRO_STRONG,
Juventus,Atalanta,2026-09-20 00:00:00,yellows_over_25,71.5,PRO_MEDIUM,
Parma,Genoa,2026-09-20 00:00:00,yellows_over_25,75.8,PRO_STRONG,
Marseille,PSG,2026-09-20 00:00:00,yellows_over_25,70.5,PRO_MEDIUM,
Leeds,Crystal Palace,2026-09-20 00:00:00,yellows_over_25,72.8,PRO_MEDIUM,
Twente,PSV,2026-09-20 00:00:00,yellows_over_25,65.1,PRO_MEDIUM,
Fulham,Man United,2026-09-20 00:00:00,yellows_over_25,72.6,PRO_MEDIUM,
Milan,Lecce,2026-09-20 00:00:00,yellows_over_25,73.1,PRO_MEDIUM,
Antwerp,Royale Union SG,2026-09-20 00:00:00,yellows_over_25,73.8,PRO_MEDIUM,
Kortrijk,Waasland-Beveren,2026-09-20 00:00:00,yellows_over_25,72.9,PRO_MEDIUM,
Panetolikos,PAOK,2026-09-20 00:00:00,yellows_over_25,82.9,PRO_STRONG,
Villarreal,Levante,2026-09-20 00:00:00,yellows_over_25,80.5,PRO_STRONG,
Club Brugge,Genk,2026-09-20 00:00:00,yellows_over_25,67.6,PRO_MEDIUM,
Erzurum Bb,Samsunspor,2026-09-20 00:00:00,yellows_over_25,80.4,PRO_STRONG,
Celtic,Rangers,2026-09-20 00:00:00,yellows_over_25,81.2,PRO_STRONG,
Volos Nfc,AEK Athens,2026-09-20 00:00:00,yellows_over_25,85.1,PRO_STRONG,
Kalamata,Panathinaikos,2026-09-20 00:00:00,yellows_over_25,89.0,PRO_STRONG,
Norwich,Bolton,2026-09-20 00:00:00,yellows_over_25,67.2,PRO_MEDIUM,
West Ham,QPR,2026-10-09 00:00:00,yellows_over_25,69.2,PRO_MEDIUM,
Malaga,Espanol,2026-10-09 00:00:00,yellows_over_25,84.2,PRO_STRONG,
Waasland-Beveren,Lommel SK,2026-10-09 00:00:00,yellows_over_25,71.7,PRO_MEDIUM,
Moreirense,Gil Vicente,2026-10-09 00:00:00,yellows_over_25,84.8,PRO_STRONG,
Sp Braga,Sporting CP,2026-10-09 00:00:00,yellows_over_25,90.8,PRO_STRONG,
Lens,Lyon,2026-10-09 00:00:00,yellows_over_25,78.2,PRO_STRONG,
Galatasaray,Kasimpasa,2026-10-09 00:00:00,yellows_over_25,80.6,PRO_STRONG,
Vallecano,Ath Bilbao,2026-10-10 00:00:00,yellows_over_25,81.1,PRO_STRONG,
Napoli,Frosinone,2026-10-10 00:00:00,yellows_over_25,69.4,PRO_MEDIUM,
Rangers,Kilmarnock,2026-10-10 00:00:00,yellows_over_25,69.0,PRO_MEDIUM,
Maritimo,Porto,2026-10-10 00:00:00,yellows_over_25,82.4,PRO_STRONG,
Rb Leipzig,Ein Frankfurt,2026-10-10 00:00:00,yellows_over_25,67.1,PRO_MEDIUM,
Middlesbrough,Wolves,2026-10-10 00:00:00,yellows_over_25,71.6,PRO_MEDIUM,
Samsunspor,Trabzonspor,2026-10-10 00:00:00,yellows_over_25,83.1,PRO_STRONG,
Cercle Brugge,Anderlecht,2026-10-10 00:00:00,yellows_over_25,75.3,PRO_STRONG,
Hoffenheim,Hamburg,2026-10-10 00:00:00,yellows_over_25,77.2,PRO_STRONG,
Rizespor,Fenerbahce,2026-10-10 00:00:00,yellows_over_25,82.9,PRO_STRONG,
Monaco,Toulouse,2026-10-10 00:00:00,yellows_over_25,71.0,PRO_MEDIUM,
Sunderland,Brighton,2026-10-10 00:00:00,yellows_over_25,77.7,PRO_STRONG,
Paderborn,Stuttgart,2026-10-10 00:00:00,yellows_over_25,70.2,PRO_MEDIUM,
Derby,Wrexham,2026-10-10 00:00:00,yellows_over_25,74.0,PRO_MEDIUM,
Mainz,Leverkusen,2026-10-10 00:00:00,yellows_over_25,77.4,PRO_STRONG,
Waregem,Gent,2026-10-10 00:00:00,yellows_over_25,69.2,PRO_MEDIUM,
Charlton,Bristol City,2026-10-10 00:00:00,yellows_over_25,74.9,PRO_MEDIUM,
Real Madrid,Villarreal,2026-10-10 00:00:00,yellows_over_25,77.5,PRO_STRONG,
Blackburn,Cardiff,2026-10-10 00:00:00,yellows_over_25,77.3,PRO_STRONG,
Bolton,Stoke,2026-10-10 00:00:00,yellows_over_25,72.1,PRO_MEDIUM,
Alaves,Ath Madrid,2026-10-10 00:00:00,yellows_over_25,85.5,PRO_STRONG,
Man United,Tottenham,2026-10-10 00:00:00,yellows_over_25,73.9,PRO_MEDIUM,
Sheffield United,Lincoln,2026-10-10 00:00:00,yellows_over_25,74.7,PRO_MEDIUM,
Ajax,Nijmegen,2026-10-10 00:00:00,yellows_over_25,66.7,PRO_MEDIUM,
Ipswich,Fulham,2026-10-10 00:00:00,yellows_over_25,72.8,PRO_MEDIUM,
Barcelona,Getafe,2026-10-10 00:00:00,yellows_over_25,76.8,PRO_STRONG,
Augsburg,Bayern Munich,2026-10-10 00:00:00,yellows_over_25,68.5,PRO_MEDIUM,
RAAL La Louviere,Club Brugge,2026-10-10 00:00:00,yellows_over_25,65.3,PRO_MEDIUM,
Preston,Millwall,2026-10-10 00:00:00,yellows_over_25,70.6,PRO_MEDIUM,
Hearts,St Mirren,2026-10-10 00:00:00,yellows_over_25,67.8,PRO_MEDIUM,
Falkirk,Dundee,2026-10-10 00:00:00,yellows_over_25,76.1,PRO_STRONG,
Chelsea,Bournemouth,2026-10-10 00:00:00,yellows_over_25,82.1,PRO_STRONG,
Lille,Le Havre,2026-10-10 00:00:00,yellows_over_25,71.2,PRO_MEDIUM,
Arsenal,Leeds,2026-10-10 00:00:00,yellows_over_25,70.8,PRO_MEDIUM,
Genoa,Fiorentina,2026-10-10 00:00:00,yellows_over_25,76.0,PRO_STRONG,
Alanyaspor,Erzurum Bb,2026-10-10 00:00:00,yellows_over_25,76.3,PRO_STRONG,
Genclerbirligi,Amedspor,2026-10-10 00:00:00,yellows_over_25,83.8,PRO_STRONG,
Brest,Angers,2026-10-10 00:00:00,yellows_over_25,70.3,PRO_MEDIUM,
Casa Pia,Santa Clara,2026-10-10 00:00:00,yellows_over_25,83.9,PRO_STRONG,
Union Berlin,Elversberg,2026-10-10 00:00:00,yellows_over_25,76.1,PRO_STRONG,
Watford,Burnley,2026-10-10 00:00:00,yellows_over_25,78.8,PRO_STRONG,
West Brom,Birmingham,2026-10-10 00:00:00,yellows_over_25,72.8,PRO_MEDIUM,
Swansea,Norwich,2026-10-10 00:00:00,yellows_over_25,76.8,PRO_STRONG,
Lorient,Paris FC,2026-10-10 00:00:00,yellows_over_25,69.8,PRO_MEDIUM,
Asteras Tripolis,Atromitos,2026-10-10 00:00:00,yellows_over_25,88.5,PRO_STRONG,
Aston Villa,Brentford,2026-10-10 00:00:00,yellows_over_25,78.8,PRO_STRONG,
Dundee United,Hibernian,2026-10-10 00:00:00,yellows_over_25,73.5,PRO_MEDIUM,
AEK Athens,Ofi Crete,2026-10-10 00:00:00,yellows_over_25,84.2,PRO_STRONG,
Elche,Celta,2026-10-11 00:00:00,yellows_over_25,83.3,PRO_STRONG,
Lecce,Bologna,2026-10-11 00:00:00,yellows_over_25,72.9,PRO_MEDIUM,
Nice,Strasbourg,2026-10-11 00:00:00,yellows_over_25,66.2,PRO_MEDIUM,
Gaziantep,Corum,2026-10-11 00:00:00,yellows_over_25,79.8,PRO_STRONG,
St. Liege,Charleroi,2026-10-11 00:00:00,yellows_over_25,72.5,PRO_MEDIUM,
Besiktas,Kocaelispor,2026-10-11 00:00:00,yellows_over_25,79.4,PRO_STRONG,
Lazio,Monza,2026-10-11 00:00:00,yellows_over_25,78.8,PRO_STRONG,
Aberdeen,St Johnstone,2026-10-11 00:00:00,yellows_over_25,73.7,PRO_MEDIUM,
Konyaspor,Basaksehir,2026-10-11 00:00:00,yellows_over_25,84.4,PRO_STRONG,
Arouca,Estrela,2026-10-11 00:00:00,yellows_over_25,89.3,PRO_STRONG,
Crystal Palace,Nottingham,2026-10-11 00:00:00,yellows_over_25,72.2,PRO_MEDIUM,
Liverpool,Man City,2026-10-11 00:00:00,yellows_over_25,79.4,PRO_STRONG,
Aris,Volos Nfc,2026-10-11 00:00:00,yellows_over_25,83.9,PRO_STRONG,
Benfica,Guimaraes,2026-10-11 00:00:00,yellows_over_25,79.5,PRO_STRONG,
Troyes,Marseille,2026-10-11 00:00:00,yellows_over_25,69.0,PRO_MEDIUM,
Southampton,Portsmouth,2026-10-11 00:00:00,yellows_over_25,70.8,PRO_MEDIUM,
Rio Ave,Nacional,2026-10-11 00:00:00,yellows_over_25,85.0,PRO_STRONG,
Kifisia,Panetolikos,2026-10-11 00:00:00,yellows_over_25,88.4,PRO_STRONG,
Hull,Everton,2026-10-11 00:00:00,yellows_over_25,76.0,PRO_STRONG,
Westerlo,Antwerp,2026-10-11 00:00:00,yellows_over_25,74.4,PRO_MEDIUM,
Betis,Osasuna,2026-10-11 00:00:00,yellows_over_25,80.1,PRO_STRONG,
Sassuolo,Milan,2026-10-11 00:00:00,yellows_over_25,82.0,PRO_STRONG,
Mechelen,St Truiden,2026-10-11 00:00:00,yellows_over_25,71.5,PRO_MEDIUM,
Como,Roma,2026-10-11 00:00:00,yellows_over_25,78.2,PRO_STRONG,
Rennes,Auxerre,2026-10-11 00:00:00,yellows_over_25,71.0,PRO_MEDIUM,
Iraklis,Levadeiakos,2026-10-11 00:00:00,yellows_over_25,89.4,PRO_STRONG,
Fc Koln,M'Gladbach,2026-10-11 00:00:00,yellows_over_25,81.6,PRO_STRONG,
Olympiakos,Panathinaikos,2026-10-11 00:00:00,yellows_over_25,89.8,PRO_STRONG,
Zwolle,Cambuur,2026-10-11 00:00:00,yellows_over_25,64.5,PRO_MEDIUM,
Racing Santander,Valencia,2026-10-11 00:00:00,yellows_over_25,86.8,PRO_STRONG,
Cagliari,Juventus,2026-10-11 00:00:00,yellows_over_25,72.2,PRO_MEDIUM,
Motherwell,Celtic,2026-10-11 00:00:00,yellows_over_25,75.1,PRO_STRONG,
Freiburg,Schalke 04,2026-10-11 00:00:00,yellows_over_25,69.8,PRO_MEDIUM,
Sociedad,La Coruna,2026-10-11 00:00:00,yellows_over_25,84.6,PRO_STRONG,
Atalanta,Venezia,2026-10-12 00:00:00,yellows_over_25,69.2,PRO_MEDIUM,
Coventry,Newcastle,2026-10-12 00:00:00,yellows_over_25,76.1,PRO_STRONG,
Levante,Sevilla,2026-10-12 00:00:00,yellows_over_25,83.3,PRO_STRONG,
Eyupspor,Goztep,2026-10-12 00:00:00,yellows_over_25,83.5,PRO_STRONG,
Famalicao,Alverca,2026-10-12 00:00:00,yellows_over_25,85.3,PRO_STRONG,
Torino,Udinese,2026-10-12 00:00:00,yellows_over_25,71.1,PRO_MEDIUM,
PAOK,Kalamata,2026-10-12 00:00:00,yellows_over_25,82.1,PRO_STRONG,
Wrexham,West Brom,2026-10-13 00:00:00,yellows_over_25,71.7,PRO_MEDIUM,
Birmingham,Preston,2026-10-13 00:00:00,yellows_over_25,69.5,PRO_MEDIUM,
Bristol City,Blackburn,2026-10-13 00:00:00,yellows_over_25,75.9,PRO_STRONG,
Millwall,Swansea,2026-10-13 00:00:00,yellows_over_25,73.2,PRO_MEDIUM,
Cardiff,Watford,2026-10-13 00:00:00,yellows_over_25,76.9,PRO_STRONG,
Wolves,Bolton,2026-10-13 00:00:00,yellows_over_25,65.5,PRO_MEDIUM,
Stoke,Middlesbrough,2026-10-13 00:00:00,yellows_over_25,73.1,PRO_MEDIUM,
Burnley,Charlton,2026-10-13 00:00:00,yellows_over_25,74.4,PRO_MEDIUM,
Norwich,Southampton,2026-10-14 00:00:00,yellows_over_25,79.8,PRO_STRONG,
QPR,Derby,2026-10-14 00:00:00,yellows_over_25,76.2,PRO_STRONG,
Lincoln,West Ham,2026-10-14 00:00:00,yellows_over_25,72.3,PRO_MEDIUM,
Portsmouth,Sheffield United,2026-10-14 00:00:00,yellows_over_25,74.5,PRO_MEDIUM,
Le Mans,Toulouse,2026-10-16 00:00:00,yellows_over_25,75.7,PRO_STRONG,
Burnley,Wolves,2026-10-16 00:00:00,yellows_over_25,75.3,PRO_STRONG,
La Coruna,Levante,2026-10-16 00:00:00,yellows_over_25,80.3,PRO_STRONG,
Corum,Rizespor,2026-10-16 00:00:00,yellows_over_25,76.3,PRO_STRONG,
Frosinone,Sassuolo,2026-10-16 00:00:00,yellows_over_25,80.9,PRO_STRONG,
Ein Frankfurt,Fc Koln,2026-10-16 00:00:00,yellows_over_25,74.9,PRO_MEDIUM,
Erzurum Bb,Eyupspor,2026-10-17 00:00:00,yellows_over_25,79.6,PRO_STRONG,
Aberdeen,St Mirren,2026-10-17 00:00:00,yellows_over_25,75.3,PRO_STRONG,
Roma,Genoa,2026-10-17 00:00:00,yellows_over_25,67.7,PRO_MEDIUM,
Schalke 04,Mainz,2026-10-17 00:00:00,yellows_over_25,76.6,PRO_STRONG,
Strasbourg,PSG,2026-10-17 00:00:00,yellows_over_25,65.5,PRO_MEDIUM,
Elversberg,Augsburg,2026-10-17 00:00:00,yellows_over_25,73.8,PRO_MEDIUM,
Everton,Chelsea,2026-10-17 00:00:00,yellows_over_25,81.0,PRO_STRONG,
Fulham,Hull,2026-10-17 00:00:00,yellows_over_25,69.8,PRO_MEDIUM,
Espanol,Ath Madrid,2026-10-17 00:00:00,yellows_over_25,85.4,PRO_STRONG,
Amedspor,Konyaspor,2026-10-17 00:00:00,yellows_over_25,82.2,PRO_STRONG,
Villarreal,Elche,2026-10-17 00:00:00,yellows_over_25,84.2,PRO_STRONG,
Atromitos,AEK Athens,2026-10-17 00:00:00,yellows_over_25,85.5,PRO_STRONG,
Hibernian,Falkirk,2026-10-17 00:00:00,yellows_over_25,77.2,PRO_STRONG,
Brentford,Liverpool,2026-10-17 00:00:00,yellows_over_25,80.4,PRO_STRONG,
Newcastle,Aston Villa,2026-10-17 00:00:00,yellows_over_25,79.1,PRO_STRONG,
Watford,Charlton,2026-10-17 00:00:00,yellows_over_25,78.3,PRO_STRONG,
Lille,Brest,2026-10-17 00:00:00,yellows_over_25,68.8,PRO_MEDIUM,
Derby,Stoke,2026-10-17 00:00:00,yellows_over_25,78.2,PRO_STRONG,
Man City,Ipswich,2026-10-17 00:00:00,yellows_over_25,67.6,PRO_MEDIUM,
Hamburg,Stuttgart,2026-10-17 00:00:00,yellows_over_25,75.2,PRO_STRONG,
Levadeiakos,Volos Nfc,2026-10-17 00:00:00,yellows_over_25,90.6,PRO_STRONG,
Fenerbahce,Alanyaspor,2026-10-17 00:00:00,yellows_over_25,82.5,PRO_STRONG,
Venezia,Napoli,2026-10-17 00:00:00,yellows_over_25,77.5,PRO_STRONG,
Union Berlin,Dortmund,2026-10-17 00:00:00,yellows_over_25,70.9,PRO_MEDIUM,
Betis,Barcelona,2026-10-17 00:00:00,yellows_over_25,78.8,PRO_STRONG,
Wrexham,Preston,2026-10-17 00:00:00,yellows_over_25,66.3,PRO_MEDIUM,
West Brom,Blackburn,2026-10-17 00:00:00,yellows_over_25,74.6,PRO_MEDIUM,
Werder Bremen,Paderborn,2026-10-17 00:00:00,yellows_over_25,69.3,PRO_MEDIUM,
St Johnstone,Dundee United,2026-10-17 00:00:00,yellows_over_25,69.5,PRO_MEDIUM,
Dundee,Rangers,2026-10-17 00:00:00,yellows_over_25,71.9,PRO_MEDIUM,
Bologna,Inter,2026-10-17 00:00:00,yellows_over_25,70.4,PRO_MEDIUM,
Kilmarnock,Motherwell,2026-10-17 00:00:00,yellows_over_25,77.6,PRO_STRONG,
Bristol City,Sheffield United,2026-10-17 00:00:00,yellows_over_25,74.8,PRO_MEDIUM,
Valencia,Ath Bilbao,2026-10-17 00:00:00,yellows_over_25,80.4,PRO_STRONG,
Middlesbrough,Cardiff,2026-10-17 00:00:00,yellows_over_25,66.6,PRO_MEDIUM,
Genclerbirligi,Galatasaray,2026-10-17 00:00:00,yellows_over_25,81.1,PRO_STRONG,
Birmingham,QPR,2026-10-17 00:00:00,yellows_over_25,73.0,PRO_MEDIUM,
Nottingham,Arsenal,2026-10-18 00:00:00,yellows_over_25,71.8,PRO_MEDIUM,
Fiorentina,Como,2026-10-18 00:00:00,yellows_over_25,74.8,PRO_MEDIUM,
Kasimpasa,Samsunspor,2026-10-18 00:00:00,yellows_over_25,83.9,PRO_STRONG,
Osasuna,Racing Santander,2026-10-18 00:00:00,yellows_over_25,84.1,PRO_STRONG,
Brighton,Crystal Palace,2026-10-18 00:00:00,yellows_over_25,71.0,PRO_MEDIUM,
Bournemouth,Sunderland,2026-10-18 00:00:00,yellows_over_25,78.9,PRO_STRONG,
Le Havre,Auxerre,2026-10-18 00:00:00,yellows_over_25,76.3,PRO_STRONG,
Basaksehir,Gaziantep,2026-10-18 00:00:00,yellows_over_25,83.7,PRO_STRONG,
M'Gladbach,Hoffenheim,2026-10-18 00:00:00,yellows_over_25,82.8,PRO_STRONG,
Kalamata,Ofi Crete,2026-10-18 00:00:00,yellows_over_25,90.0,PRO_STRONG,
Panathinaikos,Asteras Tripolis,2026-10-18 00:00:00,yellows_over_25,83.0,PRO_STRONG,
Kifisia,Aris,2026-10-18 00:00:00,yellows_over_25,86.4,PRO_STRONG,
Angers,Marseille,2026-10-18 00:00:00,yellows_over_25,73.7,PRO_MEDIUM,
Juventus,Lazio,2026-10-18 00:00:00,yellows_over_25,80.9,PRO_STRONG,
PAOK,Iraklis,2026-10-18 00:00:00,yellows_over_25,81.4,PRO_STRONG,
Malaga,Sociedad,2026-10-18 00:00:00,yellows_over_25,84.6,PRO_STRONG,
Panetolikos,Olympiakos,2026-10-18 00:00:00,yellows_over_25,84.7,PRO_STRONG,
Kocaelispor,Goztep,2026-10-18 00:00:00,yellows_over_25,84.6,PRO_STRONG,
Paris FC,Rennes,2026-10-18 00:00:00,yellows_over_25,73.3,PRO_MEDIUM,
Lyon,Nice,2026-10-18 00:00:00,yellows_over_25,67.3,PRO_MEDIUM,
Lorient,Monaco,2026-10-18 00:00:00,yellows_over_25,69.9,PRO_MEDIUM,
Udinese,Lecce,2026-10-18 00:00:00,yellows_over_25,72.2,PRO_MEDIUM,
Celtic,Hearts,2026-10-18 00:00:00,yellows_over_25,81.5,PRO_STRONG,
Celta,Alaves,2026-10-18 00:00:00,yellows_over_25,84.8,PRO_STRONG,
Leeds,Man United,2026-10-18 00:00:00,yellows_over_25,77.0,PRO_STRONG,
Milan,Atalanta,2026-10-18 00:00:00,yellows_over_25,76.2,PRO_STRONG,
Real Madrid,Sevilla,2026-10-18 00:00:00,yellows_over_25,77.3,PRO_STRONG,
Leverkusen,Freiburg,2026-10-18 00:00:00,yellows_over_25,71.7,PRO_MEDIUM,
Trabzonspor,Besiktas,2026-10-19 00:00:00,yellows_over_25,86.7,PRO_STRONG,
Parma,Torino,2026-10-19 00:00:00,yellows_over_25,68.9,PRO_MEDIUM,
Tottenham,Coventry,2026-10-19 00:00:00,yellows_over_25,75.6,PRO_STRONG,
Monza,Cagliari,2026-10-19 00:00:00,yellows_over_25,73.4,PRO_MEDIUM,
Getafe,Vallecano,2026-10-19 00:00:00,yellows_over_25,89.9,PRO_STRONG,
Wolves,Portsmouth,2026-10-20 00:00:00,yellows_over_25,75.0,PRO_STRONG,
Levante,Ath Bilbao,2026-10-21 00:00:00,yellows_over_25,80.5,PRO_STRONG,
Brest,Nice,2026-10-23 00:00:00,yellows_over_25,64.5,PRO_MEDIUM,
Alaves,Malaga,2026-10-23 00:00:00,yellows_over_25,81.8,PRO_STRONG,
Alanyaspor,Kocaelispor,2026-10-23 00:00:00,yellows_over_25,79.7,PRO_STRONG,
Guimaraes,Maritimo,2026-10-23 00:00:00,yellows_over_25,87.6,PRO_STRONG,
Kortrijk,Mechelen,2026-10-23 00:00:00,yellows_over_25,76.8,PRO_STRONG,
Torino,Monza,2026-10-23 00:00:00,yellows_over_25,73.4,PRO_MEDIUM,
Bolton,Middlesbrough,2026-10-23 00:00:00,yellows_over_25,66.0,PRO_MEDIUM,
Ipswich,Nottingham,2026-10-23 00:00:00,yellows_over_25,74.2,PRO_MEDIUM,
Stuttgart,M'Gladbach,2026-10-23 00:00:00,yellows_over_25,76.7,PRO_STRONG,
Levante,Ath Bilbao,2026-09-16 00:00:00,yellows_over_35,63.7,PRO_MEDIUM,
Aris,Iraklis,2026-09-19 00:00:00,yellows_over_35,76.4,PRO_STRONG,
Ein Frankfurt,Freiburg,2026-09-19 00:00:00,yellows_over_35,55.3,PRO_MEDIUM,
Newcastle,Hull,2026-09-19 00:00:00,yellows_over_35,61.0,PRO_MEDIUM,
Stoke,Sheffield United,2026-09-19 00:00:00,yellows_over_35,57.9,PRO_MEDIUM,
Ofi Crete,Asteras Tripolis,2026-09-20 00:00:00,yellows_over_35,73.7,PRO_MEDIUM,
La Coruna,Betis,2026-09-20 00:00:00,yellows_over_35,64.6,PRO_MEDIUM,
Porto,Benfica,2026-09-20 00:00:00,yellows_over_35,81.3,PRO_STRONG,
Levadeiakos,Olympiakos,2026-09-20 00:00:00,yellows_over_35,74.7,PRO_MEDIUM,
Paderborn,Hoffenheim,2026-09-20 00:00:00,yellows_over_35,58.1,PRO_MEDIUM,
Fenerbahce,Eyupspor,2026-09-20 00:00:00,yellows_over_35,63.3,PRO_MEDIUM,
Santa Clara,Sp Braga,2026-09-20 00:00:00,yellows_over_35,73.1,PRO_MEDIUM,
Guimaraes,Moreirense,2026-09-20 00:00:00,yellows_over_35,74.3,PRO_MEDIUM,
Valencia,Sociedad,2026-09-20 00:00:00,yellows_over_35,72.8,PRO_MEDIUM,
Amedspor,Besiktas,2026-09-20 00:00:00,yellows_over_35,69.2,PRO_MEDIUM,
Ath Madrid,Real Madrid,2026-09-20 00:00:00,yellows_over_35,73.8,PRO_MEDIUM,
Goztep,Rizespor,2026-09-20 00:00:00,yellows_over_35,69.6,PRO_MEDIUM,
Estoril,Casa Pia,2026-09-20 00:00:00,yellows_over_35,69.6,PRO_MEDIUM,
Wolves,West Brom,2026-09-20 00:00:00,yellows_over_35,56.2,PRO_MEDIUM,
Bournemouth,Liverpool,2026-09-20 00:00:00,yellows_over_35,63.5,PRO_MEDIUM,
Getafe,Malaga,2026-09-20 00:00:00,yellows_over_35,76.3,PRO_STRONG,
Parma,Genoa,2026-09-20 00:00:00,yellows_over_35,57.1,PRO_MEDIUM,
Panetolikos,PAOK,2026-09-20 00:00:00,yellows_over_35,67.6,PRO_MEDIUM,
Villarreal,Levante,2026-09-20 00:00:00,yellows_over_35,63.9,PRO_MEDIUM,
Erzurum Bb,Samsunspor,2026-09-20 00:00:00,yellows_over_35,63.7,PRO_MEDIUM,
Celtic,Rangers,2026-09-20 00:00:00,yellows_over_35,64.9,PRO_MEDIUM,
Volos Nfc,AEK Athens,2026-09-20 00:00:00,yellows_over_35,71.0,PRO_MEDIUM,
Kalamata,Panathinaikos,2026-09-20 00:00:00,yellows_over_35,77.5,PRO_STRONG,
Malaga,Espanol,2026-10-09 00:00:00,yellows_over_35,69.7,PRO_MEDIUM,
Moreirense,Gil Vicente,2026-10-09 00:00:00,yellows_over_35,70.5,PRO_MEDIUM,
Sp Braga,Sporting CP,2026-10-09 00:00:00,yellows_over_35,80.7,PRO_STRONG,
Lens,Lyon,2026-10-09 00:00:00,yellows_over_35,60.5,PRO_MEDIUM,
Galatasaray,Kasimpasa,2026-10-09 00:00:00,yellows_over_35,64.0,PRO_MEDIUM,
Vallecano,Ath Bilbao,2026-10-10 00:00:00,yellows_over_35,64.9,PRO_MEDIUM,
Maritimo,Porto,2026-10-10 00:00:00,yellows_over_35,66.8,PRO_MEDIUM,
Samsunspor,Trabzonspor,2026-10-10 00:00:00,yellows_over_35,67.9,PRO_MEDIUM,
Cercle Brugge,Anderlecht,2026-10-10 00:00:00,yellows_over_35,56.4,PRO_MEDIUM,
Hoffenheim,Hamburg,2026-10-10 00:00:00,yellows_over_35,59.1,PRO_MEDIUM,
Rizespor,Fenerbahce,2026-10-10 00:00:00,yellows_over_35,67.5,PRO_MEDIUM,
Sunderland,Brighton,2026-10-10 00:00:00,yellows_over_35,59.8,PRO_MEDIUM,
Mainz,Leverkusen,2026-10-10 00:00:00,yellows_over_35,59.4,PRO_MEDIUM,
Charlton,Bristol City,2026-10-10 00:00:00,yellows_over_35,55.9,PRO_MEDIUM,
Real Madrid,Villarreal,2026-10-10 00:00:00,yellows_over_35,59.5,PRO_MEDIUM,
Blackburn,Cardiff,2026-10-10 00:00:00,yellows_over_35,59.2,PRO_MEDIUM,
Alaves,Ath Madrid,2026-10-10 00:00:00,yellows_over_35,71.7,PRO_MEDIUM,
Sheffield United,Lincoln,2026-10-10 00:00:00,yellows_over_35,55.6,PRO_MEDIUM,
Barcelona,Getafe,2026-10-10 00:00:00,yellows_over_35,58.6,PRO_MEDIUM,
Falkirk,Dundee,2026-10-10 00:00:00,yellows_over_35,57.6,PRO_MEDIUM,
Chelsea,Bournemouth,2026-10-10 00:00:00,yellows_over_35,66.4,PRO_MEDIUM,
Genoa,Fiorentina,2026-10-10 00:00:00,yellows_over_35,57.5,PRO_MEDIUM,
Alanyaspor,Erzurum Bb,2026-10-10 00:00:00,yellows_over_35,57.9,PRO_MEDIUM,
Genclerbirligi,Amedspor,2026-10-10 00:00:00,yellows_over_35,68.9,PRO_MEDIUM,
Casa Pia,Santa Clara,2026-10-10 00:00:00,yellows_over_35,69.1,PRO_MEDIUM,
Union Berlin,Elversberg,2026-10-10 00:00:00,yellows_over_35,57.5,PRO_MEDIUM,
Watford,Burnley,2026-10-10 00:00:00,yellows_over_35,61.4,PRO_MEDIUM,
Swansea,Norwich,2026-10-10 00:00:00,yellows_over_35,58.5,PRO_MEDIUM,
Asteras Tripolis,Atromitos,2026-10-10 00:00:00,yellows_over_35,76.7,PRO_STRONG,
Aston Villa,Brentford,2026-10-10 00:00:00,yellows_over_35,61.4,PRO_MEDIUM,
AEK Athens,Ofi Crete,2026-10-10 00:00:00,yellows_over_35,69.6,PRO_MEDIUM,
Elche,Celta,2026-10-11 00:00:00,yellows_over_35,68.1,PRO_MEDIUM,
Gaziantep,Corum,2026-10-11 00:00:00,yellows_over_35,62.8,PRO_MEDIUM,
Besiktas,Kocaelispor,2026-10-11 00:00:00,yellows_over_35,62.2,PRO_MEDIUM,
Lazio,Monza,2026-10-11 00:00:00,yellows_over_35,61.4,PRO_MEDIUM,
Konyaspor,Basaksehir,2026-10-11 00:00:00,yellows_over_35,69.8,PRO_MEDIUM,
Arouca,Estrela,2026-10-11 00:00:00,yellows_over_35,78.2,PRO_STRONG,
Liverpool,Man City,2026-10-11 00:00:00,yellows_over_35,62.3,PRO_MEDIUM,
Aris,Volos Nfc,2026-10-11 00:00:00,yellows_over_35,69.0,PRO_MEDIUM,
Benfica,Guimaraes,2026-10-11 00:00:00,yellows_over_35,62.4,PRO_MEDIUM,
Rio Ave,Nacional,2026-10-11 00:00:00,yellows_over_35,70.8,PRO_MEDIUM,
Kifisia,Panetolikos,2026-10-11 00:00:00,yellows_over_35,76.5,PRO_STRONG,
Hull,Everton,2026-10-11 00:00:00,yellows_over_35,57.3,PRO_MEDIUM,
Westerlo,Antwerp,2026-10-11 00:00:00,yellows_over_35,55.2,PRO_MEDIUM,
Betis,Osasuna,2026-10-11 00:00:00,yellows_over_35,63.3,PRO_MEDIUM,
Sassuolo,Milan,2026-10-11 00:00:00,yellows_over_35,66.1,PRO_MEDIUM,
Como,Roma,2026-10-11 00:00:00,yellows_over_35,60.5,PRO_MEDIUM,
Iraklis,Levadeiakos,2026-10-11 00:00:00,yellows_over_35,78.3,PRO_STRONG,
Fc Koln,M'Gladbach,2026-10-11 00:00:00,yellows_over_35,65.6,PRO_MEDIUM,
Olympiakos,Panathinaikos,2026-10-11 00:00:00,yellows_over_35,78.9,PRO_STRONG,
Racing Santander,Valencia,2026-10-11 00:00:00,yellows_over_35,73.7,PRO_MEDIUM,
Motherwell,Celtic,2026-10-11 00:00:00,yellows_over_35,56.2,PRO_MEDIUM,
Sociedad,La Coruna,2026-10-11 00:00:00,yellows_over_35,70.2,PRO_MEDIUM,
Coventry,Newcastle,2026-10-12 00:00:00,yellows_over_35,57.6,PRO_MEDIUM,
Levante,Sevilla,2026-10-12 00:00:00,yellows_over_35,68.2,PRO_MEDIUM,
Eyupspor,Goztep,2026-10-12 00:00:00,yellows_over_35,68.5,PRO_MEDIUM,
Famalicao,Alverca,2026-10-12 00:00:00,yellows_over_35,71.3,PRO_MEDIUM,
PAOK,Kalamata,2026-10-12 00:00:00,yellows_over_35,66.3,PRO_MEDIUM,
Bristol City,Blackburn,2026-10-13 00:00:00,yellows_over_35,57.3,PRO_MEDIUM,
Cardiff,Watford,2026-10-13 00:00:00,yellows_over_35,58.7,PRO_MEDIUM,
Burnley,Charlton,2026-10-13 00:00:00,yellows_over_35,55.3,PRO_MEDIUM,
Norwich,Southampton,2026-10-14 00:00:00,yellows_over_35,62.9,PRO_MEDIUM,
QPR,Derby,2026-10-14 00:00:00,yellows_over_35,57.7,PRO_MEDIUM,
Portsmouth,Sheffield United,2026-10-14 00:00:00,yellows_over_35,55.3,PRO_MEDIUM,
Le Mans,Toulouse,2026-10-16 00:00:00,yellows_over_35,56.9,PRO_MEDIUM,
Burnley,Wolves,2026-10-16 00:00:00,yellows_over_35,56.5,PRO_MEDIUM,
La Coruna,Levante,2026-10-16 00:00:00,yellows_over_35,63.6,PRO_MEDIUM,
Corum,Rizespor,2026-10-16 00:00:00,yellows_over_35,57.9,PRO_MEDIUM,
Frosinone,Sassuolo,2026-10-16 00:00:00,yellows_over_35,64.5,PRO_MEDIUM,
Ein Frankfurt,Fc Koln,2026-10-16 00:00:00,yellows_over_35,55.8,PRO_MEDIUM,
Erzurum Bb,Eyupspor,2026-10-17 00:00:00,yellows_over_35,62.6,PRO_MEDIUM,
Aberdeen,St Mirren,2026-10-17 00:00:00,yellows_over_35,56.4,PRO_MEDIUM,
Schalke 04,Mainz,2026-10-17 00:00:00,yellows_over_35,58.2,PRO_MEDIUM,
Everton,Chelsea,2026-10-17 00:00:00,yellows_over_35,64.6,PRO_MEDIUM,
Espanol,Ath Madrid,2026-10-17 00:00:00,yellows_over_35,71.5,PRO_MEDIUM,
Amedspor,Konyaspor,2026-10-17 00:00:00,yellows_over_35,66.5,PRO_MEDIUM,
Villarreal,Elche,2026-10-17 00:00:00,yellows_over_35,69.5,PRO_MEDIUM,
Atromitos,AEK Athens,2026-10-17 00:00:00,yellows_over_35,71.7,PRO_MEDIUM,
Hibernian,Falkirk,2026-10-17 00:00:00,yellows_over_35,59.1,PRO_MEDIUM,
Brentford,Liverpool,2026-10-17 00:00:00,yellows_over_35,63.7,PRO_MEDIUM,
Newcastle,Aston Villa,2026-10-17 00:00:00,yellows_over_35,61.8,PRO_MEDIUM,
Watford,Charlton,2026-10-17 00:00:00,yellows_over_35,60.7,PRO_MEDIUM,
Derby,Stoke,2026-10-17 00:00:00,yellows_over_35,60.5,PRO_MEDIUM,
Hamburg,Stuttgart,2026-10-17 00:00:00,yellows_over_35,56.3,PRO_MEDIUM,
Levadeiakos,Volos Nfc,2026-10-17 00:00:00,yellows_over_35,80.4,PRO_STRONG,
Fenerbahce,Alanyaspor,2026-10-17 00:00:00,yellows_over_35,66.9,PRO_MEDIUM,
Venezia,Napoli,2026-10-17 00:00:00,yellows_over_35,59.5,PRO_MEDIUM,
Betis,Barcelona,2026-10-17 00:00:00,yellows_over_35,61.4,PRO_MEDIUM,
West Brom,Blackburn,2026-10-17 00:00:00,yellows_over_35,55.5,PRO_MEDIUM,
Kilmarnock,Motherwell,2026-10-17 00:00:00,yellows_over_35,59.7,PRO_MEDIUM,
Bristol City,Sheffield United,2026-10-17 00:00:00,yellows_over_35,55.8,PRO_MEDIUM,
Valencia,Ath Bilbao,2026-10-17 00:00:00,yellows_over_35,63.7,PRO_MEDIUM,
Genclerbirligi,Galatasaray,2026-10-17 00:00:00,yellows_over_35,64.9,PRO_MEDIUM,
Fiorentina,Como,2026-10-18 00:00:00,yellows_over_35,55.7,PRO_MEDIUM,
Kasimpasa,Samsunspor,2026-10-18 00:00:00,yellows_over_35,69.0,PRO_MEDIUM,
Osasuna,Racing Santander,2026-10-18 00:00:00,yellows_over_35,69.5,PRO_MEDIUM,
Bournemouth,Sunderland,2026-10-18 00:00:00,yellows_over_35,61.6,PRO_MEDIUM,
Le Havre,Auxerre,2026-10-18 00:00:00,yellows_over_35,57.8,PRO_MEDIUM,
Basaksehir,Gaziantep,2026-10-18 00:00:00,yellows_over_35,68.8,PRO_MEDIUM,
M'Gladbach,Hoffenheim,2026-10-18 00:00:00,yellows_over_35,67.4,PRO_MEDIUM,
Kalamata,Ofi Crete,2026-10-18 00:00:00,yellows_over_35,79.3,PRO_STRONG,
Panathinaikos,Asteras Tripolis,2026-10-18 00:00:00,yellows_over_35,67.7,PRO_MEDIUM,
Kifisia,Aris,2026-10-18 00:00:00,yellows_over_35,73.2,PRO_MEDIUM,
Juventus,Lazio,2026-10-18 00:00:00,yellows_over_35,64.4,PRO_MEDIUM,
PAOK,Iraklis,2026-10-18 00:00:00,yellows_over_35,65.3,PRO_MEDIUM,
Malaga,Sociedad,2026-10-18 00:00:00,yellows_over_35,70.2,PRO_MEDIUM,
Panetolikos,Olympiakos,2026-10-18 00:00:00,yellows_over_35,70.3,PRO_MEDIUM,
Kocaelispor,Goztep,2026-10-18 00:00:00,yellows_over_35,70.3,PRO_MEDIUM,
Celtic,Hearts,2026-10-18 00:00:00,yellows_over_35,65.4,PRO_MEDIUM,
Celta,Alaves,2026-10-18 00:00:00,yellows_over_35,70.6,PRO_MEDIUM,
Leeds,Man United,2026-10-18 00:00:00,yellows_over_35,58.9,PRO_MEDIUM,
Milan,Atalanta,2026-10-18 00:00:00,yellows_over_35,57.7,PRO_MEDIUM,
Real Madrid,Sevilla,2026-10-18 00:00:00,yellows_over_35,59.3,PRO_MEDIUM,
Trabzonspor,Besiktas,2026-10-19 00:00:00,yellows_over_35,73.7,PRO_MEDIUM,
Tottenham,Coventry,2026-10-19 00:00:00,yellows_over_35,56.8,PRO_MEDIUM,
Getafe,Vallecano,2026-10-19 00:00:00,yellows_over_35,79.1,PRO_STRONG,
Wolves,Portsmouth,2026-10-20 00:00:00,yellows_over_35,56.1,PRO_MEDIUM,
Levante,Ath Bilbao,2026-10-21 00:00:00,yellows_over_35,63.9,PRO_MEDIUM,
Alaves,Malaga,2026-10-23 00:00:00,yellows_over_35,65.8,PRO_MEDIUM,
Alanyaspor,Kocaelispor,2026-10-23 00:00:00,yellows_over_35,62.7,PRO_MEDIUM,
Guimaraes,Maritimo,2026-10-23 00:00:00,yellows_over_35,75.2,PRO_STRONG,
Kortrijk,Mechelen,2026-10-23 00:00:00,yellows_over_35,58.5,PRO_MEDIUM,
Stuttgart,M'Gladbach,2026-10-23 00:00:00,yellows_over_35,58.4,PRO_MEDIUM,
Aris,Iraklis,2026-09-19 00:00:00,yellows_over_45,59.1,PRO_MEDIUM,
Ofi Crete,Asteras Tripolis,2026-09-20 00:00:00,yellows_over_45,55.6,PRO_MEDIUM,
Porto,Benfica,2026-09-20 00:00:00,yellows_over_45,65.6,PRO_MEDIUM,
Levadeiakos,Olympiakos,2026-09-20 00:00:00,yellows_over_45,56.9,PRO_MEDIUM,
Guimaraes,Moreirense,2026-09-20 00:00:00,yellows_over_45,56.5,PRO_MEDIUM,
Ath Madrid,Real Madrid,2026-09-20 00:00:00,yellows_over_45,55.8,PRO_MEDIUM,
Getafe,Malaga,2026-09-20 00:00:00,yellows_over_45,58.9,PRO_MEDIUM,
Kalamata,Panathinaikos,2026-09-20 00:00:00,yellows_over_45,60.6,PRO_MEDIUM,
Sp Braga,Sporting CP,2026-10-09 00:00:00,yellows_over_45,64.8,PRO_MEDIUM,
Asteras Tripolis,Atromitos,2026-10-10 00:00:00,yellows_over_45,59.4,PRO_MEDIUM,
Arouca,Estrela,2026-10-11 00:00:00,yellows_over_45,61.4,PRO_MEDIUM,
Kifisia,Panetolikos,2026-10-11 00:00:00,yellows_over_45,59.2,PRO_MEDIUM,
Iraklis,Levadeiakos,2026-10-11 00:00:00,yellows_over_45,61.5,PRO_MEDIUM,
Olympiakos,Panathinaikos,2026-10-11 00:00:00,yellows_over_45,62.3,PRO_MEDIUM,
Racing Santander,Valencia,2026-10-11 00:00:00,yellows_over_45,55.7,PRO_MEDIUM,
Levadeiakos,Volos Nfc,2026-10-17 00:00:00,yellows_over_45,64.4,PRO_MEDIUM,
Kalamata,Ofi Crete,2026-10-18 00:00:00,yellows_over_45,62.9,PRO_MEDIUM,
Kifisia,Aris,2026-10-18 00:00:00,yellows_over_45,55.0,PRO_MEDIUM,
Trabzonspor,Besiktas,2026-10-19 00:00:00,yellows_over_45,55.7,PRO_MEDIUM,
Getafe,Vallecano,2026-10-19 00:00:00,yellows_over_45,62.6,PRO_MEDIUM,
Guimaraes,Maritimo,2026-10-23 00:00:00,yellows_over_45,57.6,PRO_MEDIUM,
Levante,Ath Bilbao,2026-09-16 00:00:00,sot_over_65,76.1,PRO_STRONG,
Leuven,RAAL La Louviere,2026-09-19 00:00:00,sot_over_65,68.1,PRO_MEDIUM,
Ein Frankfurt,Freiburg,2026-09-19 00:00:00,sot_over_65,84.7,PRO_MEDIUM,
Newcastle,Hull,2026-09-19 00:00:00,sot_over_65,72.2,PRO_MEDIUM,
St Johnstone,Falkirk,2026-09-19 00:00:00,sot_over_65,67.2,PRO_MEDIUM,
Stoke,Sheffield United,2026-09-19 00:00:00,sot_over_65,68.8,PRO_MEDIUM,
Leverkusen,Rb Leipzig,2026-09-20 00:00:00,sot_over_65,92.8,PRO_STRONG,
Az Alkmaar,Telstar,2026-09-20 00:00:00,sot_over_65,93.5,PRO_STRONG,
Ofi Crete,Asteras Tripolis,2026-09-20 00:00:00,sot_over_65,66.2,PRO_MEDIUM,
La Coruna,Betis,2026-09-20 00:00:00,sot_over_65,83.5,PRO_MEDIUM,
Feyenoord,Utrecht,2026-09-20 00:00:00,sot_over_65,94.0,PRO_STRONG,
Porto,Benfica,2026-09-20 00:00:00,sot_over_65,77.6,PRO_STRONG,
Levadeiakos,Olympiakos,2026-09-20 00:00:00,sot_over_65,70.7,PRO_MEDIUM,
Paderborn,Hoffenheim,2026-09-20 00:00:00,sot_over_65,85.8,PRO_MEDIUM,
Fenerbahce,Eyupspor,2026-09-20 00:00:00,sot_over_65,88.7,PRO_STRONG,
Auxerre,Brest,2026-09-20 00:00:00,sot_over_65,73.2,PRO_MEDIUM,
Nijmegen,Go Ahead Eagles,2026-09-20 00:00:00,sot_over_65,90.5,PRO_STRONG,
Santa Clara,Sp Braga,2026-09-20 00:00:00,sot_over_65,58.4,PRO_MEDIUM,
Guimaraes,Moreirense,2026-09-20 00:00:00,sot_over_65,68.4,PRO_MEDIUM,
Valencia,Sociedad,2026-09-20 00:00:00,sot_over_65,72.3,PRO_MEDIUM,
Fiorentina,Napoli,2026-09-20 00:00:00,sot_over_65,73.4,PRO_MEDIUM,
St Truiden,Westerlo,2026-09-20 00:00:00,sot_over_65,77.7,PRO_STRONG,
Man City,Sunderland,2026-09-20 00:00:00,sot_over_65,82.1,PRO_MEDIUM,
Amedspor,Besiktas,2026-09-20 00:00:00,sot_over_65,77.9,PRO_STRONG,
Frosinone,Como,2026-09-20 00:00:00,sot_over_65,75.0,PRO_STRONG,
Ath Madrid,Real Madrid,2026-09-20 00:00:00,sot_over_65,84.2,PRO_MEDIUM,
Goztep,Rizespor,2026-09-20 00:00:00,sot_over_65,76.3,PRO_STRONG,
Estoril,Casa Pia,2026-09-20 00:00:00,sot_over_65,62.4,PRO_MEDIUM,
Nice,Lille,2026-09-20 00:00:00,sot_over_65,70.7,PRO_MEDIUM,
Wolves,West Brom,2026-09-20 00:00:00,sot_over_65,65.2,PRO_MEDIUM,
Bournemouth,Liverpool,2026-09-20 00:00:00,sot_over_65,77.2,PRO_STRONG,
Getafe,Malaga,2026-09-20 00:00:00,sot_over_65,59.0,PRO_MEDIUM,
Juventus,Atalanta,2026-09-20 00:00:00,sot_over_65,82.7,PRO_MEDIUM,
Parma,Genoa,2026-09-20 00:00:00,sot_over_65,60.2,PRO_MEDIUM,
Marseille,PSG,2026-09-20 00:00:00,sot_over_65,83.1,PRO_MEDIUM,
Leeds,Crystal Palace,2026-09-20 00:00:00,sot_over_65,74.5,PRO_MEDIUM,
Twente,PSV,2026-09-20 00:00:00,sot_over_65,91.5,PRO_STRONG,
Fulham,Man United,2026-09-20 00:00:00,sot_over_65,73.6,PRO_MEDIUM,
Milan,Lecce,2026-09-20 00:00:00,sot_over_65,74.9,PRO_MEDIUM,
Antwerp,Royale Union SG,2026-09-20 00:00:00,sot_over_65,85.2,PRO_MEDIUM,
Kortrijk,Waasland-Beveren,2026-09-20 00:00:00,sot_over_65,76.0,PRO_STRONG,
Panetolikos,PAOK,2026-09-20 00:00:00,sot_over_65,60.5,PRO_MEDIUM,
Villarreal,Levante,2026-09-20 00:00:00,sot_over_65,85.6,PRO_MEDIUM,
Club Brugge,Genk,2026-09-20 00:00:00,sot_over_65,88.9,PRO_STRONG,
Erzurum Bb,Samsunspor,2026-09-20 00:00:00,sot_over_65,68.9,PRO_MEDIUM,
Celtic,Rangers,2026-09-20 00:00:00,sot_over_65,85.8,PRO_MEDIUM,
Volos Nfc,AEK Athens,2026-09-20 00:00:00,sot_over_65,68.9,PRO_MEDIUM,
Kalamata,Panathinaikos,2026-09-20 00:00:00,sot_over_65,72.2,PRO_MEDIUM,
Norwich,Bolton,2026-09-20 00:00:00,sot_over_65,83.3,PRO_MEDIUM,
PSV,Heerenveen,2026-10-09 00:00:00,sot_over_65,95.7,PRO_STRONG,
Malaga,Espanol,2026-10-09 00:00:00,sot_over_65,63.9,PRO_MEDIUM,
Waasland-Beveren,Lommel SK,2026-10-09 00:00:00,sot_over_65,75.6,PRO_STRONG,
Moreirense,Gil Vicente,2026-10-09 00:00:00,sot_over_65,59.0,PRO_MEDIUM,
Dortmund,Werder Bremen,2026-10-09 00:00:00,sot_over_65,84.4,PRO_MEDIUM,
Sp Braga,Sporting CP,2026-10-09 00:00:00,sot_over_65,68.8,PRO_MEDIUM,
Lens,Lyon,2026-10-09 00:00:00,sot_over_65,81.6,PRO_MEDIUM,
Galatasaray,Kasimpasa,2026-10-09 00:00:00,sot_over_65,86.1,PRO_MEDIUM,
Vallecano,Ath Bilbao,2026-10-10 00:00:00,sot_over_65,76.3,PRO_STRONG,
Rangers,Kilmarnock,2026-10-10 00:00:00,sot_over_65,91.5,PRO_STRONG,
For Sittard,Twente,2026-10-10 00:00:00,sot_over_65,90.3,PRO_STRONG,
Maritimo,Porto,2026-10-10 00:00:00,sot_over_65,76.3,PRO_STRONG,
Rb Leipzig,Ein Frankfurt,2026-10-10 00:00:00,sot_over_65,92.8,PRO_STRONG,
Middlesbrough,Wolves,2026-10-10 00:00:00,sot_over_65,68.8,PRO_MEDIUM,
Go Ahead Eagles,Sparta Rotterdam,2026-10-10 00:00:00,sot_over_65,89.3,PRO_STRONG,
Samsunspor,Trabzonspor,2026-10-10 00:00:00,sot_over_65,81.6,PRO_MEDIUM,
Cercle Brugge,Anderlecht,2026-10-10 00:00:00,sot_over_65,82.5,PRO_MEDIUM,
Hoffenheim,Hamburg,2026-10-10 00:00:00,sot_over_65,91.3,PRO_STRONG,
Rizespor,Fenerbahce,2026-10-10 00:00:00,sot_over_65,85.7,PRO_MEDIUM,
Monaco,Toulouse,2026-10-10 00:00:00,sot_over_65,81.0,PRO_MEDIUM,
Sunderland,Brighton,2026-10-10 00:00:00,sot_over_65,70.5,PRO_MEDIUM,
Paderborn,Stuttgart,2026-10-10 00:00:00,sot_over_65,89.3,PRO_STRONG,
Derby,Wrexham,2026-10-10 00:00:00,sot_over_65,71.0,PRO_MEDIUM,
Mainz,Leverkusen,2026-10-10 00:00:00,sot_over_65,90.5,PRO_STRONG,
Waregem,Gent,2026-10-10 00:00:00,sot_over_65,78.0,PRO_STRONG,
Genk,Kortrijk,2026-10-10 00:00:00,sot_over_65,80.6,PRO_MEDIUM,
Feyenoord,Az Alkmaar,2026-10-10 00:00:00,sot_over_65,89.3,PRO_STRONG,
Charlton,Bristol City,2026-10-10 00:00:00,sot_over_65,61.5,PRO_MEDIUM,
Real Madrid,Villarreal,2026-10-10 00:00:00,sot_over_65,89.4,PRO_STRONG,
Blackburn,Cardiff,2026-10-10 00:00:00,sot_over_65,74.8,PRO_MEDIUM,
Bolton,Stoke,2026-10-10 00:00:00,sot_over_65,70.3,PRO_MEDIUM,
Alaves,Ath Madrid,2026-10-10 00:00:00,sot_over_65,75.9,PRO_STRONG,
Man United,Tottenham,2026-10-10 00:00:00,sot_over_65,81.3,PRO_MEDIUM,
PSG,Le Mans,2026-10-10 00:00:00,sot_over_65,88.0,PRO_STRONG,
Sheffield United,Lincoln,2026-10-10 00:00:00,sot_over_65,70.1,PRO_MEDIUM,
Ajax,Nijmegen,2026-10-10 00:00:00,sot_over_65,92.5,PRO_STRONG,
Ipswich,Fulham,2026-10-10 00:00:00,sot_over_65,74.2,PRO_MEDIUM,
Barcelona,Getafe,2026-10-10 00:00:00,sot_over_65,85.8,PRO_MEDIUM,
Augsburg,Bayern Munich,2026-10-10 00:00:00,sot_over_65,94.7,PRO_STRONG,
RAAL La Louviere,Club Brugge,2026-10-10 00:00:00,sot_over_65,83.5,PRO_MEDIUM,
Preston,Millwall,2026-10-10 00:00:00,sot_over_65,65.2,PRO_MEDIUM,
Hearts,St Mirren,2026-10-10 00:00:00,sot_over_65,73.1,PRO_MEDIUM,
Inter,Parma,2026-10-10 00:00:00,sot_over_65,86.4,PRO_MEDIUM,
Falkirk,Dundee,2026-10-10 00:00:00,sot_over_65,69.2,PRO_MEDIUM,
Chelsea,Bournemouth,2026-10-10 00:00:00,sot_over_65,80.2,PRO_MEDIUM,
Lille,Le Havre,2026-10-10 00:00:00,sot_over_65,71.1,PRO_MEDIUM,
Arsenal,Leeds,2026-10-10 00:00:00,sot_over_65,77.2,PRO_STRONG,
Genoa,Fiorentina,2026-10-10 00:00:00,sot_over_65,63.7,PRO_MEDIUM,
Alanyaspor,Erzurum Bb,2026-10-10 00:00:00,sot_over_65,74.7,PRO_MEDIUM,
Genclerbirligi,Amedspor,2026-10-10 00:00:00,sot_over_65,72.9,PRO_MEDIUM,
Brest,Angers,2026-10-10 00:00:00,sot_over_65,72.3,PRO_MEDIUM,
Casa Pia,Santa Clara,2026-10-10 00:00:00,sot_over_65,56.1,PRO_MEDIUM,
Union Berlin,Elversberg,2026-10-10 00:00:00,sot_over_65,83.0,PRO_MEDIUM,
Watford,Burnley,2026-10-10 00:00:00,sot_over_65,67.5,PRO_MEDIUM,
West Brom,Birmingham,2026-10-10 00:00:00,sot_over_65,63.3,PRO_MEDIUM,
Swansea,Norwich,2026-10-10 00:00:00,sot_over_65,70.8,PRO_MEDIUM,
Lorient,Paris FC,2026-10-10 00:00:00,sot_over_65,65.2,PRO_MEDIUM,
Asteras Tripolis,Atromitos,2026-10-10 00:00:00,sot_over_65,68.5,PRO_MEDIUM,
Aston Villa,Brentford,2026-10-10 00:00:00,sot_over_65,74.3,PRO_MEDIUM,
Dundee United,Hibernian,2026-10-10 00:00:00,sot_over_65,72.0,PRO_MEDIUM,
AEK Athens,Ofi Crete,2026-10-10 00:00:00,sot_over_65,80.8,PRO_MEDIUM,
Elche,Celta,2026-10-11 00:00:00,sot_over_65,67.3,PRO_MEDIUM,
Lecce,Bologna,2026-10-11 00:00:00,sot_over_65,63.6,PRO_MEDIUM,
St. Liege,Charleroi,2026-10-11 00:00:00,sot_over_65,75.2,PRO_STRONG,
Lazio,Monza,2026-10-11 00:00:00,sot_over_65,76.9,PRO_STRONG,
Aberdeen,St Johnstone,2026-10-11 00:00:00,sot_over_65,65.0,PRO_MEDIUM,
Konyaspor,Basaksehir,2026-10-11 00:00:00,sot_over_65,74.0,PRO_MEDIUM,
Arouca,Estrela,2026-10-11 00:00:00,sot_over_65,67.2,PRO_MEDIUM,
Crystal Palace,Nottingham,2026-10-11 00:00:00,sot_over_65,67.4,PRO_MEDIUM,
Liverpool,Man City,2026-10-11 00:00:00,sot_over_65,81.7,PRO_MEDIUM,
Aris,Volos Nfc,2026-10-11 00:00:00,sot_over_65,77.5,PRO_STRONG,
Benfica,Guimaraes,2026-10-11 00:00:00,sot_over_65,84.0,PRO_MEDIUM,
Troyes,Marseille,2026-10-11 00:00:00,sot_over_65,77.8,PRO_STRONG,
Royale Union SG,Leuven,2026-10-11 00:00:00,sot_over_65,89.1,PRO_STRONG,
Southampton,Portsmouth,2026-10-11 00:00:00,sot_over_65,75.9,PRO_STRONG,
Rio Ave,Nacional,2026-10-11 00:00:00,sot_over_65,65.2,PRO_MEDIUM,
Excelsior,Groningen,2026-10-11 00:00:00,sot_over_65,83.0,PRO_MEDIUM,
Kifisia,Panetolikos,2026-10-11 00:00:00,sot_over_65,62.4,PRO_MEDIUM,
Hull,Everton,2026-10-11 00:00:00,sot_over_65,64.7,PRO_MEDIUM,
Westerlo,Antwerp,2026-10-11 00:00:00,sot_over_65,84.1,PRO_MEDIUM,
Betis,Osasuna,2026-10-11 00:00:00,sot_over_65,81.8,PRO_MEDIUM,
Sassuolo,Milan,2026-10-11 00:00:00,sot_over_65,73.2,PRO_MEDIUM,
Mechelen,St Truiden,2026-10-11 00:00:00,sot_over_65,71.2,PRO_MEDIUM,
Como,Roma,2026-10-11 00:00:00,sot_over_65,74.9,PRO_MEDIUM,
Rennes,Auxerre,2026-10-11 00:00:00,sot_over_65,84.6,PRO_MEDIUM,
Iraklis,Levadeiakos,2026-10-11 00:00:00,sot_over_65,71.7,PRO_MEDIUM,
Fc Koln,M'Gladbach,2026-10-11 00:00:00,sot_over_65,89.8,PRO_STRONG,
Olympiakos,Panathinaikos,2026-10-11 00:00:00,sot_over_65,74.8,PRO_MEDIUM,
Racing Santander,Valencia,2026-10-11 00:00:00,sot_over_65,78.2,PRO_STRONG,
Cagliari,Juventus,2026-10-11 00:00:00,sot_over_65,72.6,PRO_MEDIUM,
Motherwell,Celtic,2026-10-11 00:00:00,sot_over_65,84.9,PRO_MEDIUM,
Freiburg,Schalke 04,2026-10-11 00:00:00,sot_over_65,86.5,PRO_MEDIUM,
Telstar,Den Haag,2026-10-11 00:00:00,sot_over_65,81.3,PRO_MEDIUM,
Sociedad,La Coruna,2026-10-11 00:00:00,sot_over_65,78.2,PRO_STRONG,
Utrecht,Willem Ii,2026-10-11 00:00:00,sot_over_65,89.0,PRO_STRONG,
Atalanta,Venezia,2026-10-12 00:00:00,sot_over_65,82.4,PRO_MEDIUM,
Coventry,Newcastle,2026-10-12 00:00:00,sot_over_65,73.0,PRO_MEDIUM,
Levante,Sevilla,2026-10-12 00:00:00,sot_over_65,67.7,PRO_MEDIUM,
Eyupspor,Goztep,2026-10-12 00:00:00,sot_over_65,69.3,PRO_MEDIUM,
Famalicao,Alverca,2026-10-12 00:00:00,sot_over_65,62.0,PRO_MEDIUM,
Torino,Udinese,2026-10-12 00:00:00,sot_over_65,69.0,PRO_MEDIUM,
PAOK,Kalamata,2026-10-12 00:00:00,sot_over_65,71.1,PRO_MEDIUM,
Wrexham,West Brom,2026-10-13 00:00:00,sot_over_65,64.4,PRO_MEDIUM,
Birmingham,Preston,2026-10-13 00:00:00,sot_over_65,69.6,PRO_MEDIUM,
Bristol City,Blackburn,2026-10-13 00:00:00,sot_over_65,63.8,PRO_MEDIUM,
Millwall,Swansea,2026-10-13 00:00:00,sot_over_65,64.4,PRO_MEDIUM,
Cardiff,Watford,2026-10-13 00:00:00,sot_over_65,80.8,PRO_MEDIUM,
Wolves,Bolton,2026-10-13 00:00:00,sot_over_65,73.9,PRO_MEDIUM,
Stoke,Middlesbrough,2026-10-13 00:00:00,sot_over_65,63.4,PRO_MEDIUM,
Burnley,Charlton,2026-10-13 00:00:00,sot_over_65,67.6,PRO_MEDIUM,
Norwich,Southampton,2026-10-14 00:00:00,sot_over_65,76.7,PRO_STRONG,
QPR,Derby,2026-10-14 00:00:00,sot_over_65,74.1,PRO_MEDIUM,
Lincoln,West Ham,2026-10-14 00:00:00,sot_over_65,74.0,PRO_MEDIUM,
Portsmouth,Sheffield United,2026-10-14 00:00:00,sot_over_65,67.1,PRO_MEDIUM,
Heerenveen,Excelsior,2026-10-16 00:00:00,sot_over_65,85.1,PRO_MEDIUM,
Burnley,Wolves,2026-10-16 00:00:00,sot_over_65,67.5,PRO_MEDIUM,
La Coruna,Levante,2026-10-16 00:00:00,sot_over_65,73.5,PRO_MEDIUM,
Corum,Rizespor,2026-10-16 00:00:00,sot_over_65,83.6,PRO_MEDIUM,
Frosinone,Sassuolo,2026-10-16 00:00:00,sot_over_65,77.4,PRO_STRONG,
Ein Frankfurt,Fc Koln,2026-10-16 00:00:00,sot_over_65,88.9,PRO_STRONG,
Erzurum Bb,Eyupspor,2026-10-17 00:00:00,sot_over_65,65.7,PRO_MEDIUM,
Aberdeen,St Mirren,2026-10-17 00:00:00,sot_over_65,63.7,PRO_MEDIUM,
Roma,Genoa,2026-10-17 00:00:00,sot_over_65,77.6,PRO_STRONG,
Troyes,Lens,2026-10-17 00:00:00,sot_over_65,82.4,PRO_MEDIUM,
Schalke 04,Mainz,2026-10-17 00:00:00,sot_over_65,89.4,PRO_STRONG,
Strasbourg,PSG,2026-10-17 00:00:00,sot_over_65,86.1,PRO_MEDIUM,
Telstar,Feyenoord,2026-10-17 00:00:00,sot_over_65,90.9,PRO_STRONG,
Elversberg,Augsburg,2026-10-17 00:00:00,sot_over_65,86.8,PRO_MEDIUM,
Everton,Chelsea,2026-10-17 00:00:00,sot_over_65,76.0,PRO_STRONG,
Fulham,Hull,2026-10-17 00:00:00,sot_over_65,67.9,PRO_MEDIUM,
Espanol,Ath Madrid,2026-10-17 00:00:00,sot_over_65,80.8,PRO_MEDIUM,
Sparta Rotterdam,Willem Ii,2026-10-17 00:00:00,sot_over_65,83.7,PRO_MEDIUM,
Amedspor,Konyaspor,2026-10-17 00:00:00,sot_over_65,76.6,PRO_STRONG,
Villarreal,Elche,2026-10-17 00:00:00,sot_over_65,84.0,PRO_MEDIUM,
Atromitos,AEK Athens,2026-10-17 00:00:00,sot_over_65,72.3,PRO_MEDIUM,
Hibernian,Falkirk,2026-10-17 00:00:00,sot_over_65,67.5,PRO_MEDIUM,
Newcastle,Aston Villa,2026-10-17 00:00:00,sot_over_65,77.7,PRO_STRONG,
Watford,Charlton,2026-10-17 00:00:00,sot_over_65,63.9,PRO_MEDIUM,
Lille,Brest,2026-10-17 00:00:00,sot_over_65,73.8,PRO_MEDIUM,
Derby,Stoke,2026-10-17 00:00:00,sot_over_65,63.7,PRO_MEDIUM,
Man City,Ipswich,2026-10-17 00:00:00,sot_over_65,85.4,PRO_MEDIUM,
Hamburg,Stuttgart,2026-10-17 00:00:00,sot_over_65,92.0,PRO_STRONG,
Levadeiakos,Volos Nfc,2026-10-17 00:00:00,sot_over_65,62.1,PRO_MEDIUM,
Fenerbahce,Alanyaspor,2026-10-17 00:00:00,sot_over_65,87.7,PRO_MEDIUM,
Venezia,Napoli,2026-10-17 00:00:00,sot_over_65,76.3,PRO_STRONG,
Union Berlin,Dortmund,2026-10-17 00:00:00,sot_over_65,85.9,PRO_MEDIUM,
Betis,Barcelona,2026-10-17 00:00:00,sot_over_65,90.2,PRO_STRONG,
Wrexham,Preston,2026-10-17 00:00:00,sot_over_65,66.4,PRO_MEDIUM,
Den Haag,PSV,2026-10-17 00:00:00,sot_over_65,92.2,PRO_STRONG,
West Brom,Blackburn,2026-10-17 00:00:00,sot_over_65,63.4,PRO_MEDIUM,
Werder Bremen,Paderborn,2026-10-17 00:00:00,sot_over_65,83.8,PRO_MEDIUM,
St Johnstone,Dundee United,2026-10-17 00:00:00,sot_over_65,75.9,PRO_STRONG,
Dundee,Rangers,2026-10-17 00:00:00,sot_over_65,85.4,PRO_MEDIUM,
Bologna,Inter,2026-10-17 00:00:00,sot_over_65,75.2,PRO_STRONG,
Bristol City,Sheffield United,2026-10-17 00:00:00,sot_over_65,66.2,PRO_MEDIUM,
Bayern Munich,Rb Leipzig,2026-10-17 00:00:00,sot_over_65,96.5,PRO_STRONG,
Valencia,Ath Bilbao,2026-10-17 00:00:00,sot_over_65,62.9,PRO_MEDIUM,
Middlesbrough,Cardiff,2026-10-17 00:00:00,sot_over_65,81.1,PRO_MEDIUM,
Genclerbirligi,Galatasaray,2026-10-17 00:00:00,sot_over_65,85.8,PRO_MEDIUM,
Birmingham,QPR,2026-10-17 00:00:00,sot_over_65,68.7,PRO_MEDIUM,
Nottingham,Arsenal,2026-10-18 00:00:00,sot_over_65,68.9,PRO_MEDIUM,
Zwolle,Go Ahead Eagles,2026-10-18 00:00:00,sot_over_65,87.8,PRO_MEDIUM,
Groningen,Ajax,2026-10-18 00:00:00,sot_over_65,88.6,PRO_STRONG,
Kasimpasa,Samsunspor,2026-10-18 00:00:00,sot_over_65,69.5,PRO_MEDIUM,
Bournemouth,Sunderland,2026-10-18 00:00:00,sot_over_65,67.7,PRO_MEDIUM,
Le Havre,Auxerre,2026-10-18 00:00:00,sot_over_65,75.7,PRO_STRONG,
Basaksehir,Gaziantep,2026-10-18 00:00:00,sot_over_65,77.8,PRO_STRONG,
M'Gladbach,Hoffenheim,2026-10-18 00:00:00,sot_over_65,90.7,PRO_STRONG,
Nijmegen,For Sittard,2026-10-18 00:00:00,sot_over_65,89.9,PRO_STRONG,
Kalamata,Ofi Crete,2026-10-18 00:00:00,sot_over_65,68.9,PRO_MEDIUM,
Panathinaikos,Asteras Tripolis,2026-10-18 00:00:00,sot_over_65,76.6,PRO_STRONG,
Kifisia,Aris,2026-10-18 00:00:00,sot_over_65,69.5,PRO_MEDIUM,
Angers,Marseille,2026-10-18 00:00:00,sot_over_65,80.2,PRO_MEDIUM,
Juventus,Lazio,2026-10-18 00:00:00,sot_over_65,81.8,PRO_MEDIUM,
Malaga,Sociedad,2026-10-18 00:00:00,sot_over_65,75.2,PRO_STRONG,
Panetolikos,Olympiakos,2026-10-18 00:00:00,sot_over_65,70.5,PRO_MEDIUM,
Kocaelispor,Goztep,2026-10-18 00:00:00,sot_over_65,62.2,PRO_MEDIUM,
Paris FC,Rennes,2026-10-18 00:00:00,sot_over_65,76.8,PRO_STRONG,
Lyon,Nice,2026-10-18 00:00:00,sot_over_65,81.1,PRO_MEDIUM,
Lorient,Monaco,2026-10-18 00:00:00,sot_over_65,68.2,PRO_MEDIUM,
Udinese,Lecce,2026-10-18 00:00:00,sot_over_65,74.5,PRO_MEDIUM,
Celtic,Hearts,2026-10-18 00:00:00,sot_over_65,81.8,PRO_MEDIUM,
Cambuur,Az Alkmaar,2026-10-18 00:00:00,sot_over_65,90.4,PRO_STRONG,
Celta,Alaves,2026-10-18 00:00:00,sot_over_65,67.8,PRO_MEDIUM,
Leeds,Man United,2026-10-18 00:00:00,sot_over_65,76.1,PRO_STRONG,
Milan,Atalanta,2026-10-18 00:00:00,sot_over_65,75.0,PRO_MEDIUM,
Real Madrid,Sevilla,2026-10-18 00:00:00,sot_over_65,82.1,PRO_MEDIUM,
Twente,Utrecht,2026-10-18 00:00:00,sot_over_65,91.9,PRO_STRONG,
Leverkusen,Freiburg,2026-10-18 00:00:00,sot_over_65,91.1,PRO_STRONG,
Trabzonspor,Besiktas,2026-10-19 00:00:00,sot_over_65,82.7,PRO_MEDIUM,
Parma,Torino,2026-10-19 00:00:00,sot_over_65,62.8,PRO_MEDIUM,
Tottenham,Coventry,2026-10-19 00:00:00,sot_over_65,69.0,PRO_MEDIUM,
Monza,Cagliari,2026-10-19 00:00:00,sot_over_65,72.0,PRO_MEDIUM,
Getafe,Vallecano,2026-10-19 00:00:00,sot_over_65,63.9,PRO_MEDIUM,
Wolves,Portsmouth,2026-10-20 00:00:00,sot_over_65,66.3,PRO_MEDIUM,
Levante,Ath Bilbao,2026-10-21 00:00:00,sot_over_65,71.1,PRO_MEDIUM,
Brest,Nice,2026-10-23 00:00:00,sot_over_65,70.4,PRO_MEDIUM,
Alaves,Malaga,2026-10-23 00:00:00,sot_over_65,69.0,PRO_MEDIUM,
Alanyaspor,Kocaelispor,2026-10-23 00:00:00,sot_over_65,66.8,PRO_MEDIUM,
Guimaraes,Maritimo,2026-10-23 00:00:00,sot_over_65,71.0,PRO_MEDIUM,
Kortrijk,Mechelen,2026-10-23 00:00:00,sot_over_65,68.0,PRO_MEDIUM,
Torino,Monza,2026-10-23 00:00:00,sot_over_65,72.5,PRO_MEDIUM,
Bolton,Middlesbrough,2026-10-23 00:00:00,sot_over_65,75.2,PRO_STRONG,
Ipswich,Nottingham,2026-10-23 00:00:00,sot_over_65,74.6,PRO_MEDIUM,
Go Ahead Eagles,Telstar,2026-10-23 00:00:00,sot_over_65,90.9,PRO_STRONG,
Stuttgart,M'Gladbach,2026-10-23 00:00:00,sot_over_65,93.4,PRO_STRONG,
Levante,Ath Bilbao,2026-09-16 00:00:00,sot_over_75,63.6,PRO_MEDIUM,
Aris,Iraklis,2026-09-19 00:00:00,sot_over_75,66.3,PRO_MEDIUM,
Newcastle,Hull,2026-09-19 00:00:00,sot_over_75,59.2,PRO_MEDIUM,
Stoke,Sheffield United,2026-09-19 00:00:00,sot_over_75,55.4,PRO_MEDIUM,
Leverkusen,Rb Leipzig,2026-09-20 00:00:00,sot_over_75,86.1,PRO_STRONG,
Az Alkmaar,Telstar,2026-09-20 00:00:00,sot_over_75,87.1,PRO_STRONG,
La Coruna,Betis,2026-09-20 00:00:00,sot_over_75,72.8,PRO_MEDIUM,
Feyenoord,Utrecht,2026-09-20 00:00:00,sot_over_75,88.0,PRO_STRONG,
Porto,Benfica,2026-09-20 00:00:00,sot_over_75,65.5,PRO_MEDIUM,
Levadeiakos,Olympiakos,2026-09-20 00:00:00,sot_over_75,57.5,PRO_MEDIUM,
Fenerbahce,Eyupspor,2026-09-20 00:00:00,sot_over_75,79.9,PRO_STRONG,
Auxerre,Brest,2026-09-20 00:00:00,sot_over_75,60.4,PRO_MEDIUM,
Nijmegen,Go Ahead Eagles,2026-09-20 00:00:00,sot_over_75,82.5,PRO_STRONG,
Guimaraes,Moreirense,2026-09-20 00:00:00,sot_over_75,55.0,PRO_MEDIUM,
Valencia,Sociedad,2026-09-20 00:00:00,sot_over_75,59.4,PRO_MEDIUM,
Fiorentina,Napoli,2026-09-20 00:00:00,sot_over_75,60.6,PRO_MEDIUM,
St Truiden,Westerlo,2026-09-20 00:00:00,sot_over_75,65.6,PRO_MEDIUM,
Man City,Sunderland,2026-09-20 00:00:00,sot_over_75,71.0,PRO_MEDIUM,
Amedspor,Besiktas,2026-09-20 00:00:00,sot_over_75,65.8,PRO_MEDIUM,
Frosinone,Como,2026-09-20 00:00:00,sot_over_75,62.4,PRO_MEDIUM,
Goztep,Rizespor,2026-09-20 00:00:00,sot_over_75,63.9,PRO_MEDIUM,
Nice,Lille,2026-09-20 00:00:00,sot_over_75,57.6,PRO_MEDIUM,
Bournemouth,Liverpool,2026-09-20 00:00:00,sot_over_75,65.0,PRO_MEDIUM,
Juventus,Atalanta,2026-09-20 00:00:00,sot_over_75,71.7,PRO_MEDIUM,
Marseille,PSG,2026-09-20 00:00:00,sot_over_75,72.2,PRO_MEDIUM,
Leeds,Crystal Palace,2026-09-20 00:00:00,sot_over_75,61.8,PRO_MEDIUM,
Twente,PSV,2026-09-20 00:00:00,sot_over_75,84.0,PRO_STRONG,
Fulham,Man United,2026-09-20 00:00:00,sot_over_75,60.8,PRO_MEDIUM,
Milan,Lecce,2026-09-20 00:00:00,sot_over_75,62.2,PRO_MEDIUM,
Kortrijk,Waasland-Beveren,2026-09-20 00:00:00,sot_over_75,63.6,PRO_MEDIUM,
Club Brugge,Genk,2026-09-20 00:00:00,sot_over_75,80.1,PRO_STRONG,
Erzurum Bb,Samsunspor,2026-09-20 00:00:00,sot_over_75,55.5,PRO_MEDIUM,
Volos Nfc,AEK Athens,2026-09-20 00:00:00,sot_over_75,55.6,PRO_MEDIUM,
Kalamata,Panathinaikos,2026-09-20 00:00:00,sot_over_75,59.2,PRO_MEDIUM,
Norwich,Bolton,2026-09-20 00:00:00,sot_over_75,72.6,PRO_MEDIUM,
PSV,Heerenveen,2026-10-09 00:00:00,sot_over_75,90.9,PRO_STRONG,
West Ham,QPR,2026-10-09 00:00:00,sot_over_75,67.5,PRO_MEDIUM,
Waasland-Beveren,Lommel SK,2026-10-09 00:00:00,sot_over_75,63.1,PRO_MEDIUM,
Sp Braga,Sporting CP,2026-10-09 00:00:00,sot_over_75,55.4,PRO_MEDIUM,
Lens,Lyon,2026-10-09 00:00:00,sot_over_75,70.3,PRO_MEDIUM,
Vallecano,Ath Bilbao,2026-10-10 00:00:00,sot_over_75,63.9,PRO_MEDIUM,
Napoli,Frosinone,2026-10-10 00:00:00,sot_over_75,66.5,PRO_MEDIUM,
Rangers,Kilmarnock,2026-10-10 00:00:00,sot_over_75,84.0,PRO_STRONG,
For Sittard,Twente,2026-10-10 00:00:00,sot_over_75,82.2,PRO_STRONG,
Maritimo,Porto,2026-10-10 00:00:00,sot_over_75,63.9,PRO_MEDIUM,
Rb Leipzig,Ein Frankfurt,2026-10-10 00:00:00,sot_over_75,86.1,PRO_STRONG,
Middlesbrough,Wolves,2026-10-10 00:00:00,sot_over_75,55.4,PRO_MEDIUM,
Go Ahead Eagles,Sparta Rotterdam,2026-10-10 00:00:00,sot_over_75,80.8,PRO_STRONG,
Samsunspor,Trabzonspor,2026-10-10 00:00:00,sot_over_75,70.3,PRO_MEDIUM,
Cercle Brugge,Anderlecht,2026-10-10 00:00:00,sot_over_75,71.5,PRO_MEDIUM,
Hoffenheim,Hamburg,2026-10-10 00:00:00,sot_over_75,83.6,PRO_STRONG,
Monaco,Toulouse,2026-10-10 00:00:00,sot_over_75,69.7,PRO_MEDIUM,
Sunderland,Brighton,2026-10-10 00:00:00,sot_over_75,57.3,PRO_MEDIUM,
Paderborn,Stuttgart,2026-10-10 00:00:00,sot_over_75,80.7,PRO_STRONG,
Derby,Wrexham,2026-10-10 00:00:00,sot_over_75,57.9,PRO_MEDIUM,
Mainz,Leverkusen,2026-10-10 00:00:00,sot_over_75,82.4,PRO_STRONG,
Waregem,Gent,2026-10-10 00:00:00,sot_over_75,66.0,PRO_MEDIUM,
Genk,Kortrijk,2026-10-10 00:00:00,sot_over_75,69.1,PRO_MEDIUM,
Feyenoord,Az Alkmaar,2026-10-10 00:00:00,sot_over_75,80.8,PRO_STRONG,
Real Madrid,Villarreal,2026-10-10 00:00:00,sot_over_75,80.9,PRO_STRONG,
Blackburn,Cardiff,2026-10-10 00:00:00,sot_over_75,62.1,PRO_MEDIUM,
Bolton,Stoke,2026-10-10 00:00:00,sot_over_75,57.1,PRO_MEDIUM,
Alaves,Ath Madrid,2026-10-10 00:00:00,sot_over_75,63.4,PRO_MEDIUM,
Man United,Tottenham,2026-10-10 00:00:00,sot_over_75,70.0,PRO_MEDIUM,
PSG,Le Mans,2026-10-10 00:00:00,sot_over_75,78.9,PRO_STRONG,
Sheffield United,Lincoln,2026-10-10 00:00:00,sot_over_75,56.9,PRO_MEDIUM,
Ajax,Nijmegen,2026-10-10 00:00:00,sot_over_75,85.6,PRO_STRONG,
Ipswich,Fulham,2026-10-10 00:00:00,sot_over_75,61.4,PRO_MEDIUM,
Augsburg,Bayern Munich,2026-10-10 00:00:00,sot_over_75,89.2,PRO_STRONG,
RAAL La Louviere,Club Brugge,2026-10-10 00:00:00,sot_over_75,72.8,PRO_MEDIUM,
Hearts,St Mirren,2026-10-10 00:00:00,sot_over_75,60.3,PRO_MEDIUM,
Falkirk,Dundee,2026-10-10 00:00:00,sot_over_75,55.9,PRO_MEDIUM,
Chelsea,Bournemouth,2026-10-10 00:00:00,sot_over_75,68.7,PRO_MEDIUM,
Lille,Le Havre,2026-10-10 00:00:00,sot_over_75,58.0,PRO_MEDIUM,
Arsenal,Leeds,2026-10-10 00:00:00,sot_over_75,65.0,PRO_MEDIUM,
Alanyaspor,Erzurum Bb,2026-10-10 00:00:00,sot_over_75,62.1,PRO_MEDIUM,
Genclerbirligi,Amedspor,2026-10-10 00:00:00,sot_over_75,60.0,PRO_MEDIUM,
Brest,Angers,2026-10-10 00:00:00,sot_over_75,59.4,PRO_MEDIUM,
Union Berlin,Elversberg,2026-10-10 00:00:00,sot_over_75,72.2,PRO_MEDIUM,
Swansea,Norwich,2026-10-10 00:00:00,sot_over_75,57.7,PRO_MEDIUM,
Asteras Tripolis,Atromitos,2026-10-10 00:00:00,sot_over_75,55.1,PRO_MEDIUM,
Aston Villa,Brentford,2026-10-10 00:00:00,sot_over_75,61.6,PRO_MEDIUM,
Dundee United,Hibernian,2026-10-10 00:00:00,sot_over_75,59.0,PRO_MEDIUM,
AEK Athens,Ofi Crete,2026-10-10 00:00:00,sot_over_75,69.4,PRO_MEDIUM,
Nice,Strasbourg,2026-10-11 00:00:00,sot_over_75,66.7,PRO_MEDIUM,
Gaziantep,Corum,2026-10-11 00:00:00,sot_over_75,67.5,PRO_MEDIUM,
St. Liege,Charleroi,2026-10-11 00:00:00,sot_over_75,62.6,PRO_MEDIUM,
Besiktas,Kocaelispor,2026-10-11 00:00:00,sot_over_75,67.6,PRO_MEDIUM,
Lazio,Monza,2026-10-11 00:00:00,sot_over_75,64.7,PRO_MEDIUM,
Konyaspor,Basaksehir,2026-10-11 00:00:00,sot_over_75,61.2,PRO_MEDIUM,
Liverpool,Man City,2026-10-11 00:00:00,sot_over_75,70.5,PRO_MEDIUM,
Aris,Volos Nfc,2026-10-11 00:00:00,sot_over_75,65.3,PRO_MEDIUM,
Troyes,Marseille,2026-10-11 00:00:00,sot_over_75,65.6,PRO_MEDIUM,
Royale Union SG,Leuven,2026-10-11 00:00:00,sot_over_75,80.4,PRO_STRONG,
Southampton,Portsmouth,2026-10-11 00:00:00,sot_over_75,63.4,PRO_MEDIUM,
Excelsior,Groningen,2026-10-11 00:00:00,sot_over_75,72.2,PRO_MEDIUM,
Betis,Osasuna,2026-10-11 00:00:00,sot_over_75,70.6,PRO_MEDIUM,
Sassuolo,Milan,2026-10-11 00:00:00,sot_over_75,60.3,PRO_MEDIUM,
Mechelen,St Truiden,2026-10-11 00:00:00,sot_over_75,58.1,PRO_MEDIUM,
Como,Roma,2026-10-11 00:00:00,sot_over_75,62.3,PRO_MEDIUM,
Iraklis,Levadeiakos,2026-10-11 00:00:00,sot_over_75,58.7,PRO_MEDIUM,
Fc Koln,M'Gladbach,2026-10-11 00:00:00,sot_over_75,81.4,PRO_STRONG,
Olympiakos,Panathinaikos,2026-10-11 00:00:00,sot_over_75,62.2,PRO_MEDIUM,
Zwolle,Cambuur,2026-10-11 00:00:00,sot_over_75,66.7,PRO_MEDIUM,
Racing Santander,Valencia,2026-10-11 00:00:00,sot_over_75,66.2,PRO_MEDIUM,
Cagliari,Juventus,2026-10-11 00:00:00,sot_over_75,59.6,PRO_MEDIUM,
Telstar,Den Haag,2026-10-11 00:00:00,sot_over_75,69.9,PRO_MEDIUM,
Sociedad,La Coruna,2026-10-11 00:00:00,sot_over_75,66.1,PRO_MEDIUM,
Utrecht,Willem Ii,2026-10-11 00:00:00,sot_over_75,80.3,PRO_STRONG,
Atalanta,Venezia,2026-10-12 00:00:00,sot_over_75,71.4,PRO_MEDIUM,
Coventry,Newcastle,2026-10-12 00:00:00,sot_over_75,60.1,PRO_MEDIUM,
Eyupspor,Goztep,2026-10-12 00:00:00,sot_over_75,56.0,PRO_MEDIUM,
Torino,Udinese,2026-10-12 00:00:00,sot_over_75,55.7,PRO_MEDIUM,
PAOK,Kalamata,2026-10-12 00:00:00,sot_over_75,58.0,PRO_MEDIUM,
Birmingham,Preston,2026-10-13 00:00:00,sot_over_75,56.3,PRO_MEDIUM,
Cardiff,Watford,2026-10-13 00:00:00,sot_over_75,69.3,PRO_MEDIUM,
Wolves,Bolton,2026-10-13 00:00:00,sot_over_75,61.2,PRO_MEDIUM,
Norwich,Southampton,2026-10-14 00:00:00,sot_over_75,64.4,PRO_MEDIUM,
QPR,Derby,2026-10-14 00:00:00,sot_over_75,61.4,PRO_MEDIUM,
Lincoln,West Ham,2026-10-14 00:00:00,sot_over_75,61.2,PRO_MEDIUM,
Le Mans,Toulouse,2026-10-16 00:00:00,sot_over_75,66.8,PRO_MEDIUM,
La Coruna,Levante,2026-10-16 00:00:00,sot_over_75,60.7,PRO_MEDIUM,
Corum,Rizespor,2026-10-16 00:00:00,sot_over_75,72.9,PRO_MEDIUM,
Frosinone,Sassuolo,2026-10-16 00:00:00,sot_over_75,65.2,PRO_MEDIUM,
Ein Frankfurt,Fc Koln,2026-10-16 00:00:00,sot_over_75,80.2,PRO_STRONG,
Roma,Genoa,2026-10-17 00:00:00,sot_over_75,65.4,PRO_MEDIUM,
Troyes,Lens,2026-10-17 00:00:00,sot_over_75,71.4,PRO_MEDIUM,
Schalke 04,Mainz,2026-10-17 00:00:00,sot_over_75,80.9,PRO_STRONG,
Telstar,Feyenoord,2026-10-17 00:00:00,sot_over_75,83.1,PRO_STRONG,
Everton,Chelsea,2026-10-17 00:00:00,sot_over_75,63.5,PRO_MEDIUM,
Espanol,Ath Madrid,2026-10-17 00:00:00,sot_over_75,69.3,PRO_MEDIUM,
Amedspor,Konyaspor,2026-10-17 00:00:00,sot_over_75,64.3,PRO_MEDIUM,
Atromitos,AEK Athens,2026-10-17 00:00:00,sot_over_75,59.3,PRO_MEDIUM,
Brentford,Liverpool,2026-10-17 00:00:00,sot_over_75,66.5,PRO_MEDIUM,
Newcastle,Aston Villa,2026-10-17 00:00:00,sot_over_75,65.5,PRO_MEDIUM,
Lille,Brest,2026-10-17 00:00:00,sot_over_75,61.1,PRO_MEDIUM,
Hamburg,Stuttgart,2026-10-17 00:00:00,sot_over_75,84.8,PRO_STRONG,
Venezia,Napoli,2026-10-17 00:00:00,sot_over_75,63.9,PRO_MEDIUM,
Betis,Barcelona,2026-10-17 00:00:00,sot_over_75,82.0,PRO_STRONG,
Den Haag,PSV,2026-10-17 00:00:00,sot_over_75,85.1,PRO_STRONG,
St Johnstone,Dundee United,2026-10-17 00:00:00,sot_over_75,63.5,PRO_MEDIUM,
Bologna,Inter,2026-10-17 00:00:00,sot_over_75,62.6,PRO_MEDIUM,
Kilmarnock,Motherwell,2026-10-17 00:00:00,sot_over_75,66.5,PRO_MEDIUM,
Bayern Munich,Rb Leipzig,2026-10-17 00:00:00,sot_over_75,92.4,PRO_STRONG,
Middlesbrough,Cardiff,2026-10-17 00:00:00,sot_over_75,69.7,PRO_MEDIUM,
Birmingham,QPR,2026-10-17 00:00:00,sot_over_75,55.3,PRO_MEDIUM,
Nottingham,Arsenal,2026-10-18 00:00:00,sot_over_75,55.6,PRO_MEDIUM,
Fiorentina,Como,2026-10-18 00:00:00,sot_over_75,67.2,PRO_MEDIUM,
Groningen,Ajax,2026-10-18 00:00:00,sot_over_75,79.8,PRO_STRONG,
Kasimpasa,Samsunspor,2026-10-18 00:00:00,sot_over_75,56.3,PRO_MEDIUM,
Osasuna,Racing Santander,2026-10-18 00:00:00,sot_over_75,67.0,PRO_MEDIUM,
Brighton,Crystal Palace,2026-10-18 00:00:00,sot_over_75,67.7,PRO_MEDIUM,
Le Havre,Auxerre,2026-10-18 00:00:00,sot_over_75,63.3,PRO_MEDIUM,
Basaksehir,Gaziantep,2026-10-18 00:00:00,sot_over_75,65.7,PRO_MEDIUM,
M'Gladbach,Hoffenheim,2026-10-18 00:00:00,sot_over_75,82.8,PRO_STRONG,
Nijmegen,For Sittard,2026-10-18 00:00:00,sot_over_75,81.6,PRO_STRONG,
Kalamata,Ofi Crete,2026-10-18 00:00:00,sot_over_75,55.6,PRO_MEDIUM,
Panathinaikos,Asteras Tripolis,2026-10-18 00:00:00,sot_over_75,64.3,PRO_MEDIUM,
Kifisia,Aris,2026-10-18 00:00:00,sot_over_75,56.2,PRO_MEDIUM,
Angers,Marseille,2026-10-18 00:00:00,sot_over_75,68.6,PRO_MEDIUM,
Juventus,Lazio,2026-10-18 00:00:00,sot_over_75,70.6,PRO_MEDIUM,
PAOK,Iraklis,2026-10-18 00:00:00,sot_over_75,66.5,PRO_MEDIUM,
Malaga,Sociedad,2026-10-18 00:00:00,sot_over_75,62.6,PRO_MEDIUM,
Panetolikos,Olympiakos,2026-10-18 00:00:00,sot_over_75,57.3,PRO_MEDIUM,
Paris FC,Rennes,2026-10-18 00:00:00,sot_over_75,64.5,PRO_MEDIUM,
Lyon,Nice,2026-10-18 00:00:00,sot_over_75,69.7,PRO_MEDIUM,
Udinese,Lecce,2026-10-18 00:00:00,sot_over_75,61.8,PRO_MEDIUM,
Celtic,Hearts,2026-10-18 00:00:00,sot_over_75,70.6,PRO_MEDIUM,
Cambuur,Az Alkmaar,2026-10-18 00:00:00,sot_over_75,82.3,PRO_STRONG,
Leeds,Man United,2026-10-18 00:00:00,sot_over_75,63.7,PRO_MEDIUM,
Milan,Atalanta,2026-10-18 00:00:00,sot_over_75,62.4,PRO_MEDIUM,
Real Madrid,Sevilla,2026-10-18 00:00:00,sot_over_75,71.0,PRO_MEDIUM,
Twente,Utrecht,2026-10-18 00:00:00,sot_over_75,84.7,PRO_STRONG,
Leverkusen,Freiburg,2026-10-18 00:00:00,sot_over_75,83.4,PRO_STRONG,
Trabzonspor,Besiktas,2026-10-19 00:00:00,sot_over_75,71.7,PRO_MEDIUM,
Tottenham,Coventry,2026-10-19 00:00:00,sot_over_75,55.6,PRO_MEDIUM,
Monza,Cagliari,2026-10-19 00:00:00,sot_over_75,59.0,PRO_MEDIUM,
Levante,Ath Bilbao,2026-10-21 00:00:00,sot_over_75,58.0,PRO_MEDIUM,
Brest,Nice,2026-10-23 00:00:00,sot_over_75,57.2,PRO_MEDIUM,
Alaves,Malaga,2026-10-23 00:00:00,sot_over_75,55.6,PRO_MEDIUM,
Guimaraes,Maritimo,2026-10-23 00:00:00,sot_over_75,57.9,PRO_MEDIUM,
Torino,Monza,2026-10-23 00:00:00,sot_over_75,59.5,PRO_MEDIUM,
Bolton,Middlesbrough,2026-10-23 00:00:00,sot_over_75,62.6,PRO_MEDIUM,
Ipswich,Nottingham,2026-10-23 00:00:00,sot_over_75,61.9,PRO_MEDIUM,
Go Ahead Eagles,Telstar,2026-10-23 00:00:00,sot_over_75,83.1,PRO_STRONG,
Stuttgart,M'Gladbach,2026-10-23 00:00:00,sot_over_75,87.1,PRO_STRONG,
Ein Frankfurt,Freiburg,2026-09-19 00:00:00,sot_over_85,62.7,PRO_MEDIUM,
Leverkusen,Rb Leipzig,2026-09-20 00:00:00,sot_over_85,77.6,PRO_STRONG,
Az Alkmaar,Telstar,2026-09-20 00:00:00,sot_over_85,79.1,PRO_STRONG,
La Coruna,Betis,2026-09-20 00:00:00,sot_over_85,60.8,PRO_MEDIUM,
Feyenoord,Utrecht,2026-09-20 00:00:00,sot_over_85,80.4,PRO_STRONG,
Paderborn,Hoffenheim,2026-09-20 00:00:00,sot_over_85,64.4,PRO_MEDIUM,
Fenerbahce,Eyupspor,2026-09-20 00:00:00,sot_over_85,69.5,PRO_MEDIUM,
Nijmegen,Go Ahead Eagles,2026-09-20 00:00:00,sot_over_85,72.8,PRO_MEDIUM,
Man City,Sunderland,2026-09-20 00:00:00,sot_over_85,58.7,PRO_MEDIUM,
Ath Madrid,Real Madrid,2026-09-20 00:00:00,sot_over_85,61.9,PRO_MEDIUM,
Juventus,Atalanta,2026-09-20 00:00:00,sot_over_85,59.5,PRO_MEDIUM,
Marseille,PSG,2026-09-20 00:00:00,sot_over_85,60.1,PRO_MEDIUM,
Twente,PSV,2026-09-20 00:00:00,sot_over_85,74.9,PRO_MEDIUM,
Antwerp,Royale Union SG,2026-09-20 00:00:00,sot_over_85,63.4,PRO_MEDIUM,
Villarreal,Levante,2026-09-20 00:00:00,sot_over_85,64.1,PRO_MEDIUM,
Club Brugge,Genk,2026-09-20 00:00:00,sot_over_85,69.8,PRO_MEDIUM,
Celtic,Rangers,2026-09-20 00:00:00,sot_over_85,64.5,PRO_MEDIUM,
Norwich,Bolton,2026-09-20 00:00:00,sot_over_85,60.5,PRO_MEDIUM,
PSV,Heerenveen,2026-10-09 00:00:00,sot_over_85,84.5,PRO_STRONG,
Dortmund,Werder Bremen,2026-10-09 00:00:00,sot_over_85,62.2,PRO_MEDIUM,
Lens,Lyon,2026-10-09 00:00:00,sot_over_85,57.9,PRO_MEDIUM,
Galatasaray,Kasimpasa,2026-10-09 00:00:00,sot_over_85,64.9,PRO_MEDIUM,
Rangers,Kilmarnock,2026-10-10 00:00:00,sot_over_85,74.8,PRO_MEDIUM,
For Sittard,Twente,2026-10-10 00:00:00,sot_over_85,72.5,PRO_MEDIUM,
Rb Leipzig,Ein Frankfurt,2026-10-10 00:00:00,sot_over_85,77.7,PRO_STRONG,
Go Ahead Eagles,Sparta Rotterdam,2026-10-10 00:00:00,sot_over_85,70.6,PRO_MEDIUM,
Samsunspor,Trabzonspor,2026-10-10 00:00:00,sot_over_85,57.9,PRO_MEDIUM,
Cercle Brugge,Anderlecht,2026-10-10 00:00:00,sot_over_85,59.3,PRO_MEDIUM,
Hoffenheim,Hamburg,2026-10-10 00:00:00,sot_over_85,74.4,PRO_MEDIUM,
Rizespor,Fenerbahce,2026-10-10 00:00:00,sot_over_85,64.2,PRO_MEDIUM,
Monaco,Toulouse,2026-10-10 00:00:00,sot_over_85,57.2,PRO_MEDIUM,
Paderborn,Stuttgart,2026-10-10 00:00:00,sot_over_85,70.5,PRO_MEDIUM,
Mainz,Leverkusen,2026-10-10 00:00:00,sot_over_85,72.8,PRO_MEDIUM,
Genk,Kortrijk,2026-10-10 00:00:00,sot_over_85,56.6,PRO_MEDIUM,
Feyenoord,Az Alkmaar,2026-10-10 00:00:00,sot_over_85,70.6,PRO_MEDIUM,
Real Madrid,Villarreal,2026-10-10 00:00:00,sot_over_85,70.7,PRO_MEDIUM,
Man United,Tottenham,2026-10-10 00:00:00,sot_over_85,57.6,PRO_MEDIUM,
PSG,Le Mans,2026-10-10 00:00:00,sot_over_85,68.2,PRO_MEDIUM,
Ajax,Nijmegen,2026-10-10 00:00:00,sot_over_85,77.0,PRO_STRONG,
Barcelona,Getafe,2026-10-10 00:00:00,sot_over_85,64.4,PRO_MEDIUM,
Augsburg,Bayern Munich,2026-10-10 00:00:00,sot_over_85,82.0,PRO_STRONG,
RAAL La Louviere,Club Brugge,2026-10-10 00:00:00,sot_over_85,60.9,PRO_MEDIUM,
Inter,Parma,2026-10-10 00:00:00,sot_over_85,65.4,PRO_MEDIUM,
Chelsea,Bournemouth,2026-10-10 00:00:00,sot_over_85,56.0,PRO_MEDIUM,
Union Berlin,Elversberg,2026-10-10 00:00:00,sot_over_85,60.1,PRO_MEDIUM,
AEK Athens,Ofi Crete,2026-10-10 00:00:00,sot_over_85,56.9,PRO_MEDIUM,
Liverpool,Man City,2026-10-11 00:00:00,sot_over_85,58.1,PRO_MEDIUM,
Benfica,Guimaraes,2026-10-11 00:00:00,sot_over_85,61.5,PRO_MEDIUM,
Royale Union SG,Leuven,2026-10-11 00:00:00,sot_over_85,70.2,PRO_MEDIUM,
Excelsior,Groningen,2026-10-11 00:00:00,sot_over_85,60.1,PRO_MEDIUM,
Westerlo,Antwerp,2026-10-11 00:00:00,sot_over_85,61.8,PRO_MEDIUM,
Betis,Osasuna,2026-10-11 00:00:00,sot_over_85,58.3,PRO_MEDIUM,
Rennes,Auxerre,2026-10-11 00:00:00,sot_over_85,62.5,PRO_MEDIUM,
Fc Koln,M'Gladbach,2026-10-11 00:00:00,sot_over_85,71.5,PRO_MEDIUM,
Motherwell,Celtic,2026-10-11 00:00:00,sot_over_85,63.0,PRO_MEDIUM,
Freiburg,Schalke 04,2026-10-11 00:00:00,sot_over_85,65.7,PRO_MEDIUM,
Telstar,Den Haag,2026-10-11 00:00:00,sot_over_85,57.5,PRO_MEDIUM,
Utrecht,Willem Ii,2026-10-11 00:00:00,sot_over_85,70.0,PRO_MEDIUM,
Atalanta,Venezia,2026-10-12 00:00:00,sot_over_85,59.2,PRO_MEDIUM,
Cardiff,Watford,2026-10-13 00:00:00,sot_over_85,56.8,PRO_MEDIUM,
Heerenveen,Excelsior,2026-10-16 00:00:00,sot_over_85,63.4,PRO_MEDIUM,
Corum,Rizespor,2026-10-16 00:00:00,sot_over_85,60.9,PRO_MEDIUM,
Ein Frankfurt,Fc Koln,2026-10-16 00:00:00,sot_over_85,69.9,PRO_MEDIUM,
Troyes,Lens,2026-10-17 00:00:00,sot_over_85,59.1,PRO_MEDIUM,
Schalke 04,Mainz,2026-10-17 00:00:00,sot_over_85,70.8,PRO_MEDIUM,
Strasbourg,PSG,2026-10-17 00:00:00,sot_over_85,65.0,PRO_MEDIUM,
Telstar,Feyenoord,2026-10-17 00:00:00,sot_over_85,73.6,PRO_MEDIUM,
Elversberg,Augsburg,2026-10-17 00:00:00,sot_over_85,66.2,PRO_MEDIUM,
Espanol,Ath Madrid,2026-10-17 00:00:00,sot_over_85,56.7,PRO_MEDIUM,
Sparta Rotterdam,Willem Ii,2026-10-17 00:00:00,sot_over_85,61.1,PRO_MEDIUM,
Villarreal,Elche,2026-10-17 00:00:00,sot_over_85,61.6,PRO_MEDIUM,
Man City,Ipswich,2026-10-17 00:00:00,sot_over_85,63.8,PRO_MEDIUM,
Hamburg,Stuttgart,2026-10-17 00:00:00,sot_over_85,75.9,PRO_STRONG,
Fenerbahce,Alanyaspor,2026-10-17 00:00:00,sot_over_85,67.7,PRO_MEDIUM,
Union Berlin,Dortmund,2026-10-17 00:00:00,sot_over_85,64.6,PRO_MEDIUM,
Betis,Barcelona,2026-10-17 00:00:00,sot_over_85,72.2,PRO_MEDIUM,
Den Haag,PSV,2026-10-17 00:00:00,sot_over_85,76.3,PRO_STRONG,
Werder Bremen,Paderborn,2026-10-17 00:00:00,sot_over_85,61.2,PRO_MEDIUM,
Dundee,Rangers,2026-10-17 00:00:00,sot_over_85,63.7,PRO_MEDIUM,
Bayern Munich,Rb Leipzig,2026-10-17 00:00:00,sot_over_85,86.8,PRO_STRONG,
Middlesbrough,Cardiff,2026-10-17 00:00:00,sot_over_85,57.2,PRO_MEDIUM,
Genclerbirligi,Galatasaray,2026-10-17 00:00:00,sot_over_85,64.5,PRO_MEDIUM,
Zwolle,Go Ahead Eagles,2026-10-18 00:00:00,sot_over_85,67.9,PRO_MEDIUM,
Groningen,Ajax,2026-10-18 00:00:00,sot_over_85,69.3,PRO_MEDIUM,
Brighton,Crystal Palace,2026-10-18 00:00:00,sot_over_85,55.0,PRO_MEDIUM,
M'Gladbach,Hoffenheim,2026-10-18 00:00:00,sot_over_85,73.3,PRO_MEDIUM,
Nijmegen,For Sittard,2026-10-18 00:00:00,sot_over_85,71.6,PRO_MEDIUM,
Angers,Marseille,2026-10-18 00:00:00,sot_over_85,55.9,PRO_MEDIUM,
Juventus,Lazio,2026-10-18 00:00:00,sot_over_85,58.2,PRO_MEDIUM,
Lyon,Nice,2026-10-18 00:00:00,sot_over_85,57.2,PRO_MEDIUM,
Celtic,Hearts,2026-10-18 00:00:00,sot_over_85,58.3,PRO_MEDIUM,
Cambuur,Az Alkmaar,2026-10-18 00:00:00,sot_over_85,72.7,PRO_MEDIUM,
Real Madrid,Sevilla,2026-10-18 00:00:00,sot_over_85,58.8,PRO_MEDIUM,
Twente,Utrecht,2026-10-18 00:00:00,sot_over_85,75.7,PRO_STRONG,
Leverkusen,Freiburg,2026-10-18 00:00:00,sot_over_85,74.0,PRO_MEDIUM,
Trabzonspor,Besiktas,2026-10-19 00:00:00,sot_over_85,59.5,PRO_MEDIUM,
Go Ahead Eagles,Telstar,2026-10-23 00:00:00,sot_over_85,73.7,PRO_MEDIUM,
Stuttgart,M'Gladbach,2026-10-23 00:00:00,sot_over_85,79.0,PRO_STRONG,
Leverkusen,Rb Leipzig,2026-09-20 00:00:00,sot_over_95,66.6,PRO_MEDIUM,
Az Alkmaar,Telstar,2026-09-20 00:00:00,sot_over_95,68.4,PRO_MEDIUM,
Feyenoord,Utrecht,2026-09-20 00:00:00,sot_over_95,70.0,PRO_MEDIUM,
Fenerbahce,Eyupspor,2026-09-20 00:00:00,sot_over_95,57.0,PRO_MEDIUM,
Nijmegen,Go Ahead Eagles,2026-09-20 00:00:00,sot_over_95,60.9,PRO_MEDIUM,
Twente,PSV,2026-09-20 00:00:00,sot_over_95,63.3,PRO_MEDIUM,
Club Brugge,Genk,2026-09-20 00:00:00,sot_over_95,57.4,PRO_MEDIUM,
PSV,Heerenveen,2026-10-09 00:00:00,sot_over_95,75.4,PRO_STRONG,
Rangers,Kilmarnock,2026-10-10 00:00:00,sot_over_95,63.1,PRO_MEDIUM,
For Sittard,Twente,2026-10-10 00:00:00,sot_over_95,60.4,PRO_MEDIUM,
Rb Leipzig,Ein Frankfurt,2026-10-10 00:00:00,sot_over_95,66.7,PRO_MEDIUM,
Go Ahead Eagles,Sparta Rotterdam,2026-10-10 00:00:00,sot_over_95,58.3,PRO_MEDIUM,
Hoffenheim,Hamburg,2026-10-10 00:00:00,sot_over_95,62.7,PRO_MEDIUM,
Paderborn,Stuttgart,2026-10-10 00:00:00,sot_over_95,58.2,PRO_MEDIUM,
Mainz,Leverkusen,2026-10-10 00:00:00,sot_over_95,60.8,PRO_MEDIUM,
Feyenoord,Az Alkmaar,2026-10-10 00:00:00,sot_over_95,58.3,PRO_MEDIUM,
Real Madrid,Villarreal,2026-10-10 00:00:00,sot_over_95,58.4,PRO_MEDIUM,
PSG,Le Mans,2026-10-10 00:00:00,sot_over_95,55.6,PRO_MEDIUM,
Ajax,Nijmegen,2026-10-10 00:00:00,sot_over_95,65.8,PRO_MEDIUM,
Augsburg,Bayern Munich,2026-10-10 00:00:00,sot_over_95,72.1,PRO_MEDIUM,
Royale Union SG,Leuven,2026-10-11 00:00:00,sot_over_95,57.8,PRO_MEDIUM,
Fc Koln,M'Gladbach,2026-10-11 00:00:00,sot_over_95,59.3,PRO_MEDIUM,
Utrecht,Willem Ii,2026-10-11 00:00:00,sot_over_95,57.6,PRO_MEDIUM,
Ein Frankfurt,Fc Koln,2026-10-16 00:00:00,sot_over_95,57.5,PRO_MEDIUM,
Schalke 04,Mainz,2026-10-17 00:00:00,sot_over_95,58.5,PRO_MEDIUM,
Telstar,Feyenoord,2026-10-17 00:00:00,sot_over_95,61.8,PRO_MEDIUM,
Hamburg,Stuttgart,2026-10-17 00:00:00,sot_over_95,64.4,PRO_MEDIUM,
Fenerbahce,Alanyaspor,2026-10-17 00:00:00,sot_over_95,55.0,PRO_MEDIUM,
Betis,Barcelona,2026-10-17 00:00:00,sot_over_95,60.1,PRO_MEDIUM,
Den Haag,PSV,2026-10-17 00:00:00,sot_over_95,65.0,PRO_MEDIUM,
Bayern Munich,Rb Leipzig,2026-10-17 00:00:00,sot_over_95,78.5,PRO_STRONG,
Zwolle,Go Ahead Eagles,2026-10-18 00:00:00,sot_over_95,55.3,PRO_MEDIUM,
Groningen,Ajax,2026-10-18 00:00:00,sot_over_95,56.8,PRO_MEDIUM,
M'Gladbach,Hoffenheim,2026-10-18 00:00:00,sot_over_95,61.3,PRO_MEDIUM,
Nijmegen,For Sittard,2026-10-18 00:00:00,sot_over_95,59.5,PRO_MEDIUM,
Cambuur,Az Alkmaar,2026-10-18 00:00:00,sot_over_95,60.6,PRO_MEDIUM,
Twente,Utrecht,2026-10-18 00:00:00,sot_over_95,64.3,PRO_MEDIUM,
Leverkusen,Freiburg,2026-10-18 00:00:00,sot_over_95,62.2,PRO_MEDIUM,
Go Ahead Eagles,Telstar,2026-10-23 00:00:00,sot_over_95,61.9,PRO_MEDIUM,
Stuttgart,M'Gladbach,2026-10-23 00:00:00,sot_over_95,68.3,PRO_MEDIUM,
Panetolikos,PAOK,2026-09-20 00:00:00,corners_under_85,55.8,PRO_MEDIUM,
Genoa,Fiorentina,2026-10-10 00:00:00,corners_under_85,56.2,PRO_MEDIUM,
Kifisia,Panetolikos,2026-10-11 00:00:00,corners_under_85,57.6,PRO_MEDIUM,
Atromitos,AEK Athens,2026-10-17 00:00:00,corners_under_85,56.6,PRO_MEDIUM,
Panetolikos,Olympiakos,2026-10-18 00:00:00,corners_under_85,57.2,PRO_MEDIUM,
Alanyaspor,Kocaelispor,2026-10-23 00:00:00,corners_under_85,55.8,PRO_MEDIUM,
Aris,Iraklis,2026-09-19 00:00:00,corners_under_95,60.2,PRO_MEDIUM,
Ofi Crete,Asteras Tripolis,2026-09-20 00:00:00,corners_under_95,60.9,PRO_MEDIUM,
Levadeiakos,Olympiakos,2026-09-20 00:00:00,corners_under_95,62.5,PRO_MEDIUM,
Santa Clara,Sp Braga,2026-09-20 00:00:00,corners_under_95,60.7,PRO_MEDIUM,
Guimaraes,Moreirense,2026-09-20 00:00:00,corners_under_95,58.9,PRO_MEDIUM,
Valencia,Sociedad,2026-09-20 00:00:00,corners_under_95,57.1,PRO_MEDIUM,
Fiorentina,Napoli,2026-09-20 00:00:00,corners_under_95,62.2,PRO_MEDIUM,
Amedspor,Besiktas,2026-09-20 00:00:00,corners_under_95,55.7,PRO_MEDIUM,
Nice,Lille,2026-09-20 00:00:00,corners_under_95,57.4,PRO_MEDIUM,
Getafe,Malaga,2026-09-20 00:00:00,corners_under_95,59.3,PRO_MEDIUM,
Juventus,Atalanta,2026-09-20 00:00:00,corners_under_95,55.4,PRO_MEDIUM,
Parma,Genoa,2026-09-20 00:00:00,corners_under_95,60.8,PRO_MEDIUM,
Marseille,PSG,2026-09-20 00:00:00,corners_under_95,58.3,PRO_MEDIUM,
Milan,Lecce,2026-09-20 00:00:00,corners_under_95,62.4,PRO_MEDIUM,
Panetolikos,PAOK,2026-09-20 00:00:00,corners_under_95,65.7,PRO_MEDIUM,
Erzurum Bb,Samsunspor,2026-09-20 00:00:00,corners_under_95,61.3,PRO_MEDIUM,
Volos Nfc,AEK Athens,2026-09-20 00:00:00,corners_under_95,64.9,PRO_MEDIUM,
Kalamata,Panathinaikos,2026-09-20 00:00:00,corners_under_95,58.6,PRO_MEDIUM,
Malaga,Espanol,2026-10-09 00:00:00,corners_under_95,57.4,PRO_MEDIUM,
Moreirense,Gil Vicente,2026-10-09 00:00:00,corners_under_95,64.4,PRO_MEDIUM,
Sp Braga,Sporting CP,2026-10-09 00:00:00,corners_under_95,61.9,PRO_MEDIUM,
Galatasaray,Kasimpasa,2026-10-09 00:00:00,corners_under_95,55.2,PRO_MEDIUM,
Lille,Le Havre,2026-10-10 00:00:00,corners_under_95,59.3,PRO_MEDIUM,
Genoa,Fiorentina,2026-10-10 00:00:00,corners_under_95,66.0,PRO_MEDIUM,
Alanyaspor,Erzurum Bb,2026-10-10 00:00:00,corners_under_95,59.9,PRO_MEDIUM,
Genclerbirligi,Amedspor,2026-10-10 00:00:00,corners_under_95,59.5,PRO_MEDIUM,
Lorient,Paris FC,2026-10-10 00:00:00,corners_under_95,59.7,PRO_MEDIUM,
Asteras Tripolis,Atromitos,2026-10-10 00:00:00,corners_under_95,59.4,PRO_MEDIUM,
AEK Athens,Ofi Crete,2026-10-10 00:00:00,corners_under_95,61.9,PRO_MEDIUM,
Elche,Celta,2026-10-11 00:00:00,corners_under_95,63.8,PRO_MEDIUM,
Lecce,Bologna,2026-10-11 00:00:00,corners_under_95,62.5,PRO_MEDIUM,
Besiktas,Kocaelispor,2026-10-11 00:00:00,corners_under_95,56.9,PRO_MEDIUM,
Lazio,Monza,2026-10-11 00:00:00,corners_under_95,60.6,PRO_MEDIUM,
Konyaspor,Basaksehir,2026-10-11 00:00:00,corners_under_95,63.5,PRO_MEDIUM,
Arouca,Estrela,2026-10-11 00:00:00,corners_under_95,60.2,PRO_MEDIUM,
Aris,Volos Nfc,2026-10-11 00:00:00,corners_under_95,60.3,PRO_MEDIUM,
Kifisia,Panetolikos,2026-10-11 00:00:00,corners_under_95,67.1,PRO_MEDIUM,
Betis,Osasuna,2026-10-11 00:00:00,corners_under_95,56.4,PRO_MEDIUM,
Sassuolo,Milan,2026-10-11 00:00:00,corners_under_95,58.0,PRO_MEDIUM,
Mechelen,St Truiden,2026-10-11 00:00:00,corners_under_95,56.3,PRO_MEDIUM,
Como,Roma,2026-10-11 00:00:00,corners_under_95,59.3,PRO_MEDIUM,
Iraklis,Levadeiakos,2026-10-11 00:00:00,corners_under_95,58.6,PRO_MEDIUM,
Olympiakos,Panathinaikos,2026-10-11 00:00:00,corners_under_95,64.5,PRO_MEDIUM,
Cagliari,Juventus,2026-10-11 00:00:00,corners_under_95,55.0,PRO_MEDIUM,
Levante,Sevilla,2026-10-12 00:00:00,corners_under_95,61.6,PRO_MEDIUM,
Eyupspor,Goztep,2026-10-12 00:00:00,corners_under_95,59.4,PRO_MEDIUM,
Famalicao,Alverca,2026-10-12 00:00:00,corners_under_95,56.1,PRO_MEDIUM,
Torino,Udinese,2026-10-12 00:00:00,corners_under_95,57.2,PRO_MEDIUM,
PAOK,Kalamata,2026-10-12 00:00:00,corners_under_95,55.2,PRO_MEDIUM,
Wrexham,West Brom,2026-10-13 00:00:00,corners_under_95,57.2,PRO_MEDIUM,
Le Mans,Toulouse,2026-10-16 00:00:00,corners_under_95,59.3,PRO_MEDIUM,
Erzurum Bb,Eyupspor,2026-10-17 00:00:00,corners_under_95,61.5,PRO_MEDIUM,
Roma,Genoa,2026-10-17 00:00:00,corners_under_95,55.9,PRO_MEDIUM,
Strasbourg,PSG,2026-10-17 00:00:00,corners_under_95,58.1,PRO_MEDIUM,
Espanol,Ath Madrid,2026-10-17 00:00:00,corners_under_95,55.8,PRO_MEDIUM,
Amedspor,Konyaspor,2026-10-17 00:00:00,corners_under_95,61.9,PRO_MEDIUM,
Atromitos,AEK Athens,2026-10-17 00:00:00,corners_under_95,66.3,PRO_MEDIUM,
Lille,Brest,2026-10-17 00:00:00,corners_under_95,60.8,PRO_MEDIUM,
Levadeiakos,Volos Nfc,2026-10-17 00:00:00,corners_under_95,62.7,PRO_MEDIUM,
Venezia,Napoli,2026-10-17 00:00:00,corners_under_95,55.9,PRO_MEDIUM,
Bologna,Inter,2026-10-17 00:00:00,corners_under_95,58.2,PRO_MEDIUM,
Valencia,Ath Bilbao,2026-10-17 00:00:00,corners_under_95,59.6,PRO_MEDIUM,
Genclerbirligi,Galatasaray,2026-10-17 00:00:00,corners_under_95,57.2,PRO_MEDIUM,
Nottingham,Arsenal,2026-10-18 00:00:00,corners_under_95,61.1,PRO_MEDIUM,
Fiorentina,Como,2026-10-18 00:00:00,corners_under_95,63.5,PRO_MEDIUM,
Kasimpasa,Samsunspor,2026-10-18 00:00:00,corners_under_95,58.9,PRO_MEDIUM,
Basaksehir,Gaziantep,2026-10-18 00:00:00,corners_under_95,56.6,PRO_MEDIUM,
Kalamata,Ofi Crete,2026-10-18 00:00:00,corners_under_95,58.8,PRO_MEDIUM,
Panathinaikos,Asteras Tripolis,2026-10-18 00:00:00,corners_under_95,59.0,PRO_MEDIUM,
Kifisia,Aris,2026-10-18 00:00:00,corners_under_95,64.2,PRO_MEDIUM,
Angers,Marseille,2026-10-18 00:00:00,corners_under_95,55.7,PRO_MEDIUM,
PAOK,Iraklis,2026-10-18 00:00:00,corners_under_95,58.9,PRO_MEDIUM,
Panetolikos,Olympiakos,2026-10-18 00:00:00,corners_under_95,66.8,PRO_MEDIUM,
Kocaelispor,Goztep,2026-10-18 00:00:00,corners_under_95,62.9,PRO_MEDIUM,
Lorient,Monaco,2026-10-18 00:00:00,corners_under_95,58.0,PRO_MEDIUM,
Udinese,Lecce,2026-10-18 00:00:00,corners_under_95,55.0,PRO_MEDIUM,
Celta,Alaves,2026-10-18 00:00:00,corners_under_95,62.0,PRO_MEDIUM,
Milan,Atalanta,2026-10-18 00:00:00,corners_under_95,64.9,PRO_MEDIUM,
Real Madrid,Sevilla,2026-10-18 00:00:00,corners_under_95,59.2,PRO_MEDIUM,
Parma,Torino,2026-10-19 00:00:00,corners_under_95,60.0,PRO_MEDIUM,
Monza,Cagliari,2026-10-19 00:00:00,corners_under_95,56.1,PRO_MEDIUM,
Getafe,Vallecano,2026-10-19 00:00:00,corners_under_95,58.1,PRO_MEDIUM,
Levante,Ath Bilbao,2026-10-21 00:00:00,corners_under_95,56.8,PRO_MEDIUM,
Brest,Nice,2026-10-23 00:00:00,corners_under_95,57.0,PRO_MEDIUM,
Alanyaspor,Kocaelispor,2026-10-23 00:00:00,corners_under_95,65.7,PRO_MEDIUM,
Guimaraes,Maritimo,2026-10-23 00:00:00,corners_under_95,55.5,PRO_MEDIUM,
Torino,Monza,2026-10-23 00:00:00,corners_under_95,59.2,PRO_MEDIUM,
Levante,Ath Bilbao,2026-09-16 00:00:00,corners_under_105,64.8,PRO_MEDIUM,
Aris,Iraklis,2026-09-19 00:00:00,corners_under_105,71.6,PRO_MEDIUM,
Leuven,RAAL La Louviere,2026-09-19 00:00:00,corners_under_105,55.6,PRO_MEDIUM,
Ein Frankfurt,Freiburg,2026-09-19 00:00:00,corners_under_105,64.2,PRO_MEDIUM,
Newcastle,Hull,2026-09-19 00:00:00,corners_under_105,60.3,PRO_MEDIUM,
St Johnstone,Falkirk,2026-09-19 00:00:00,corners_under_105,55.7,PRO_MEDIUM,
Leverkusen,Rb Leipzig,2026-09-20 00:00:00,corners_under_105,60.1,PRO_MEDIUM,
Ofi Crete,Asteras Tripolis,2026-09-20 00:00:00,corners_under_105,72.3,PRO_MEDIUM,
La Coruna,Betis,2026-09-20 00:00:00,corners_under_105,58.9,PRO_MEDIUM,
Porto,Benfica,2026-09-20 00:00:00,corners_under_105,61.8,PRO_MEDIUM,
Levadeiakos,Olympiakos,2026-09-20 00:00:00,corners_under_105,73.7,PRO_MEDIUM,
Paderborn,Hoffenheim,2026-09-20 00:00:00,corners_under_105,56.0,PRO_MEDIUM,
Fenerbahce,Eyupspor,2026-09-20 00:00:00,corners_under_105,56.7,PRO_MEDIUM,
Auxerre,Brest,2026-09-20 00:00:00,corners_under_105,65.0,PRO_MEDIUM,
Santa Clara,Sp Braga,2026-09-20 00:00:00,corners_under_105,72.0,PRO_MEDIUM,
Guimaraes,Moreirense,2026-09-20 00:00:00,corners_under_105,70.4,PRO_MEDIUM,
Valencia,Sociedad,2026-09-20 00:00:00,corners_under_105,68.6,PRO_MEDIUM,
Fiorentina,Napoli,2026-09-20 00:00:00,corners_under_105,73.4,PRO_MEDIUM,
St Truiden,Westerlo,2026-09-20 00:00:00,corners_under_105,59.2,PRO_MEDIUM,
Man City,Sunderland,2026-09-20 00:00:00,corners_under_105,55.6,PRO_MEDIUM,
Amedspor,Besiktas,2026-09-20 00:00:00,corners_under_105,67.4,PRO_MEDIUM,
Frosinone,Como,2026-09-20 00:00:00,corners_under_105,63.4,PRO_MEDIUM,
Ath Madrid,Real Madrid,2026-09-20 00:00:00,corners_under_105,59.1,PRO_MEDIUM,
Goztep,Rizespor,2026-09-20 00:00:00,corners_under_105,65.2,PRO_MEDIUM,
Estoril,Casa Pia,2026-09-20 00:00:00,corners_under_105,63.5,PRO_MEDIUM,
Nice,Lille,2026-09-20 00:00:00,corners_under_105,69.0,PRO_MEDIUM,
Wolves,West Brom,2026-09-20 00:00:00,corners_under_105,64.7,PRO_MEDIUM,
Bournemouth,Liverpool,2026-09-20 00:00:00,corners_under_105,56.8,PRO_MEDIUM,
Getafe,Malaga,2026-09-20 00:00:00,corners_under_105,70.7,PRO_MEDIUM,
Juventus,Atalanta,2026-09-20 00:00:00,corners_under_105,67.1,PRO_MEDIUM,
Parma,Genoa,2026-09-20 00:00:00,corners_under_105,72.2,PRO_MEDIUM,
Marseille,PSG,2026-09-20 00:00:00,corners_under_105,69.8,PRO_MEDIUM,
Leeds,Crystal Palace,2026-09-20 00:00:00,corners_under_105,57.0,PRO_MEDIUM,
Fulham,Man United,2026-09-20 00:00:00,corners_under_105,56.9,PRO_MEDIUM,
Milan,Lecce,2026-09-20 00:00:00,corners_under_105,73.6,PRO_MEDIUM,
Antwerp,Royale Union SG,2026-09-20 00:00:00,corners_under_105,61.8,PRO_MEDIUM,
Kortrijk,Waasland-Beveren,2026-09-20 00:00:00,corners_under_105,61.7,PRO_MEDIUM,
Panetolikos,PAOK,2026-09-20 00:00:00,corners_under_105,76.6,PRO_STRONG,
Villarreal,Levante,2026-09-20 00:00:00,corners_under_105,55.7,PRO_MEDIUM,
Erzurum Bb,Samsunspor,2026-09-20 00:00:00,corners_under_105,72.7,PRO_MEDIUM,
Volos Nfc,AEK Athens,2026-09-20 00:00:00,corners_under_105,75.9,PRO_STRONG,
Kalamata,Panathinaikos,2026-09-20 00:00:00,corners_under_105,70.1,PRO_MEDIUM,
Norwich,Bolton,2026-09-20 00:00:00,corners_under_105,56.0,PRO_MEDIUM,
Malaga,Espanol,2026-10-09 00:00:00,corners_under_105,68.9,PRO_MEDIUM,
Waasland-Beveren,Lommel SK,2026-10-09 00:00:00,corners_under_105,57.0,PRO_MEDIUM,
Moreirense,Gil Vicente,2026-10-09 00:00:00,corners_under_105,75.4,PRO_STRONG,
Dortmund,Werder Bremen,2026-10-09 00:00:00,corners_under_105,59.9,PRO_MEDIUM,
Sp Braga,Sporting CP,2026-10-09 00:00:00,corners_under_105,73.2,PRO_MEDIUM,
Lens,Lyon,2026-10-09 00:00:00,corners_under_105,56.3,PRO_MEDIUM,
Galatasaray,Kasimpasa,2026-10-09 00:00:00,corners_under_105,66.8,PRO_MEDIUM,
Vallecano,Ath Bilbao,2026-10-10 00:00:00,corners_under_105,61.4,PRO_MEDIUM,
Napoli,Frosinone,2026-10-10 00:00:00,corners_under_105,60.6,PRO_MEDIUM,
For Sittard,Twente,2026-10-10 00:00:00,corners_under_105,59.4,PRO_MEDIUM,
Maritimo,Porto,2026-10-10 00:00:00,corners_under_105,63.0,PRO_MEDIUM,
Rb Leipzig,Ein Frankfurt,2026-10-10 00:00:00,corners_under_105,59.2,PRO_MEDIUM,
Middlesbrough,Wolves,2026-10-10 00:00:00,corners_under_105,60.4,PRO_MEDIUM,
Samsunspor,Trabzonspor,2026-10-10 00:00:00,corners_under_105,66.3,PRO_MEDIUM,
Cercle Brugge,Anderlecht,2026-10-10 00:00:00,corners_under_105,56.6,PRO_MEDIUM,
Rizespor,Fenerbahce,2026-10-10 00:00:00,corners_under_105,64.4,PRO_MEDIUM,
Monaco,Toulouse,2026-10-10 00:00:00,corners_under_105,65.4,PRO_MEDIUM,
Sunderland,Brighton,2026-10-10 00:00:00,corners_under_105,66.6,PRO_MEDIUM,
Paderborn,Stuttgart,2026-10-10 00:00:00,corners_under_105,58.6,PRO_MEDIUM,
Derby,Wrexham,2026-10-10 00:00:00,corners_under_105,63.1,PRO_MEDIUM,
Mainz,Leverkusen,2026-10-10 00:00:00,corners_under_105,60.9,PRO_MEDIUM,
Waregem,Gent,2026-10-10 00:00:00,corners_under_105,62.4,PRO_MEDIUM,
Genk,Kortrijk,2026-10-10 00:00:00,corners_under_105,58.3,PRO_MEDIUM,
Charlton,Bristol City,2026-10-10 00:00:00,corners_under_105,59.1,PRO_MEDIUM,
Real Madrid,Villarreal,2026-10-10 00:00:00,corners_under_105,56.3,PRO_MEDIUM,
Blackburn,Cardiff,2026-10-10 00:00:00,corners_under_105,56.9,PRO_MEDIUM,
Bolton,Stoke,2026-10-10 00:00:00,corners_under_105,57.6,PRO_MEDIUM,
Alaves,Ath Madrid,2026-10-10 00:00:00,corners_under_105,63.3,PRO_MEDIUM,
PSG,Le Mans,2026-10-10 00:00:00,corners_under_105,66.1,PRO_MEDIUM,
Ajax,Nijmegen,2026-10-10 00:00:00,corners_under_105,55.1,PRO_MEDIUM,
Ipswich,Fulham,2026-10-10 00:00:00,corners_under_105,62.1,PRO_MEDIUM,
Barcelona,Getafe,2026-10-10 00:00:00,corners_under_105,65.2,PRO_MEDIUM,
Augsburg,Bayern Munich,2026-10-10 00:00:00,corners_under_105,55.2,PRO_MEDIUM,
Falkirk,Dundee,2026-10-10 00:00:00,corners_under_105,56.3,PRO_MEDIUM,
Lille,Le Havre,2026-10-10 00:00:00,corners_under_105,70.8,PRO_MEDIUM,
Arsenal,Leeds,2026-10-10 00:00:00,corners_under_105,63.3,PRO_MEDIUM,
Genoa,Fiorentina,2026-10-10 00:00:00,corners_under_105,76.9,PRO_STRONG,
Alanyaspor,Erzurum Bb,2026-10-10 00:00:00,corners_under_105,71.4,PRO_MEDIUM,
Genclerbirligi,Amedspor,2026-10-10 00:00:00,corners_under_105,71.0,PRO_MEDIUM,
Brest,Angers,2026-10-10 00:00:00,corners_under_105,65.8,PRO_MEDIUM,
Casa Pia,Santa Clara,2026-10-10 00:00:00,corners_under_105,63.9,PRO_MEDIUM,
Union Berlin,Elversberg,2026-10-10 00:00:00,corners_under_105,55.7,PRO_MEDIUM,
Watford,Burnley,2026-10-10 00:00:00,corners_under_105,62.0,PRO_MEDIUM,
West Brom,Birmingham,2026-10-10 00:00:00,corners_under_105,61.9,PRO_MEDIUM,
Swansea,Norwich,2026-10-10 00:00:00,corners_under_105,65.1,PRO_MEDIUM,
Lorient,Paris FC,2026-10-10 00:00:00,corners_under_105,71.1,PRO_MEDIUM,
Asteras Tripolis,Atromitos,2026-10-10 00:00:00,corners_under_105,70.9,PRO_MEDIUM,
Aston Villa,Brentford,2026-10-10 00:00:00,corners_under_105,56.1,PRO_MEDIUM,
AEK Athens,Ofi Crete,2026-10-10 00:00:00,corners_under_105,73.2,PRO_MEDIUM,
Elche,Celta,2026-10-11 00:00:00,corners_under_105,75.0,PRO_STRONG,
Lecce,Bologna,2026-10-11 00:00:00,corners_under_105,73.8,PRO_MEDIUM,
Nice,Strasbourg,2026-10-11 00:00:00,corners_under_105,64.1,PRO_MEDIUM,
Gaziantep,Corum,2026-10-11 00:00:00,corners_under_105,66.2,PRO_MEDIUM,
St. Liege,Charleroi,2026-10-11 00:00:00,corners_under_105,55.8,PRO_MEDIUM,
Besiktas,Kocaelispor,2026-10-11 00:00:00,corners_under_105,68.4,PRO_MEDIUM,
Lazio,Monza,2026-10-11 00:00:00,corners_under_105,72.0,PRO_MEDIUM,
Aberdeen,St Johnstone,2026-10-11 00:00:00,corners_under_105,57.0,PRO_MEDIUM,
Konyaspor,Basaksehir,2026-10-11 00:00:00,corners_under_105,74.7,PRO_MEDIUM,
Arouca,Estrela,2026-10-11 00:00:00,corners_under_105,71.6,PRO_MEDIUM,
Crystal Palace,Nottingham,2026-10-11 00:00:00,corners_under_105,64.9,PRO_MEDIUM,
Liverpool,Man City,2026-10-11 00:00:00,corners_under_105,57.3,PRO_MEDIUM,
Aris,Volos Nfc,2026-10-11 00:00:00,corners_under_105,71.7,PRO_MEDIUM,
Benfica,Guimaraes,2026-10-11 00:00:00,corners_under_105,57.8,PRO_MEDIUM,
Troyes,Marseille,2026-10-11 00:00:00,corners_under_105,65.9,PRO_MEDIUM,
Rio Ave,Nacional,2026-10-11 00:00:00,corners_under_105,60.7,PRO_MEDIUM,
Excelsior,Groningen,2026-10-11 00:00:00,corners_under_105,61.5,PRO_MEDIUM,
Kifisia,Panetolikos,2026-10-11 00:00:00,corners_under_105,77.9,PRO_STRONG,
Hull,Everton,2026-10-11 00:00:00,corners_under_105,63.6,PRO_MEDIUM,
Westerlo,Antwerp,2026-10-11 00:00:00,corners_under_105,57.1,PRO_MEDIUM,
Betis,Osasuna,2026-10-11 00:00:00,corners_under_105,68.0,PRO_MEDIUM,
Sassuolo,Milan,2026-10-11 00:00:00,corners_under_105,69.6,PRO_MEDIUM,
Mechelen,St Truiden,2026-10-11 00:00:00,corners_under_105,67.9,PRO_MEDIUM,
Como,Roma,2026-10-11 00:00:00,corners_under_105,70.8,PRO_MEDIUM,
Iraklis,Levadeiakos,2026-10-11 00:00:00,corners_under_105,70.1,PRO_MEDIUM,
Fc Koln,M'Gladbach,2026-10-11 00:00:00,corners_under_105,59.8,PRO_MEDIUM,
Olympiakos,Panathinaikos,2026-10-11 00:00:00,corners_under_105,75.5,PRO_STRONG,
Zwolle,Cambuur,2026-10-11 00:00:00,corners_under_105,55.9,PRO_MEDIUM,
Racing Santander,Valencia,2026-10-11 00:00:00,corners_under_105,55.9,PRO_MEDIUM,
Cagliari,Juventus,2026-10-11 00:00:00,corners_under_105,66.7,PRO_MEDIUM,
Motherwell,Celtic,2026-10-11 00:00:00,corners_under_105,55.3,PRO_MEDIUM,
Freiburg,Schalke 04,2026-10-11 00:00:00,corners_under_105,63.6,PRO_MEDIUM,
Atalanta,Venezia,2026-10-12 00:00:00,corners_under_105,66.1,PRO_MEDIUM,
Coventry,Newcastle,2026-10-12 00:00:00,corners_under_105,65.3,PRO_MEDIUM,
Levante,Sevilla,2026-10-12 00:00:00,corners_under_105,73.0,PRO_MEDIUM,
Eyupspor,Goztep,2026-10-12 00:00:00,corners_under_105,70.9,PRO_MEDIUM,
Famalicao,Alverca,2026-10-12 00:00:00,corners_under_105,67.7,PRO_MEDIUM,
Torino,Udinese,2026-10-12 00:00:00,corners_under_105,68.7,PRO_MEDIUM,
PAOK,Kalamata,2026-10-12 00:00:00,corners_under_105,66.8,PRO_MEDIUM,
Wrexham,West Brom,2026-10-13 00:00:00,corners_under_105,68.8,PRO_MEDIUM,
Birmingham,Preston,2026-10-13 00:00:00,corners_under_105,57.5,PRO_MEDIUM,
Bristol City,Blackburn,2026-10-13 00:00:00,corners_under_105,56.8,PRO_MEDIUM,
Millwall,Swansea,2026-10-13 00:00:00,corners_under_105,57.7,PRO_MEDIUM,
Cardiff,Watford,2026-10-13 00:00:00,corners_under_105,55.9,PRO_MEDIUM,
Wolves,Bolton,2026-10-13 00:00:00,corners_under_105,58.1,PRO_MEDIUM,
Stoke,Middlesbrough,2026-10-13 00:00:00,corners_under_105,60.3,PRO_MEDIUM,
Burnley,Charlton,2026-10-13 00:00:00,corners_under_105,57.0,PRO_MEDIUM,
Norwich,Southampton,2026-10-14 00:00:00,corners_under_105,58.2,PRO_MEDIUM,
QPR,Derby,2026-10-14 00:00:00,corners_under_105,61.3,PRO_MEDIUM,
Heerenveen,Excelsior,2026-10-16 00:00:00,corners_under_105,57.3,PRO_MEDIUM,
Le Mans,Toulouse,2026-10-16 00:00:00,corners_under_105,70.7,PRO_MEDIUM,
Burnley,Wolves,2026-10-16 00:00:00,corners_under_105,62.6,PRO_MEDIUM,
La Coruna,Levante,2026-10-16 00:00:00,corners_under_105,60.5,PRO_MEDIUM,
Corum,Rizespor,2026-10-16 00:00:00,corners_under_105,63.9,PRO_MEDIUM,
Frosinone,Sassuolo,2026-10-16 00:00:00,corners_under_105,55.2,PRO_MEDIUM,
Ein Frankfurt,Fc Koln,2026-10-16 00:00:00,corners_under_105,56.5,PRO_MEDIUM,
Erzurum Bb,Eyupspor,2026-10-17 00:00:00,corners_under_105,72.8,PRO_MEDIUM,
Roma,Genoa,2026-10-17 00:00:00,corners_under_105,67.5,PRO_MEDIUM,
Troyes,Lens,2026-10-17 00:00:00,corners_under_105,59.3,PRO_MEDIUM,
Schalke 04,Mainz,2026-10-17 00:00:00,corners_under_105,55.0,PRO_MEDIUM,
Strasbourg,PSG,2026-10-17 00:00:00,corners_under_105,69.6,PRO_MEDIUM,
Telstar,Feyenoord,2026-10-17 00:00:00,corners_under_105,56.0,PRO_MEDIUM,
Everton,Chelsea,2026-10-17 00:00:00,corners_under_105,58.2,PRO_MEDIUM,
Fulham,Hull,2026-10-17 00:00:00,corners_under_105,63.9,PRO_MEDIUM,
Espanol,Ath Madrid,2026-10-17 00:00:00,corners_under_105,67.4,PRO_MEDIUM,
Amedspor,Konyaspor,2026-10-17 00:00:00,corners_under_105,73.2,PRO_MEDIUM,
Villarreal,Elche,2026-10-17 00:00:00,corners_under_105,61.0,PRO_MEDIUM,
Atromitos,AEK Athens,2026-10-17 00:00:00,corners_under_105,77.1,PRO_STRONG,
Brentford,Liverpool,2026-10-17 00:00:00,corners_under_105,57.7,PRO_MEDIUM,
Newcastle,Aston Villa,2026-10-17 00:00:00,corners_under_105,58.4,PRO_MEDIUM,
Watford,Charlton,2026-10-17 00:00:00,corners_under_105,58.6,PRO_MEDIUM,
Lille,Brest,2026-10-17 00:00:00,corners_under_105,72.1,PRO_MEDIUM,
Derby,Stoke,2026-10-17 00:00:00,corners_under_105,60.6,PRO_MEDIUM,
Hamburg,Stuttgart,2026-10-17 00:00:00,corners_under_105,58.0,PRO_MEDIUM,
Levadeiakos,Volos Nfc,2026-10-17 00:00:00,corners_under_105,74.0,PRO_MEDIUM,
Fenerbahce,Alanyaspor,2026-10-17 00:00:00,corners_under_105,65.9,PRO_MEDIUM,
Venezia,Napoli,2026-10-17 00:00:00,corners_under_105,67.5,PRO_MEDIUM,
Union Berlin,Dortmund,2026-10-17 00:00:00,corners_under_105,66.2,PRO_MEDIUM,
Betis,Barcelona,2026-10-17 00:00:00,corners_under_105,61.9,PRO_MEDIUM,
Wrexham,Preston,2026-10-17 00:00:00,corners_under_105,63.2,PRO_MEDIUM,
Den Haag,PSV,2026-10-17 00:00:00,corners_under_105,56.9,PRO_MEDIUM,
West Brom,Blackburn,2026-10-17 00:00:00,corners_under_105,61.1,PRO_MEDIUM,
Werder Bremen,Paderborn,2026-10-17 00:00:00,corners_under_105,60.9,PRO_MEDIUM,
Bologna,Inter,2026-10-17 00:00:00,corners_under_105,69.7,PRO_MEDIUM,
Kilmarnock,Motherwell,2026-10-17 00:00:00,corners_under_105,55.6,PRO_MEDIUM,
Bristol City,Sheffield United,2026-10-17 00:00:00,corners_under_105,57.9,PRO_MEDIUM,
Bayern Munich,Rb Leipzig,2026-10-17 00:00:00,corners_under_105,56.9,PRO_MEDIUM,
Valencia,Ath Bilbao,2026-10-17 00:00:00,corners_under_105,71.1,PRO_MEDIUM,
Genclerbirligi,Galatasaray,2026-10-17 00:00:00,corners_under_105,68.8,PRO_MEDIUM,
Birmingham,QPR,2026-10-17 00:00:00,corners_under_105,60.8,PRO_MEDIUM,
Nottingham,Arsenal,2026-10-18 00:00:00,corners_under_105,72.5,PRO_MEDIUM,
Fiorentina,Como,2026-10-18 00:00:00,corners_under_105,74.7,PRO_MEDIUM,
Groningen,Ajax,2026-10-18 00:00:00,corners_under_105,56.9,PRO_MEDIUM,
Kasimpasa,Samsunspor,2026-10-18 00:00:00,corners_under_105,70.4,PRO_MEDIUM,
Osasuna,Racing Santander,2026-10-18 00:00:00,corners_under_105,59.2,PRO_MEDIUM,
Brighton,Crystal Palace,2026-10-18 00:00:00,corners_under_105,56.9,PRO_MEDIUM,
Bournemouth,Sunderland,2026-10-18 00:00:00,corners_under_105,63.5,PRO_MEDIUM,
Le Havre,Auxerre,2026-10-18 00:00:00,corners_under_105,61.0,PRO_MEDIUM,
Basaksehir,Gaziantep,2026-10-18 00:00:00,corners_under_105,68.2,PRO_MEDIUM,
M'Gladbach,Hoffenheim,2026-10-18 00:00:00,corners_under_105,61.7,PRO_MEDIUM,
Kalamata,Ofi Crete,2026-10-18 00:00:00,corners_under_105,70.3,PRO_MEDIUM,
Panathinaikos,Asteras Tripolis,2026-10-18 00:00:00,corners_under_105,70.5,PRO_MEDIUM,
Kifisia,Aris,2026-10-18 00:00:00,corners_under_105,75.3,PRO_STRONG,
Angers,Marseille,2026-10-18 00:00:00,corners_under_105,67.4,PRO_MEDIUM,
Juventus,Lazio,2026-10-18 00:00:00,corners_under_105,65.3,PRO_MEDIUM,
PAOK,Iraklis,2026-10-18 00:00:00,corners_under_105,70.4,PRO_MEDIUM,
Malaga,Sociedad,2026-10-18 00:00:00,corners_under_105,64.1,PRO_MEDIUM,
Panetolikos,Olympiakos,2026-10-18 00:00:00,corners_under_105,77.6,PRO_STRONG,
Kocaelispor,Goztep,2026-10-18 00:00:00,corners_under_105,74.1,PRO_MEDIUM,
Paris FC,Rennes,2026-10-18 00:00:00,corners_under_105,61.8,PRO_MEDIUM,
Lyon,Nice,2026-10-18 00:00:00,corners_under_105,58.0,PRO_MEDIUM,
Lorient,Monaco,2026-10-18 00:00:00,corners_under_105,69.5,PRO_MEDIUM,
Udinese,Lecce,2026-10-18 00:00:00,corners_under_105,66.7,PRO_MEDIUM,
Celta,Alaves,2026-10-18 00:00:00,corners_under_105,73.3,PRO_MEDIUM,
Leeds,Man United,2026-10-18 00:00:00,corners_under_105,58.4,PRO_MEDIUM,
Milan,Atalanta,2026-10-18 00:00:00,corners_under_105,75.9,PRO_STRONG,
Real Madrid,Sevilla,2026-10-18 00:00:00,corners_under_105,70.7,PRO_MEDIUM,
Leverkusen,Freiburg,2026-10-18 00:00:00,corners_under_105,63.8,PRO_MEDIUM,
Trabzonspor,Besiktas,2026-10-19 00:00:00,corners_under_105,62.8,PRO_MEDIUM,
Parma,Torino,2026-10-19 00:00:00,corners_under_105,71.5,PRO_MEDIUM,
Tottenham,Coventry,2026-10-19 00:00:00,corners_under_105,62.7,PRO_MEDIUM,
Monza,Cagliari,2026-10-19 00:00:00,corners_under_105,67.8,PRO_MEDIUM,
Getafe,Vallecano,2026-10-19 00:00:00,corners_under_105,69.6,PRO_MEDIUM,
Wolves,Portsmouth,2026-10-20 00:00:00,corners_under_105,58.7,PRO_MEDIUM,
Levante,Ath Bilbao,2026-10-21 00:00:00,corners_under_105,68.4,PRO_MEDIUM,
Brest,Nice,2026-10-23 00:00:00,corners_under_105,68.6,PRO_MEDIUM,
Alaves,Malaga,2026-10-23 00:00:00,corners_under_105,63.1,PRO_MEDIUM,
Alanyaspor,Kocaelispor,2026-10-23 00:00:00,corners_under_105,76.6,PRO_STRONG,
Guimaraes,Maritimo,2026-10-23 00:00:00,corners_under_105,67.1,PRO_MEDIUM,
Kortrijk,Mechelen,2026-10-23 00:00:00,corners_under_105,65.1,PRO_MEDIUM,
Torino,Monza,2026-10-23 00:00:00,corners_under_105,70.6,PRO_MEDIUM,
Bolton,Middlesbrough,2026-10-23 00:00:00,corners_under_105,58.5,PRO_MEDIUM,
Ipswich,Nottingham,2026-10-23 00:00:00,corners_under_105,66.0,PRO_MEDIUM,
Stuttgart,M'Gladbach,2026-10-23 00:00:00,corners_under_105,56.6,PRO_MEDIUM,
Levante,Ath Bilbao,2026-09-16 00:00:00,corners_under_115,75.1,PRO_STRONG,
Aris,Iraklis,2026-09-19 00:00:00,corners_under_115,81.0,PRO_STRONG,
Leuven,RAAL La Louviere,2026-09-19 00:00:00,corners_under_115,66.7,PRO_MEDIUM,
Ein Frankfurt,Freiburg,2026-09-19 00:00:00,corners_under_115,74.6,PRO_MEDIUM,
Newcastle,Hull,2026-09-19 00:00:00,corners_under_115,71.1,PRO_MEDIUM,
St Johnstone,Falkirk,2026-09-19 00:00:00,corners_under_115,66.7,PRO_MEDIUM,
Stoke,Sheffield United,2026-09-19 00:00:00,corners_under_115,65.0,PRO_MEDIUM,
Leverkusen,Rb Leipzig,2026-09-20 00:00:00,corners_under_115,70.9,PRO_MEDIUM,
Az Alkmaar,Telstar,2026-09-20 00:00:00,corners_under_115,55.8,PRO_MEDIUM,
Ofi Crete,Asteras Tripolis,2026-09-20 00:00:00,corners_under_115,81.6,PRO_STRONG,
La Coruna,Betis,2026-09-20 00:00:00,corners_under_115,69.7,PRO_MEDIUM,
Feyenoord,Utrecht,2026-09-20 00:00:00,corners_under_115,60.8,PRO_MEDIUM,
Porto,Benfica,2026-09-20 00:00:00,corners_under_115,72.5,PRO_MEDIUM,
Levadeiakos,Olympiakos,2026-09-20 00:00:00,corners_under_115,82.7,PRO_STRONG,
Paderborn,Hoffenheim,2026-09-20 00:00:00,corners_under_115,67.1,PRO_MEDIUM,
Fenerbahce,Eyupspor,2026-09-20 00:00:00,corners_under_115,67.7,PRO_MEDIUM,
Auxerre,Brest,2026-09-20 00:00:00,corners_under_115,75.3,PRO_STRONG,
Nijmegen,Go Ahead Eagles,2026-09-20 00:00:00,corners_under_115,58.3,PRO_MEDIUM,
Santa Clara,Sp Braga,2026-09-20 00:00:00,corners_under_115,81.4,PRO_STRONG,
Guimaraes,Moreirense,2026-09-20 00:00:00,corners_under_115,80.0,PRO_STRONG,
Valencia,Sociedad,2026-09-20 00:00:00,corners_under_115,78.5,PRO_STRONG,
Fiorentina,Napoli,2026-09-20 00:00:00,corners_under_115,82.5,PRO_STRONG,
St Truiden,Westerlo,2026-09-20 00:00:00,corners_under_115,70.1,PRO_MEDIUM,
Man City,Sunderland,2026-09-20 00:00:00,corners_under_115,66.7,PRO_MEDIUM,
Amedspor,Besiktas,2026-09-20 00:00:00,corners_under_115,77.4,PRO_STRONG,
Frosinone,Como,2026-09-20 00:00:00,corners_under_115,73.9,PRO_MEDIUM,
Ath Madrid,Real Madrid,2026-09-20 00:00:00,corners_under_115,70.0,PRO_MEDIUM,
Goztep,Rizespor,2026-09-20 00:00:00,corners_under_115,75.5,PRO_STRONG,
Estoril,Casa Pia,2026-09-20 00:00:00,corners_under_115,74.0,PRO_MEDIUM,
Nice,Lille,2026-09-20 00:00:00,corners_under_115,78.8,PRO_STRONG,
Wolves,West Brom,2026-09-20 00:00:00,corners_under_115,75.1,PRO_STRONG,
Bournemouth,Liverpool,2026-09-20 00:00:00,corners_under_115,67.9,PRO_MEDIUM,
Getafe,Malaga,2026-09-20 00:00:00,corners_under_115,80.3,PRO_STRONG,
Juventus,Atalanta,2026-09-20 00:00:00,corners_under_115,77.1,PRO_STRONG,
Parma,Genoa,2026-09-20 00:00:00,corners_under_115,81.5,PRO_STRONG,
Marseille,PSG,2026-09-20 00:00:00,corners_under_115,79.5,PRO_STRONG,
Leeds,Crystal Palace,2026-09-20 00:00:00,corners_under_115,68.0,PRO_MEDIUM,
Twente,PSV,2026-09-20 00:00:00,corners_under_115,61.4,PRO_MEDIUM,
Fulham,Man United,2026-09-20 00:00:00,corners_under_115,67.9,PRO_MEDIUM,
Milan,Lecce,2026-09-20 00:00:00,corners_under_115,82.7,PRO_STRONG,
Antwerp,Royale Union SG,2026-09-20 00:00:00,corners_under_115,72.5,PRO_MEDIUM,
Kortrijk,Waasland-Beveren,2026-09-20 00:00:00,corners_under_115,72.4,PRO_MEDIUM,
Panetolikos,PAOK,2026-09-20 00:00:00,corners_under_115,85.0,PRO_STRONG,
Villarreal,Levante,2026-09-20 00:00:00,corners_under_115,66.8,PRO_MEDIUM,
Club Brugge,Genk,2026-09-20 00:00:00,corners_under_115,65.4,PRO_MEDIUM,
Erzurum Bb,Samsunspor,2026-09-20 00:00:00,corners_under_115,81.9,PRO_STRONG,
Celtic,Rangers,2026-09-20 00:00:00,corners_under_115,60.3,PRO_MEDIUM,
Volos Nfc,AEK Athens,2026-09-20 00:00:00,corners_under_115,84.5,PRO_STRONG,
Kalamata,Panathinaikos,2026-09-20 00:00:00,corners_under_115,79.8,PRO_STRONG,
Norwich,Bolton,2026-09-20 00:00:00,corners_under_115,67.0,PRO_MEDIUM,
PSV,Heerenveen,2026-10-09 00:00:00,corners_under_115,56.9,PRO_MEDIUM,
West Ham,QPR,2026-10-09 00:00:00,corners_under_115,64.7,PRO_MEDIUM,
Malaga,Espanol,2026-10-09 00:00:00,corners_under_115,78.8,PRO_STRONG,
Waasland-Beveren,Lommel SK,2026-10-09 00:00:00,corners_under_115,68.0,PRO_MEDIUM,
Moreirense,Gil Vicente,2026-10-09 00:00:00,corners_under_115,84.1,PRO_STRONG,
Dortmund,Werder Bremen,2026-10-09 00:00:00,corners_under_115,70.7,PRO_MEDIUM,
Sp Braga,Sporting CP,2026-10-09 00:00:00,corners_under_115,82.3,PRO_STRONG,
Lens,Lyon,2026-10-09 00:00:00,corners_under_115,67.3,PRO_MEDIUM,
Galatasaray,Kasimpasa,2026-10-09 00:00:00,corners_under_115,76.9,PRO_STRONG,
Vallecano,Ath Bilbao,2026-10-10 00:00:00,corners_under_115,72.1,PRO_MEDIUM,
Napoli,Frosinone,2026-10-10 00:00:00,corners_under_115,71.3,PRO_MEDIUM,
For Sittard,Twente,2026-10-10 00:00:00,corners_under_115,70.3,PRO_MEDIUM,
Maritimo,Porto,2026-10-10 00:00:00,corners_under_115,73.5,PRO_MEDIUM,
Rb Leipzig,Ein Frankfurt,2026-10-10 00:00:00,corners_under_115,70.0,PRO_MEDIUM,
Middlesbrough,Wolves,2026-10-10 00:00:00,corners_under_115,71.2,PRO_MEDIUM,
Go Ahead Eagles,Sparta Rotterdam,2026-10-10 00:00:00,corners_under_115,59.0,PRO_MEDIUM,
Samsunspor,Trabzonspor,2026-10-10 00:00:00,corners_under_115,76.5,PRO_STRONG,
Cercle Brugge,Anderlecht,2026-10-10 00:00:00,corners_under_115,67.6,PRO_MEDIUM,
Hoffenheim,Hamburg,2026-10-10 00:00:00,corners_under_115,60.6,PRO_MEDIUM,
Rizespor,Fenerbahce,2026-10-10 00:00:00,corners_under_115,74.8,PRO_MEDIUM,
Monaco,Toulouse,2026-10-10 00:00:00,corners_under_115,75.7,PRO_STRONG,
Sunderland,Brighton,2026-10-10 00:00:00,corners_under_115,76.7,PRO_STRONG,
Paderborn,Stuttgart,2026-10-10 00:00:00,corners_under_115,69.5,PRO_MEDIUM,
Derby,Wrexham,2026-10-10 00:00:00,corners_under_115,73.6,PRO_MEDIUM,
Mainz,Leverkusen,2026-10-10 00:00:00,corners_under_115,71.7,PRO_MEDIUM,
Waregem,Gent,2026-10-10 00:00:00,corners_under_115,73.0,PRO_MEDIUM,
Genk,Kortrijk,2026-10-10 00:00:00,corners_under_115,69.3,PRO_MEDIUM,
Feyenoord,Az Alkmaar,2026-10-10 00:00:00,corners_under_115,63.4,PRO_MEDIUM,
Charlton,Bristol City,2026-10-10 00:00:00,corners_under_115,70.0,PRO_MEDIUM,
Real Madrid,Villarreal,2026-10-10 00:00:00,corners_under_115,67.3,PRO_MEDIUM,
Blackburn,Cardiff,2026-10-10 00:00:00,corners_under_115,67.9,PRO_MEDIUM,
Bolton,Stoke,2026-10-10 00:00:00,corners_under_115,68.6,PRO_MEDIUM,
Alaves,Ath Madrid,2026-10-10 00:00:00,corners_under_115,73.8,PRO_MEDIUM,
Man United,Tottenham,2026-10-10 00:00:00,corners_under_115,65.6,PRO_MEDIUM,
PSG,Le Mans,2026-10-10 00:00:00,corners_under_115,76.3,PRO_STRONG,
Sheffield United,Lincoln,2026-10-10 00:00:00,corners_under_115,61.9,PRO_MEDIUM,
Ajax,Nijmegen,2026-10-10 00:00:00,corners_under_115,66.2,PRO_MEDIUM,
Ipswich,Fulham,2026-10-10 00:00:00,corners_under_115,72.8,PRO_MEDIUM,
Barcelona,Getafe,2026-10-10 00:00:00,corners_under_115,75.5,PRO_STRONG,
Augsburg,Bayern Munich,2026-10-10 00:00:00,corners_under_115,66.3,PRO_MEDIUM,
RAAL La Louviere,Club Brugge,2026-10-10 00:00:00,corners_under_115,65.8,PRO_MEDIUM,
Preston,Millwall,2026-10-10 00:00:00,corners_under_115,64.5,PRO_MEDIUM,
Hearts,St Mirren,2026-10-10 00:00:00,corners_under_115,57.9,PRO_MEDIUM,
Inter,Parma,2026-10-10 00:00:00,corners_under_115,65.6,PRO_MEDIUM,
Falkirk,Dundee,2026-10-10 00:00:00,corners_under_115,67.4,PRO_MEDIUM,
Chelsea,Bournemouth,2026-10-10 00:00:00,corners_under_115,64.1,PRO_MEDIUM,
Lille,Le Havre,2026-10-10 00:00:00,corners_under_115,80.3,PRO_STRONG,
Arsenal,Leeds,2026-10-10 00:00:00,corners_under_115,73.8,PRO_MEDIUM,
Genoa,Fiorentina,2026-10-10 00:00:00,corners_under_115,85.3,PRO_STRONG,
Alanyaspor,Erzurum Bb,2026-10-10 00:00:00,corners_under_115,80.8,PRO_STRONG,
Genclerbirligi,Amedspor,2026-10-10 00:00:00,corners_under_115,80.5,PRO_STRONG,
Brest,Angers,2026-10-10 00:00:00,corners_under_115,76.0,PRO_STRONG,
Casa Pia,Santa Clara,2026-10-10 00:00:00,corners_under_115,74.4,PRO_MEDIUM,
Union Berlin,Elversberg,2026-10-10 00:00:00,corners_under_115,66.7,PRO_MEDIUM,
Watford,Burnley,2026-10-10 00:00:00,corners_under_115,72.7,PRO_MEDIUM,
West Brom,Birmingham,2026-10-10 00:00:00,corners_under_115,72.6,PRO_MEDIUM,
Swansea,Norwich,2026-10-10 00:00:00,corners_under_115,75.4,PRO_STRONG,
Lorient,Paris FC,2026-10-10 00:00:00,corners_under_115,80.6,PRO_STRONG,
Asteras Tripolis,Atromitos,2026-10-10 00:00:00,corners_under_115,80.4,PRO_STRONG,
Aston Villa,Brentford,2026-10-10 00:00:00,corners_under_115,67.2,PRO_MEDIUM,
Dundee United,Hibernian,2026-10-10 00:00:00,corners_under_115,62.0,PRO_MEDIUM,
AEK Athens,Ofi Crete,2026-10-10 00:00:00,corners_under_115,82.3,PRO_STRONG,
Elche,Celta,2026-10-11 00:00:00,corners_under_115,83.7,PRO_STRONG,
Lecce,Bologna,2026-10-11 00:00:00,corners_under_115,82.8,PRO_STRONG,
Nice,Strasbourg,2026-10-11 00:00:00,corners_under_115,74.6,PRO_MEDIUM,
Gaziantep,Corum,2026-10-11 00:00:00,corners_under_115,76.4,PRO_STRONG,
St. Liege,Charleroi,2026-10-11 00:00:00,corners_under_115,66.9,PRO_MEDIUM,
Besiktas,Kocaelispor,2026-10-11 00:00:00,corners_under_115,78.3,PRO_STRONG,
Lazio,Monza,2026-10-11 00:00:00,corners_under_115,81.3,PRO_STRONG,
Aberdeen,St Johnstone,2026-10-11 00:00:00,corners_under_115,68.0,PRO_MEDIUM,
Konyaspor,Basaksehir,2026-10-11 00:00:00,corners_under_115,83.5,PRO_STRONG,
Arouca,Estrela,2026-10-11 00:00:00,corners_under_115,81.0,PRO_STRONG,
Crystal Palace,Nottingham,2026-10-11 00:00:00,corners_under_115,75.3,PRO_STRONG,
Liverpool,Man City,2026-10-11 00:00:00,corners_under_115,68.3,PRO_MEDIUM,
Aris,Volos Nfc,2026-10-11 00:00:00,corners_under_115,81.1,PRO_STRONG,
Benfica,Guimaraes,2026-10-11 00:00:00,corners_under_115,68.7,PRO_MEDIUM,
Troyes,Marseille,2026-10-11 00:00:00,corners_under_115,76.2,PRO_STRONG,
Royale Union SG,Leuven,2026-10-11 00:00:00,corners_under_115,58.0,PRO_MEDIUM,
Southampton,Portsmouth,2026-10-11 00:00:00,corners_under_115,64.9,PRO_MEDIUM,
Rio Ave,Nacional,2026-10-11 00:00:00,corners_under_115,71.5,PRO_MEDIUM,
Excelsior,Groningen,2026-10-11 00:00:00,corners_under_115,72.2,PRO_MEDIUM,
Kifisia,Panetolikos,2026-10-11 00:00:00,corners_under_115,86.0,PRO_STRONG,
Hull,Everton,2026-10-11 00:00:00,corners_under_115,74.1,PRO_MEDIUM,
Westerlo,Antwerp,2026-10-11 00:00:00,corners_under_115,68.1,PRO_MEDIUM,
Betis,Osasuna,2026-10-11 00:00:00,corners_under_115,78.0,PRO_STRONG,
Sassuolo,Milan,2026-10-11 00:00:00,corners_under_115,79.3,PRO_STRONG,
Mechelen,St Truiden,2026-10-11 00:00:00,corners_under_115,77.9,PRO_STRONG,
Como,Roma,2026-10-11 00:00:00,corners_under_115,80.3,PRO_STRONG,
Rennes,Auxerre,2026-10-11 00:00:00,corners_under_115,65.5,PRO_MEDIUM,
Iraklis,Levadeiakos,2026-10-11 00:00:00,corners_under_115,79.7,PRO_STRONG,
Fc Koln,M'Gladbach,2026-10-11 00:00:00,corners_under_115,70.6,PRO_MEDIUM,
Olympiakos,Panathinaikos,2026-10-11 00:00:00,corners_under_115,84.2,PRO_STRONG,
Zwolle,Cambuur,2026-10-11 00:00:00,corners_under_115,66.9,PRO_MEDIUM,
Racing Santander,Valencia,2026-10-11 00:00:00,corners_under_115,66.9,PRO_MEDIUM,
Cagliari,Juventus,2026-10-11 00:00:00,corners_under_115,76.8,PRO_STRONG,
Motherwell,Celtic,2026-10-11 00:00:00,corners_under_115,66.4,PRO_MEDIUM,
Freiburg,Schalke 04,2026-10-11 00:00:00,corners_under_115,74.1,PRO_MEDIUM,
Telstar,Den Haag,2026-10-11 00:00:00,corners_under_115,63.8,PRO_MEDIUM,
Sociedad,La Coruna,2026-10-11 00:00:00,corners_under_115,65.0,PRO_MEDIUM,
Utrecht,Willem Ii,2026-10-11 00:00:00,corners_under_115,58.3,PRO_MEDIUM,
Atalanta,Venezia,2026-10-12 00:00:00,corners_under_115,76.3,PRO_STRONG,
Coventry,Newcastle,2026-10-12 00:00:00,corners_under_115,75.6,PRO_STRONG,
Levante,Sevilla,2026-10-12 00:00:00,corners_under_115,82.1,PRO_STRONG,
Eyupspor,Goztep,2026-10-12 00:00:00,corners_under_115,80.4,PRO_STRONG,
Famalicao,Alverca,2026-10-12 00:00:00,corners_under_115,77.7,PRO_STRONG,
Torino,Udinese,2026-10-12 00:00:00,corners_under_115,78.6,PRO_STRONG,
PAOK,Kalamata,2026-10-12 00:00:00,corners_under_115,76.9,PRO_STRONG,
Wrexham,West Brom,2026-10-13 00:00:00,corners_under_115,78.6,PRO_STRONG,
Birmingham,Preston,2026-10-13 00:00:00,corners_under_115,68.4,PRO_MEDIUM,
Bristol City,Blackburn,2026-10-13 00:00:00,corners_under_115,67.8,PRO_MEDIUM,
Millwall,Swansea,2026-10-13 00:00:00,corners_under_115,68.7,PRO_MEDIUM,
Cardiff,Watford,2026-10-13 00:00:00,corners_under_115,66.9,PRO_MEDIUM,
Wolves,Bolton,2026-10-13 00:00:00,corners_under_115,69.0,PRO_MEDIUM,
Stoke,Middlesbrough,2026-10-13 00:00:00,corners_under_115,71.1,PRO_MEDIUM,
Burnley,Charlton,2026-10-13 00:00:00,corners_under_115,68.0,PRO_MEDIUM,
Norwich,Southampton,2026-10-14 00:00:00,corners_under_115,69.1,PRO_MEDIUM,
QPR,Derby,2026-10-14 00:00:00,corners_under_115,72.0,PRO_MEDIUM,
Lincoln,West Ham,2026-10-14 00:00:00,corners_under_115,63.8,PRO_MEDIUM,
Portsmouth,Sheffield United,2026-10-14 00:00:00,corners_under_115,65.0,PRO_MEDIUM,
Heerenveen,Excelsior,2026-10-16 00:00:00,corners_under_115,68.2,PRO_MEDIUM,
Le Mans,Toulouse,2026-10-16 00:00:00,corners_under_115,80.3,PRO_STRONG,
Burnley,Wolves,2026-10-16 00:00:00,corners_under_115,73.2,PRO_MEDIUM,
La Coruna,Levante,2026-10-16 00:00:00,corners_under_115,71.2,PRO_MEDIUM,
Corum,Rizespor,2026-10-16 00:00:00,corners_under_115,74.4,PRO_MEDIUM,
Frosinone,Sassuolo,2026-10-16 00:00:00,corners_under_115,66.3,PRO_MEDIUM,
Ein Frankfurt,Fc Koln,2026-10-16 00:00:00,corners_under_115,67.5,PRO_MEDIUM,
Erzurum Bb,Eyupspor,2026-10-17 00:00:00,corners_under_115,82.0,PRO_STRONG,
Aberdeen,St Mirren,2026-10-17 00:00:00,corners_under_115,63.6,PRO_MEDIUM,
Roma,Genoa,2026-10-17 00:00:00,corners_under_115,77.6,PRO_STRONG,
Troyes,Lens,2026-10-17 00:00:00,corners_under_115,70.2,PRO_MEDIUM,
Schalke 04,Mainz,2026-10-17 00:00:00,corners_under_115,66.1,PRO_MEDIUM,
Strasbourg,PSG,2026-10-17 00:00:00,corners_under_115,79.3,PRO_STRONG,
Telstar,Feyenoord,2026-10-17 00:00:00,corners_under_115,67.1,PRO_MEDIUM,
Elversberg,Augsburg,2026-10-17 00:00:00,corners_under_115,65.4,PRO_MEDIUM,
Everton,Chelsea,2026-10-17 00:00:00,corners_under_115,69.1,PRO_MEDIUM,
Fulham,Hull,2026-10-17 00:00:00,corners_under_115,74.4,PRO_MEDIUM,
Espanol,Ath Madrid,2026-10-17 00:00:00,corners_under_115,77.4,PRO_STRONG,
Sparta Rotterdam,Willem Ii,2026-10-17 00:00:00,corners_under_115,55.6,PRO_MEDIUM,
Amedspor,Konyaspor,2026-10-17 00:00:00,corners_under_115,82.3,PRO_STRONG,
Villarreal,Elche,2026-10-17 00:00:00,corners_under_115,71.8,PRO_MEDIUM,
Atromitos,AEK Athens,2026-10-17 00:00:00,corners_under_115,85.4,PRO_STRONG,
Hibernian,Falkirk,2026-10-17 00:00:00,corners_under_115,61.1,PRO_MEDIUM,
Brentford,Liverpool,2026-10-17 00:00:00,corners_under_115,68.6,PRO_MEDIUM,
Newcastle,Aston Villa,2026-10-17 00:00:00,corners_under_115,69.3,PRO_MEDIUM,
Watford,Charlton,2026-10-17 00:00:00,corners_under_115,69.5,PRO_MEDIUM,
Lille,Brest,2026-10-17 00:00:00,corners_under_115,81.4,PRO_STRONG,
Derby,Stoke,2026-10-17 00:00:00,corners_under_115,71.4,PRO_MEDIUM,
Man City,Ipswich,2026-10-17 00:00:00,corners_under_115,64.1,PRO_MEDIUM,
Hamburg,Stuttgart,2026-10-17 00:00:00,corners_under_115,68.9,PRO_MEDIUM,
Levadeiakos,Volos Nfc,2026-10-17 00:00:00,corners_under_115,82.9,PRO_STRONG,
Fenerbahce,Alanyaspor,2026-10-17 00:00:00,corners_under_115,76.1,PRO_STRONG,
Venezia,Napoli,2026-10-17 00:00:00,corners_under_115,77.5,PRO_STRONG,
Union Berlin,Dortmund,2026-10-17 00:00:00,corners_under_115,76.4,PRO_STRONG,
Betis,Barcelona,2026-10-17 00:00:00,corners_under_115,72.6,PRO_MEDIUM,
Wrexham,Preston,2026-10-17 00:00:00,corners_under_115,73.7,PRO_MEDIUM,
Den Haag,PSV,2026-10-17 00:00:00,corners_under_115,67.9,PRO_MEDIUM,
West Brom,Blackburn,2026-10-17 00:00:00,corners_under_115,71.8,PRO_MEDIUM,
Werder Bremen,Paderborn,2026-10-17 00:00:00,corners_under_115,71.7,PRO_MEDIUM,
St Johnstone,Dundee United,2026-10-17 00:00:00,corners_under_115,62.7,PRO_MEDIUM,
Dundee,Rangers,2026-10-17 00:00:00,corners_under_115,65.2,PRO_MEDIUM,
Bologna,Inter,2026-10-17 00:00:00,corners_under_115,79.4,PRO_STRONG,
Kilmarnock,Motherwell,2026-10-17 00:00:00,corners_under_115,66.6,PRO_MEDIUM,
Bristol City,Sheffield United,2026-10-17 00:00:00,corners_under_115,68.9,PRO_MEDIUM,
Bayern Munich,Rb Leipzig,2026-10-17 00:00:00,corners_under_115,67.9,PRO_MEDIUM,
Valencia,Ath Bilbao,2026-10-17 00:00:00,corners_under_115,80.5,PRO_STRONG,
Middlesbrough,Cardiff,2026-10-17 00:00:00,corners_under_115,65.4,PRO_MEDIUM,
Genclerbirligi,Galatasaray,2026-10-17 00:00:00,corners_under_115,78.6,PRO_STRONG,
Birmingham,QPR,2026-10-17 00:00:00,corners_under_115,71.5,PRO_MEDIUM,
Nottingham,Arsenal,2026-10-18 00:00:00,corners_under_115,81.7,PRO_STRONG,
Zwolle,Go Ahead Eagles,2026-10-18 00:00:00,corners_under_115,60.9,PRO_MEDIUM,
Fiorentina,Como,2026-10-18 00:00:00,corners_under_115,83.5,PRO_STRONG,
Groningen,Ajax,2026-10-18 00:00:00,corners_under_115,67.9,PRO_MEDIUM,
Kasimpasa,Samsunspor,2026-10-18 00:00:00,corners_under_115,80.0,PRO_STRONG,
Osasuna,Racing Santander,2026-10-18 00:00:00,corners_under_115,70.0,PRO_MEDIUM,
Brighton,Crystal Palace,2026-10-18 00:00:00,corners_under_115,67.9,PRO_MEDIUM,
Bournemouth,Sunderland,2026-10-18 00:00:00,corners_under_115,74.0,PRO_MEDIUM,
Le Havre,Auxerre,2026-10-18 00:00:00,corners_under_115,71.8,PRO_MEDIUM,
Basaksehir,Gaziantep,2026-10-18 00:00:00,corners_under_115,78.1,PRO_STRONG,
M'Gladbach,Hoffenheim,2026-10-18 00:00:00,corners_under_115,72.3,PRO_MEDIUM,
Nijmegen,For Sittard,2026-10-18 00:00:00,corners_under_115,63.8,PRO_MEDIUM,
Kalamata,Ofi Crete,2026-10-18 00:00:00,corners_under_115,79.9,PRO_STRONG,
Panathinaikos,Asteras Tripolis,2026-10-18 00:00:00,corners_under_115,80.1,PRO_STRONG,
Kifisia,Aris,2026-10-18 00:00:00,corners_under_115,84.0,PRO_STRONG,
Angers,Marseille,2026-10-18 00:00:00,corners_under_115,77.4,PRO_STRONG,
Juventus,Lazio,2026-10-18 00:00:00,corners_under_115,75.6,PRO_STRONG,
PAOK,Iraklis,2026-10-18 00:00:00,corners_under_115,80.0,PRO_STRONG,
Malaga,Sociedad,2026-10-18 00:00:00,corners_under_115,74.6,PRO_MEDIUM,
Panetolikos,Olympiakos,2026-10-18 00:00:00,corners_under_115,85.8,PRO_STRONG,
Kocaelispor,Goztep,2026-10-18 00:00:00,corners_under_115,83.0,PRO_STRONG,
Paris FC,Rennes,2026-10-18 00:00:00,corners_under_115,72.5,PRO_MEDIUM,
Lyon,Nice,2026-10-18 00:00:00,corners_under_115,69.0,PRO_MEDIUM,
Lorient,Monaco,2026-10-18 00:00:00,corners_under_115,79.3,PRO_STRONG,
Udinese,Lecce,2026-10-18 00:00:00,corners_under_115,76.8,PRO_STRONG,
Celtic,Hearts,2026-10-18 00:00:00,corners_under_115,60.3,PRO_MEDIUM,
Cambuur,Az Alkmaar,2026-10-18 00:00:00,corners_under_115,64.9,PRO_MEDIUM,
Celta,Alaves,2026-10-18 00:00:00,corners_under_115,82.4,PRO_STRONG,
Leeds,Man United,2026-10-18 00:00:00,corners_under_115,69.3,PRO_MEDIUM,
Milan,Atalanta,2026-10-18 00:00:00,corners_under_115,84.5,PRO_STRONG,
Real Madrid,Sevilla,2026-10-18 00:00:00,corners_under_115,80.2,PRO_STRONG,
Twente,Utrecht,2026-10-18 00:00:00,corners_under_115,64.2,PRO_MEDIUM,
Leverkusen,Freiburg,2026-10-18 00:00:00,corners_under_115,74.2,PRO_MEDIUM,
Trabzonspor,Besiktas,2026-10-19 00:00:00,corners_under_115,73.4,PRO_MEDIUM,
Parma,Torino,2026-10-19 00:00:00,corners_under_115,80.9,PRO_STRONG,
Tottenham,Coventry,2026-10-19 00:00:00,corners_under_115,73.3,PRO_MEDIUM,
Monza,Cagliari,2026-10-19 00:00:00,corners_under_115,77.7,PRO_STRONG,
Getafe,Vallecano,2026-10-19 00:00:00,corners_under_115,79.3,PRO_STRONG,
Wolves,Portsmouth,2026-10-20 00:00:00,corners_under_115,69.6,PRO_MEDIUM,
Levante,Ath Bilbao,2026-10-21 00:00:00,corners_under_115,78.3,PRO_STRONG,
Brest,Nice,2026-10-23 00:00:00,corners_under_115,78.5,PRO_STRONG,
Alaves,Malaga,2026-10-23 00:00:00,corners_under_115,73.7,PRO_MEDIUM,
Alanyaspor,Kocaelispor,2026-10-23 00:00:00,corners_under_115,85.0,PRO_STRONG,
Guimaraes,Maritimo,2026-10-23 00:00:00,corners_under_115,77.2,PRO_STRONG,
Kortrijk,Mechelen,2026-10-23 00:00:00,corners_under_115,75.5,PRO_STRONG,
Torino,Monza,2026-10-23 00:00:00,corners_under_115,80.2,PRO_STRONG,
Bolton,Middlesbrough,2026-10-23 00:00:00,corners_under_115,69.4,PRO_MEDIUM,
Ipswich,Nottingham,2026-10-23 00:00:00,corners_under_115,76.2,PRO_STRONG,
Go Ahead Eagles,Telstar,2026-10-23 00:00:00,corners_under_115,57.7,PRO_MEDIUM,
Stuttgart,M'Gladbach,2026-10-23 00:00:00,corners_under_115,67.6,PRO_MEDIUM,
Az Alkmaar,Telstar,2026-09-20 00:00:00,yellows_under_35,69.4,PRO_MEDIUM,
Feyenoord,Utrecht,2026-09-20 00:00:00,yellows_under_35,68.2,PRO_MEDIUM,
Nijmegen,Go Ahead Eagles,2026-09-20 00:00:00,yellows_under_35,60.0,PRO_MEDIUM,
Twente,PSV,2026-09-20 00:00:00,yellows_under_35,56.5,PRO_MEDIUM,
PSV,Heerenveen,2026-10-09 00:00:00,yellows_under_35,70.4,PRO_MEDIUM,
Dortmund,Werder Bremen,2026-10-09 00:00:00,yellows_under_35,59.5,PRO_MEDIUM,
For Sittard,Twente,2026-10-10 00:00:00,yellows_under_35,61.3,PRO_MEDIUM,
Go Ahead Eagles,Sparta Rotterdam,2026-10-10 00:00:00,yellows_under_35,61.5,PRO_MEDIUM,
Genk,Kortrijk,2026-10-10 00:00:00,yellows_under_35,59.2,PRO_MEDIUM,
Feyenoord,Az Alkmaar,2026-10-10 00:00:00,yellows_under_35,58.5,PRO_MEDIUM,
PSG,Le Mans,2026-10-10 00:00:00,yellows_under_35,59.0,PRO_MEDIUM,
RAAL La Louviere,Club Brugge,2026-10-10 00:00:00,yellows_under_35,56.4,PRO_MEDIUM,
Inter,Parma,2026-10-10 00:00:00,yellows_under_35,61.3,PRO_MEDIUM,
Nice,Strasbourg,2026-10-11 00:00:00,yellows_under_35,55.2,PRO_MEDIUM,
Royale Union SG,Leuven,2026-10-11 00:00:00,yellows_under_35,60.3,PRO_MEDIUM,
Excelsior,Groningen,2026-10-11 00:00:00,yellows_under_35,61.0,PRO_MEDIUM,
Zwolle,Cambuur,2026-10-11 00:00:00,yellows_under_35,57.2,PRO_MEDIUM,
Telstar,Den Haag,2026-10-11 00:00:00,yellows_under_35,59.3,PRO_MEDIUM,
Utrecht,Willem Ii,2026-10-11 00:00:00,yellows_under_35,67.2,PRO_MEDIUM,
Wolves,Bolton,2026-10-13 00:00:00,yellows_under_35,56.1,PRO_MEDIUM,
Heerenveen,Excelsior,2026-10-16 00:00:00,yellows_under_35,61.9,PRO_MEDIUM,
Troyes,Lens,2026-10-17 00:00:00,yellows_under_35,58.3,PRO_MEDIUM,
Strasbourg,PSG,2026-10-17 00:00:00,yellows_under_35,56.1,PRO_MEDIUM,
Telstar,Feyenoord,2026-10-17 00:00:00,yellows_under_35,61.6,PRO_MEDIUM,
Sparta Rotterdam,Willem Ii,2026-10-17 00:00:00,yellows_under_35,62.3,PRO_MEDIUM,
Wrexham,Preston,2026-10-17 00:00:00,yellows_under_35,55.1,PRO_MEDIUM,
Den Haag,PSV,2026-10-17 00:00:00,yellows_under_35,62.2,PRO_MEDIUM,
Bayern Munich,Rb Leipzig,2026-10-17 00:00:00,yellows_under_35,64.5,PRO_MEDIUM,
Zwolle,Go Ahead Eagles,2026-10-18 00:00:00,yellows_under_35,62.0,PRO_MEDIUM,
Groningen,Ajax,2026-10-18 00:00:00,yellows_under_35,59.6,PRO_MEDIUM,
Nijmegen,For Sittard,2026-10-18 00:00:00,yellows_under_35,59.2,PRO_MEDIUM,
Cambuur,Az Alkmaar,2026-10-18 00:00:00,yellows_under_35,63.9,PRO_MEDIUM,
Twente,Utrecht,2026-10-18 00:00:00,yellows_under_35,62.6,PRO_MEDIUM,
Brest,Nice,2026-10-23 00:00:00,yellows_under_35,57.3,PRO_MEDIUM,
Bolton,Middlesbrough,2026-10-23 00:00:00,yellows_under_35,55.5,PRO_MEDIUM,
Go Ahead Eagles,Telstar,2026-10-23 00:00:00,yellows_under_35,61.7,PRO_MEDIUM,
Levante,Ath Bilbao,2026-09-16 00:00:00,yellows_under_45,55.7,PRO_MEDIUM,
Leuven,RAAL La Louviere,2026-09-19 00:00:00,yellows_under_45,68.8,PRO_MEDIUM,
Ein Frankfurt,Freiburg,2026-09-19 00:00:00,yellows_under_45,64.2,PRO_MEDIUM,
Newcastle,Hull,2026-09-19 00:00:00,yellows_under_45,58.6,PRO_MEDIUM,
St Johnstone,Falkirk,2026-09-19 00:00:00,yellows_under_45,66.0,PRO_MEDIUM,
Stoke,Sheffield United,2026-09-19 00:00:00,yellows_under_45,61.7,PRO_MEDIUM,
Leverkusen,Rb Leipzig,2026-09-20 00:00:00,yellows_under_45,65.6,PRO_MEDIUM,
Az Alkmaar,Telstar,2026-09-20 00:00:00,yellows_under_45,84.6,PRO_STRONG,
Feyenoord,Utrecht,2026-09-20 00:00:00,yellows_under_45,83.7,PRO_STRONG,
Paderborn,Hoffenheim,2026-09-20 00:00:00,yellows_under_45,61.5,PRO_MEDIUM,
Fenerbahce,Eyupspor,2026-09-20 00:00:00,yellows_under_45,56.1,PRO_MEDIUM,
Auxerre,Brest,2026-09-20 00:00:00,yellows_under_45,66.4,PRO_MEDIUM,
Nijmegen,Go Ahead Eagles,2026-09-20 00:00:00,yellows_under_45,77.6,PRO_STRONG,
Fiorentina,Napoli,2026-09-20 00:00:00,yellows_under_45,67.1,PRO_MEDIUM,
St Truiden,Westerlo,2026-09-20 00:00:00,yellows_under_45,69.0,PRO_MEDIUM,
Man City,Sunderland,2026-09-20 00:00:00,yellows_under_45,73.0,PRO_MEDIUM,
Frosinone,Como,2026-09-20 00:00:00,yellows_under_45,65.4,PRO_MEDIUM,
Nice,Lille,2026-09-20 00:00:00,yellows_under_45,68.9,PRO_MEDIUM,
Wolves,West Brom,2026-09-20 00:00:00,yellows_under_45,63.4,PRO_MEDIUM,
Bournemouth,Liverpool,2026-09-20 00:00:00,yellows_under_45,55.9,PRO_MEDIUM,
Juventus,Atalanta,2026-09-20 00:00:00,yellows_under_45,67.9,PRO_MEDIUM,
Parma,Genoa,2026-09-20 00:00:00,yellows_under_45,62.5,PRO_MEDIUM,
Marseille,PSG,2026-09-20 00:00:00,yellows_under_45,69.2,PRO_MEDIUM,
Leeds,Crystal Palace,2026-09-20 00:00:00,yellows_under_45,66.4,PRO_MEDIUM,
Twente,PSV,2026-09-20 00:00:00,yellows_under_45,74.8,PRO_MEDIUM,
Fulham,Man United,2026-09-20 00:00:00,yellows_under_45,66.6,PRO_MEDIUM,
Milan,Lecce,2026-09-20 00:00:00,yellows_under_45,66.1,PRO_MEDIUM,
Antwerp,Royale Union SG,2026-09-20 00:00:00,yellows_under_45,65.1,PRO_MEDIUM,
Kortrijk,Waasland-Beveren,2026-09-20 00:00:00,yellows_under_45,66.2,PRO_MEDIUM,
Villarreal,Levante,2026-09-20 00:00:00,yellows_under_45,55.5,PRO_MEDIUM,
Club Brugge,Genk,2026-09-20 00:00:00,yellows_under_45,72.3,PRO_MEDIUM,
Erzurum Bb,Samsunspor,2026-09-20 00:00:00,yellows_under_45,55.8,PRO_MEDIUM,
Norwich,Bolton,2026-09-20 00:00:00,yellows_under_45,72.7,PRO_MEDIUM,
PSV,Heerenveen,2026-10-09 00:00:00,yellows_under_45,85.3,PRO_STRONG,
West Ham,QPR,2026-10-09 00:00:00,yellows_under_45,70.6,PRO_MEDIUM,
Waasland-Beveren,Lommel SK,2026-10-09 00:00:00,yellows_under_45,67.7,PRO_MEDIUM,
Dortmund,Werder Bremen,2026-10-09 00:00:00,yellows_under_45,77.2,PRO_STRONG,
Lens,Lyon,2026-10-09 00:00:00,yellows_under_45,59.1,PRO_MEDIUM,
Galatasaray,Kasimpasa,2026-10-09 00:00:00,yellows_under_45,55.5,PRO_MEDIUM,
Napoli,Frosinone,2026-10-10 00:00:00,yellows_under_45,70.4,PRO_MEDIUM,
Rangers,Kilmarnock,2026-10-10 00:00:00,yellows_under_45,70.8,PRO_MEDIUM,
For Sittard,Twente,2026-10-10 00:00:00,yellows_under_45,78.7,PRO_STRONG,
Rb Leipzig,Ein Frankfurt,2026-10-10 00:00:00,yellows_under_45,72.9,PRO_MEDIUM,
Middlesbrough,Wolves,2026-10-10 00:00:00,yellows_under_45,67.8,PRO_MEDIUM,
Go Ahead Eagles,Sparta Rotterdam,2026-10-10 00:00:00,yellows_under_45,78.8,PRO_STRONG,
Cercle Brugge,Anderlecht,2026-10-10 00:00:00,yellows_under_45,63.2,PRO_MEDIUM,
Hoffenheim,Hamburg,2026-10-10 00:00:00,yellows_under_45,60.5,PRO_MEDIUM,
Monaco,Toulouse,2026-10-10 00:00:00,yellows_under_45,68.5,PRO_MEDIUM,
Sunderland,Brighton,2026-10-10 00:00:00,yellows_under_45,59.8,PRO_MEDIUM,
Paderborn,Stuttgart,2026-10-10 00:00:00,yellows_under_45,69.4,PRO_MEDIUM,
Derby,Wrexham,2026-10-10 00:00:00,yellows_under_45,64.8,PRO_MEDIUM,
Mainz,Leverkusen,2026-10-10 00:00:00,yellows_under_45,60.2,PRO_MEDIUM,
Waregem,Gent,2026-10-10 00:00:00,yellows_under_45,70.6,PRO_MEDIUM,
Genk,Kortrijk,2026-10-10 00:00:00,yellows_under_45,77.0,PRO_STRONG,
Feyenoord,Az Alkmaar,2026-10-10 00:00:00,yellows_under_45,76.4,PRO_STRONG,
Charlton,Bristol City,2026-10-10 00:00:00,yellows_under_45,63.7,PRO_MEDIUM,
Real Madrid,Villarreal,2026-10-10 00:00:00,yellows_under_45,60.1,PRO_MEDIUM,
Blackburn,Cardiff,2026-10-10 00:00:00,yellows_under_45,60.4,PRO_MEDIUM,
Bolton,Stoke,2026-10-10 00:00:00,yellows_under_45,67.2,PRO_MEDIUM,
Man United,Tottenham,2026-10-10 00:00:00,yellows_under_45,65.0,PRO_MEDIUM,
PSG,Le Mans,2026-10-10 00:00:00,yellows_under_45,76.8,PRO_STRONG,
Sheffield United,Lincoln,2026-10-10 00:00:00,yellows_under_45,64.0,PRO_MEDIUM,
Ajax,Nijmegen,2026-10-10 00:00:00,yellows_under_45,73.3,PRO_MEDIUM,
Ipswich,Fulham,2026-10-10 00:00:00,yellows_under_45,66.4,PRO_MEDIUM,
Barcelona,Getafe,2026-10-10 00:00:00,yellows_under_45,61.1,PRO_MEDIUM,
Augsburg,Bayern Munich,2026-10-10 00:00:00,yellows_under_45,71.4,PRO_MEDIUM,
RAAL La Louviere,Club Brugge,2026-10-10 00:00:00,yellows_under_45,74.7,PRO_MEDIUM,
Preston,Millwall,2026-10-10 00:00:00,yellows_under_45,69.0,PRO_MEDIUM,
Hearts,St Mirren,2026-10-10 00:00:00,yellows_under_45,72.1,PRO_MEDIUM,
Inter,Parma,2026-10-10 00:00:00,yellows_under_45,78.7,PRO_STRONG,
Falkirk,Dundee,2026-10-10 00:00:00,yellows_under_45,62.1,PRO_MEDIUM,
Lille,Le Havre,2026-10-10 00:00:00,yellows_under_45,68.3,PRO_MEDIUM,
Arsenal,Leeds,2026-10-10 00:00:00,yellows_under_45,68.8,PRO_MEDIUM,
Genoa,Fiorentina,2026-10-10 00:00:00,yellows_under_45,62.2,PRO_MEDIUM,
Alanyaspor,Erzurum Bb,2026-10-10 00:00:00,yellows_under_45,61.7,PRO_MEDIUM,
Brest,Angers,2026-10-10 00:00:00,yellows_under_45,69.3,PRO_MEDIUM,
Union Berlin,Elversberg,2026-10-10 00:00:00,yellows_under_45,62.1,PRO_MEDIUM,
Watford,Burnley,2026-10-10 00:00:00,yellows_under_45,58.2,PRO_MEDIUM,
West Brom,Birmingham,2026-10-10 00:00:00,yellows_under_45,66.3,PRO_MEDIUM,
Swansea,Norwich,2026-10-10 00:00:00,yellows_under_45,61.1,PRO_MEDIUM,
Lorient,Paris FC,2026-10-10 00:00:00,yellows_under_45,69.9,PRO_MEDIUM,
Aston Villa,Brentford,2026-10-10 00:00:00,yellows_under_45,58.2,PRO_MEDIUM,
Dundee United,Hibernian,2026-10-10 00:00:00,yellows_under_45,65.5,PRO_MEDIUM,
Lecce,Bologna,2026-10-11 00:00:00,yellows_under_45,66.2,PRO_MEDIUM,
Nice,Strasbourg,2026-10-11 00:00:00,yellows_under_45,73.7,PRO_MEDIUM,
Gaziantep,Corum,2026-10-11 00:00:00,yellows_under_45,56.7,PRO_MEDIUM,
St. Liege,Charleroi,2026-10-11 00:00:00,yellows_under_45,66.8,PRO_MEDIUM,
Besiktas,Kocaelispor,2026-10-11 00:00:00,yellows_under_45,57.3,PRO_MEDIUM,
Lazio,Monza,2026-10-11 00:00:00,yellows_under_45,58.1,PRO_MEDIUM,
Aberdeen,St Johnstone,2026-10-11 00:00:00,yellows_under_45,65.3,PRO_MEDIUM,
Crystal Palace,Nottingham,2026-10-11 00:00:00,yellows_under_45,67.1,PRO_MEDIUM,
Liverpool,Man City,2026-10-11 00:00:00,yellows_under_45,57.2,PRO_MEDIUM,
Benfica,Guimaraes,2026-10-11 00:00:00,yellows_under_45,57.2,PRO_MEDIUM,
Troyes,Marseille,2026-10-11 00:00:00,yellows_under_45,70.9,PRO_MEDIUM,
Royale Union SG,Leuven,2026-10-11 00:00:00,yellows_under_45,77.8,PRO_STRONG,
Southampton,Portsmouth,2026-10-11 00:00:00,yellows_under_45,68.7,PRO_MEDIUM,
Excelsior,Groningen,2026-10-11 00:00:00,yellows_under_45,78.4,PRO_STRONG,
Hull,Everton,2026-10-11 00:00:00,yellows_under_45,62.3,PRO_MEDIUM,
Westerlo,Antwerp,2026-10-11 00:00:00,yellows_under_45,64.4,PRO_MEDIUM,
Betis,Osasuna,2026-10-11 00:00:00,yellows_under_45,56.1,PRO_MEDIUM,
Mechelen,St Truiden,2026-10-11 00:00:00,yellows_under_45,68.0,PRO_MEDIUM,
Como,Roma,2026-10-11 00:00:00,yellows_under_45,59.1,PRO_MEDIUM,
Rennes,Auxerre,2026-10-11 00:00:00,yellows_under_45,68.6,PRO_MEDIUM,
Zwolle,Cambuur,2026-10-11 00:00:00,yellows_under_45,75.4,PRO_STRONG,
Cagliari,Juventus,2026-10-11 00:00:00,yellows_under_45,67.2,PRO_MEDIUM,
Motherwell,Celtic,2026-10-11 00:00:00,yellows_under_45,63.4,PRO_MEDIUM,
Freiburg,Schalke 04,2026-10-11 00:00:00,yellows_under_45,69.9,PRO_MEDIUM,
Telstar,Den Haag,2026-10-11 00:00:00,yellows_under_45,77.0,PRO_STRONG,
Utrecht,Willem Ii,2026-10-11 00:00:00,yellows_under_45,83.0,PRO_STRONG,
Atalanta,Venezia,2026-10-12 00:00:00,yellows_under_45,70.6,PRO_MEDIUM,
Coventry,Newcastle,2026-10-12 00:00:00,yellows_under_45,62.1,PRO_MEDIUM,
Torino,Udinese,2026-10-12 00:00:00,yellows_under_45,68.4,PRO_MEDIUM,
Wrexham,West Brom,2026-10-13 00:00:00,yellows_under_45,67.7,PRO_MEDIUM,
Birmingham,Preston,2026-10-13 00:00:00,yellows_under_45,70.2,PRO_MEDIUM,
Bristol City,Blackburn,2026-10-13 00:00:00,yellows_under_45,62.4,PRO_MEDIUM,
Millwall,Swansea,2026-10-13 00:00:00,yellows_under_45,65.9,PRO_MEDIUM,
Cardiff,Watford,2026-10-13 00:00:00,yellows_under_45,60.9,PRO_MEDIUM,
Wolves,Bolton,2026-10-13 00:00:00,yellows_under_45,74.5,PRO_MEDIUM,
Stoke,Middlesbrough,2026-10-13 00:00:00,yellows_under_45,66.0,PRO_MEDIUM,
Burnley,Charlton,2026-10-13 00:00:00,yellows_under_45,64.3,PRO_MEDIUM,
Norwich,Southampton,2026-10-14 00:00:00,yellows_under_45,56.6,PRO_MEDIUM,
QPR,Derby,2026-10-14 00:00:00,yellows_under_45,61.9,PRO_MEDIUM,
Lincoln,West Ham,2026-10-14 00:00:00,yellows_under_45,67.0,PRO_MEDIUM,
Portsmouth,Sheffield United,2026-10-14 00:00:00,yellows_under_45,64.2,PRO_MEDIUM,
Heerenveen,Excelsior,2026-10-16 00:00:00,yellows_under_45,79.1,PRO_STRONG,
Le Mans,Toulouse,2026-10-16 00:00:00,yellows_under_45,62.7,PRO_MEDIUM,
Burnley,Wolves,2026-10-16 00:00:00,yellows_under_45,63.1,PRO_MEDIUM,
La Coruna,Levante,2026-10-16 00:00:00,yellows_under_45,55.9,PRO_MEDIUM,
Corum,Rizespor,2026-10-16 00:00:00,yellows_under_45,61.8,PRO_MEDIUM,
Ein Frankfurt,Fc Koln,2026-10-16 00:00:00,yellows_under_45,63.7,PRO_MEDIUM,
Erzurum Bb,Eyupspor,2026-10-17 00:00:00,yellows_under_45,56.9,PRO_MEDIUM,
Aberdeen,St Mirren,2026-10-17 00:00:00,yellows_under_45,63.2,PRO_MEDIUM,
Roma,Genoa,2026-10-17 00:00:00,yellows_under_45,72.3,PRO_MEDIUM,
Troyes,Lens,2026-10-17 00:00:00,yellows_under_45,76.2,PRO_STRONG,
Schalke 04,Mainz,2026-10-17 00:00:00,yellows_under_45,61.4,PRO_MEDIUM,
Strasbourg,PSG,2026-10-17 00:00:00,yellows_under_45,74.5,PRO_MEDIUM,
Telstar,Feyenoord,2026-10-17 00:00:00,yellows_under_45,78.9,PRO_STRONG,
Elversberg,Augsburg,2026-10-17 00:00:00,yellows_under_45,65.2,PRO_MEDIUM,
Fulham,Hull,2026-10-17 00:00:00,yellows_under_45,69.9,PRO_MEDIUM,
Sparta Rotterdam,Willem Ii,2026-10-17 00:00:00,yellows_under_45,79.4,PRO_STRONG,
Hibernian,Falkirk,2026-10-17 00:00:00,yellows_under_45,60.5,PRO_MEDIUM,
Brentford,Liverpool,2026-10-17 00:00:00,yellows_under_45,55.8,PRO_MEDIUM,
Newcastle,Aston Villa,2026-10-17 00:00:00,yellows_under_45,57.8,PRO_MEDIUM,
Watford,Charlton,2026-10-17 00:00:00,yellows_under_45,58.9,PRO_MEDIUM,
Lille,Brest,2026-10-17 00:00:00,yellows_under_45,71.0,PRO_MEDIUM,
Derby,Stoke,2026-10-17 00:00:00,yellows_under_45,59.1,PRO_MEDIUM,
Man City,Ipswich,2026-10-17 00:00:00,yellows_under_45,72.3,PRO_MEDIUM,
Hamburg,Stuttgart,2026-10-17 00:00:00,yellows_under_45,63.3,PRO_MEDIUM,
Venezia,Napoli,2026-10-17 00:00:00,yellows_under_45,60.1,PRO_MEDIUM,
Union Berlin,Dortmund,2026-10-17 00:00:00,yellows_under_45,68.6,PRO_MEDIUM,
Betis,Barcelona,2026-10-17 00:00:00,yellows_under_45,58.2,PRO_MEDIUM,
Wrexham,Preston,2026-10-17 00:00:00,yellows_under_45,73.6,PRO_MEDIUM,
Den Haag,PSV,2026-10-17 00:00:00,yellows_under_45,79.3,PRO_STRONG,
West Brom,Blackburn,2026-10-17 00:00:00,yellows_under_45,64.1,PRO_MEDIUM,
Werder Bremen,Paderborn,2026-10-17 00:00:00,yellows_under_45,70.5,PRO_MEDIUM,
St Johnstone,Dundee United,2026-10-17 00:00:00,yellows_under_45,70.3,PRO_MEDIUM,
Dundee,Rangers,2026-10-17 00:00:00,yellows_under_45,67.5,PRO_MEDIUM,
Bologna,Inter,2026-10-17 00:00:00,yellows_under_45,69.2,PRO_MEDIUM,
Kilmarnock,Motherwell,2026-10-17 00:00:00,yellows_under_45,59.9,PRO_MEDIUM,
Bristol City,Sheffield United,2026-10-17 00:00:00,yellows_under_45,63.8,PRO_MEDIUM,
Bayern Munich,Rb Leipzig,2026-10-17 00:00:00,yellows_under_45,81.1,PRO_STRONG,
Valencia,Ath Bilbao,2026-10-17 00:00:00,yellows_under_45,55.7,PRO_MEDIUM,
Middlesbrough,Cardiff,2026-10-17 00:00:00,yellows_under_45,73.3,PRO_MEDIUM,
Birmingham,QPR,2026-10-17 00:00:00,yellows_under_45,66.1,PRO_MEDIUM,
Nottingham,Arsenal,2026-10-18 00:00:00,yellows_under_45,67.6,PRO_MEDIUM,
Zwolle,Go Ahead Eagles,2026-10-18 00:00:00,yellows_under_45,79.2,PRO_STRONG,
Fiorentina,Como,2026-10-18 00:00:00,yellows_under_45,63.9,PRO_MEDIUM,
Groningen,Ajax,2026-10-18 00:00:00,yellows_under_45,77.3,PRO_STRONG,
Brighton,Crystal Palace,2026-10-18 00:00:00,yellows_under_45,68.5,PRO_MEDIUM,
Bournemouth,Sunderland,2026-10-18 00:00:00,yellows_under_45,58.0,PRO_MEDIUM,
Le Havre,Auxerre,2026-10-18 00:00:00,yellows_under_45,61.9,PRO_MEDIUM,
Nijmegen,For Sittard,2026-10-18 00:00:00,yellows_under_45,77.0,PRO_STRONG,
Angers,Marseille,2026-10-18 00:00:00,yellows_under_45,65.2,PRO_MEDIUM,
Juventus,Lazio,2026-10-18 00:00:00,yellows_under_45,55.0,PRO_MEDIUM,
Paris FC,Rennes,2026-10-18 00:00:00,yellows_under_45,65.7,PRO_MEDIUM,
Lyon,Nice,2026-10-18 00:00:00,yellows_under_45,72.7,PRO_MEDIUM,
Lorient,Monaco,2026-10-18 00:00:00,yellows_under_45,69.9,PRO_MEDIUM,
Udinese,Lecce,2026-10-18 00:00:00,yellows_under_45,67.1,PRO_MEDIUM,
Cambuur,Az Alkmaar,2026-10-18 00:00:00,yellows_under_45,80.6,PRO_STRONG,
Leeds,Man United,2026-10-18 00:00:00,yellows_under_45,60.8,PRO_MEDIUM,
Milan,Atalanta,2026-10-18 00:00:00,yellows_under_45,61.9,PRO_MEDIUM,
Real Madrid,Sevilla,2026-10-18 00:00:00,yellows_under_45,60.4,PRO_MEDIUM,
Twente,Utrecht,2026-10-18 00:00:00,yellows_under_45,79.6,PRO_STRONG,
Leverkusen,Freiburg,2026-10-18 00:00:00,yellows_under_45,67.7,PRO_MEDIUM,
Parma,Torino,2026-10-19 00:00:00,yellows_under_45,70.9,PRO_MEDIUM,
Tottenham,Coventry,2026-10-19 00:00:00,yellows_under_45,62.8,PRO_MEDIUM,
Monza,Cagliari,2026-10-19 00:00:00,yellows_under_45,65.7,PRO_MEDIUM,
Wolves,Portsmouth,2026-10-20 00:00:00,yellows_under_45,63.5,PRO_MEDIUM,
Levante,Ath Bilbao,2026-10-21 00:00:00,yellows_under_45,55.5,PRO_MEDIUM,
Brest,Nice,2026-10-23 00:00:00,yellows_under_45,75.4,PRO_STRONG,
Alanyaspor,Kocaelispor,2026-10-23 00:00:00,yellows_under_45,56.8,PRO_MEDIUM,
Kortrijk,Mechelen,2026-10-23 00:00:00,yellows_under_45,61.1,PRO_MEDIUM,
Torino,Monza,2026-10-23 00:00:00,yellows_under_45,65.7,PRO_MEDIUM,
Bolton,Middlesbrough,2026-10-23 00:00:00,yellows_under_45,74.0,PRO_MEDIUM,
Ipswich,Nottingham,2026-10-23 00:00:00,yellows_under_45,64.6,PRO_MEDIUM,
Go Ahead Eagles,Telstar,2026-10-23 00:00:00,yellows_under_45,78.9,PRO_STRONG,
Stuttgart,M'Gladbach,2026-10-23 00:00:00,yellows_under_45,61.3,PRO_MEDIUM,
Levante,Ath Bilbao,2026-09-16 00:00:00,yellows_under_55,72.1,PRO_MEDIUM,
Aris,Iraklis,2026-09-19 00:00:00,yellows_under_55,58.2,PRO_MEDIUM,
Leuven,RAAL La Louviere,2026-09-19 00:00:00,yellows_under_55,82.5,PRO_STRONG,
Ein Frankfurt,Freiburg,2026-09-19 00:00:00,yellows_under_55,79.1,PRO_STRONG,
Newcastle,Hull,2026-09-19 00:00:00,yellows_under_55,74.5,PRO_MEDIUM,
St Johnstone,Falkirk,2026-09-19 00:00:00,yellows_under_55,80.4,PRO_STRONG,
Stoke,Sheffield United,2026-09-19 00:00:00,yellows_under_55,77.1,PRO_STRONG,
Leverkusen,Rb Leipzig,2026-09-20 00:00:00,yellows_under_55,80.1,PRO_STRONG,
Az Alkmaar,Telstar,2026-09-20 00:00:00,yellows_under_55,93.0,PRO_STRONG,
Ofi Crete,Asteras Tripolis,2026-09-20 00:00:00,yellows_under_55,61.6,PRO_MEDIUM,
La Coruna,Betis,2026-09-20 00:00:00,yellows_under_55,71.3,PRO_MEDIUM,
Feyenoord,Utrecht,2026-09-20 00:00:00,yellows_under_55,92.5,PRO_STRONG,
Levadeiakos,Olympiakos,2026-09-20 00:00:00,yellows_under_55,60.4,PRO_MEDIUM,
Paderborn,Hoffenheim,2026-09-20 00:00:00,yellows_under_55,76.9,PRO_STRONG,
Fenerbahce,Eyupspor,2026-09-20 00:00:00,yellows_under_55,72.4,PRO_MEDIUM,
Auxerre,Brest,2026-09-20 00:00:00,yellows_under_55,80.7,PRO_STRONG,
Nijmegen,Go Ahead Eagles,2026-09-20 00:00:00,yellows_under_55,88.7,PRO_STRONG,
Santa Clara,Sp Braga,2026-09-20 00:00:00,yellows_under_55,62.4,PRO_MEDIUM,
Guimaraes,Moreirense,2026-09-20 00:00:00,yellows_under_55,60.9,PRO_MEDIUM,
Valencia,Sociedad,2026-09-20 00:00:00,yellows_under_55,62.6,PRO_MEDIUM,
Fiorentina,Napoli,2026-09-20 00:00:00,yellows_under_55,81.3,PRO_STRONG,
St Truiden,Westerlo,2026-09-20 00:00:00,yellows_under_55,82.7,PRO_STRONG,
Man City,Sunderland,2026-09-20 00:00:00,yellows_under_55,85.6,PRO_STRONG,
Amedspor,Besiktas,2026-09-20 00:00:00,yellows_under_55,66.7,PRO_MEDIUM,
Frosinone,Como,2026-09-20 00:00:00,yellows_under_55,80.0,PRO_STRONG,
Ath Madrid,Real Madrid,2026-09-20 00:00:00,yellows_under_55,61.5,PRO_MEDIUM,
Goztep,Rizespor,2026-09-20 00:00:00,yellows_under_55,66.2,PRO_MEDIUM,
Estoril,Casa Pia,2026-09-20 00:00:00,yellows_under_55,66.3,PRO_MEDIUM,
Nice,Lille,2026-09-20 00:00:00,yellows_under_55,82.6,PRO_STRONG,
Wolves,West Brom,2026-09-20 00:00:00,yellows_under_55,78.4,PRO_STRONG,
Bournemouth,Liverpool,2026-09-20 00:00:00,yellows_under_55,72.3,PRO_MEDIUM,
Getafe,Malaga,2026-09-20 00:00:00,yellows_under_55,58.4,PRO_MEDIUM,
Juventus,Atalanta,2026-09-20 00:00:00,yellows_under_55,81.9,PRO_STRONG,
Parma,Genoa,2026-09-20 00:00:00,yellows_under_55,77.7,PRO_STRONG,
Marseille,PSG,2026-09-20 00:00:00,yellows_under_55,82.8,PRO_STRONG,
Leeds,Crystal Palace,2026-09-20 00:00:00,yellows_under_55,80.8,PRO_STRONG,
Twente,PSV,2026-09-20 00:00:00,yellows_under_55,86.8,PRO_STRONG,
Fulham,Man United,2026-09-20 00:00:00,yellows_under_55,80.9,PRO_STRONG,
Milan,Lecce,2026-09-20 00:00:00,yellows_under_55,80.5,PRO_STRONG,
Antwerp,Royale Union SG,2026-09-20 00:00:00,yellows_under_55,79.8,PRO_STRONG,
Kortrijk,Waasland-Beveren,2026-09-20 00:00:00,yellows_under_55,80.6,PRO_STRONG,
Panetolikos,PAOK,2026-09-20 00:00:00,yellows_under_55,68.4,PRO_MEDIUM,
Villarreal,Levante,2026-09-20 00:00:00,yellows_under_55,71.9,PRO_MEDIUM,
Club Brugge,Genk,2026-09-20 00:00:00,yellows_under_55,85.1,PRO_STRONG,
Erzurum Bb,Samsunspor,2026-09-20 00:00:00,yellows_under_55,72.1,PRO_MEDIUM,
Celtic,Rangers,2026-09-20 00:00:00,yellows_under_55,71.0,PRO_MEDIUM,
Volos Nfc,AEK Athens,2026-09-20 00:00:00,yellows_under_55,64.7,PRO_MEDIUM,
Kalamata,Panathinaikos,2026-09-20 00:00:00,yellows_under_55,56.7,PRO_MEDIUM,
Norwich,Bolton,2026-09-20 00:00:00,yellows_under_55,85.4,PRO_STRONG,
PSV,Heerenveen,2026-10-09 00:00:00,yellows_under_55,93.4,PRO_STRONG,
West Ham,QPR,2026-10-09 00:00:00,yellows_under_55,83.9,PRO_STRONG,
Malaga,Espanol,2026-10-09 00:00:00,yellows_under_55,66.2,PRO_MEDIUM,
Waasland-Beveren,Lommel SK,2026-10-09 00:00:00,yellows_under_55,81.8,PRO_STRONG,
Moreirense,Gil Vicente,2026-10-09 00:00:00,yellows_under_55,65.3,PRO_MEDIUM,
Dortmund,Werder Bremen,2026-10-09 00:00:00,yellows_under_55,88.4,PRO_STRONG,
Lens,Lyon,2026-10-09 00:00:00,yellows_under_55,74.9,PRO_MEDIUM,
Galatasaray,Kasimpasa,2026-10-09 00:00:00,yellows_under_55,71.9,PRO_MEDIUM,
Vallecano,Ath Bilbao,2026-10-10 00:00:00,yellows_under_55,71.0,PRO_MEDIUM,
Napoli,Frosinone,2026-10-10 00:00:00,yellows_under_55,83.7,PRO_STRONG,
Rangers,Kilmarnock,2026-10-10 00:00:00,yellows_under_55,84.0,PRO_STRONG,
For Sittard,Twente,2026-10-10 00:00:00,yellows_under_55,89.4,PRO_STRONG,
Maritimo,Porto,2026-10-10 00:00:00,yellows_under_55,69.1,PRO_MEDIUM,
Rb Leipzig,Ein Frankfurt,2026-10-10 00:00:00,yellows_under_55,85.5,PRO_STRONG,
Middlesbrough,Wolves,2026-10-10 00:00:00,yellows_under_55,81.8,PRO_STRONG,
Go Ahead Eagles,Sparta Rotterdam,2026-10-10 00:00:00,yellows_under_55,89.4,PRO_STRONG,
Samsunspor,Trabzonspor,2026-10-10 00:00:00,yellows_under_55,68.0,PRO_MEDIUM,
Cercle Brugge,Anderlecht,2026-10-10 00:00:00,yellows_under_55,78.3,PRO_STRONG,
Hoffenheim,Hamburg,2026-10-10 00:00:00,yellows_under_55,76.1,PRO_STRONG,
Rizespor,Fenerbahce,2026-10-10 00:00:00,yellows_under_55,68.4,PRO_MEDIUM,
Monaco,Toulouse,2026-10-10 00:00:00,yellows_under_55,82.3,PRO_STRONG,
Sunderland,Brighton,2026-10-10 00:00:00,yellows_under_55,75.5,PRO_STRONG,
Paderborn,Stuttgart,2026-10-10 00:00:00,yellows_under_55,83.0,PRO_STRONG,
Derby,Wrexham,2026-10-10 00:00:00,yellows_under_55,79.5,PRO_STRONG,
Mainz,Leverkusen,2026-10-10 00:00:00,yellows_under_55,75.9,PRO_STRONG,
Waregem,Gent,2026-10-10 00:00:00,yellows_under_55,83.8,PRO_STRONG,
Genk,Kortrijk,2026-10-10 00:00:00,yellows_under_55,88.3,PRO_STRONG,
Feyenoord,Az Alkmaar,2026-10-10 00:00:00,yellows_under_55,87.9,PRO_STRONG,
Charlton,Bristol City,2026-10-10 00:00:00,yellows_under_55,78.7,PRO_STRONG,
Real Madrid,Villarreal,2026-10-10 00:00:00,yellows_under_55,75.8,PRO_STRONG,
Blackburn,Cardiff,2026-10-10 00:00:00,yellows_under_55,76.0,PRO_STRONG,
Bolton,Stoke,2026-10-10 00:00:00,yellows_under_55,81.4,PRO_STRONG,
Alaves,Ath Madrid,2026-10-10 00:00:00,yellows_under_55,63.9,PRO_MEDIUM,
Man United,Tottenham,2026-10-10 00:00:00,yellows_under_55,79.6,PRO_STRONG,
PSG,Le Mans,2026-10-10 00:00:00,yellows_under_55,88.2,PRO_STRONG,
Sheffield United,Lincoln,2026-10-10 00:00:00,yellows_under_55,78.9,PRO_STRONG,
Ajax,Nijmegen,2026-10-10 00:00:00,yellows_under_55,85.7,PRO_STRONG,
Ipswich,Fulham,2026-10-10 00:00:00,yellows_under_55,80.7,PRO_STRONG,
Barcelona,Getafe,2026-10-10 00:00:00,yellows_under_55,76.6,PRO_STRONG,
Augsburg,Bayern Munich,2026-10-10 00:00:00,yellows_under_55,84.4,PRO_STRONG,
RAAL La Louviere,Club Brugge,2026-10-10 00:00:00,yellows_under_55,86.7,PRO_STRONG,
Preston,Millwall,2026-10-10 00:00:00,yellows_under_55,82.7,PRO_STRONG,
Hearts,St Mirren,2026-10-10 00:00:00,yellows_under_55,84.9,PRO_STRONG,
Inter,Parma,2026-10-10 00:00:00,yellows_under_55,89.4,PRO_STRONG,
Falkirk,Dundee,2026-10-10 00:00:00,yellows_under_55,77.3,PRO_STRONG,
Chelsea,Bournemouth,2026-10-10 00:00:00,yellows_under_55,69.6,PRO_MEDIUM,
Lille,Le Havre,2026-10-10 00:00:00,yellows_under_55,82.2,PRO_STRONG,
Arsenal,Leeds,2026-10-10 00:00:00,yellows_under_55,82.6,PRO_STRONG,
Genoa,Fiorentina,2026-10-10 00:00:00,yellows_under_55,77.4,PRO_STRONG,
Alanyaspor,Erzurum Bb,2026-10-10 00:00:00,yellows_under_55,77.1,PRO_STRONG,
Genclerbirligi,Amedspor,2026-10-10 00:00:00,yellows_under_55,66.9,PRO_MEDIUM,
Brest,Angers,2026-10-10 00:00:00,yellows_under_55,82.9,PRO_STRONG,
Casa Pia,Santa Clara,2026-10-10 00:00:00,yellows_under_55,66.7,PRO_MEDIUM,
Union Berlin,Elversberg,2026-10-10 00:00:00,yellows_under_55,77.4,PRO_STRONG,
Watford,Burnley,2026-10-10 00:00:00,yellows_under_55,74.2,PRO_MEDIUM,
West Brom,Birmingham,2026-10-10 00:00:00,yellows_under_55,80.7,PRO_STRONG,
Swansea,Norwich,2026-10-10 00:00:00,yellows_under_55,76.6,PRO_STRONG,
Lorient,Paris FC,2026-10-10 00:00:00,yellows_under_55,83.3,PRO_STRONG,
Asteras Tripolis,Atromitos,2026-10-10 00:00:00,yellows_under_55,57.9,PRO_MEDIUM,
Aston Villa,Brentford,2026-10-10 00:00:00,yellows_under_55,74.2,PRO_MEDIUM,
Dundee United,Hibernian,2026-10-10 00:00:00,yellows_under_55,80.0,PRO_STRONG,
AEK Athens,Ofi Crete,2026-10-10 00:00:00,yellows_under_55,66.2,PRO_MEDIUM,
Elche,Celta,2026-10-11 00:00:00,yellows_under_55,67.8,PRO_MEDIUM,
Lecce,Bologna,2026-10-11 00:00:00,yellows_under_55,80.6,PRO_STRONG,
Nice,Strasbourg,2026-10-11 00:00:00,yellows_under_55,86.1,PRO_STRONG,
Gaziantep,Corum,2026-10-11 00:00:00,yellows_under_55,72.9,PRO_MEDIUM,
St. Liege,Charleroi,2026-10-11 00:00:00,yellows_under_55,81.1,PRO_STRONG,
Besiktas,Kocaelispor,2026-10-11 00:00:00,yellows_under_55,73.4,PRO_MEDIUM,
Lazio,Monza,2026-10-11 00:00:00,yellows_under_55,74.1,PRO_MEDIUM,
Aberdeen,St Johnstone,2026-10-11 00:00:00,yellows_under_55,79.9,PRO_STRONG,
Konyaspor,Basaksehir,2026-10-11 00:00:00,yellows_under_55,66.0,PRO_MEDIUM,
Arouca,Estrela,2026-10-11 00:00:00,yellows_under_55,55.9,PRO_MEDIUM,
Crystal Palace,Nottingham,2026-10-11 00:00:00,yellows_under_55,81.2,PRO_STRONG,
Liverpool,Man City,2026-10-11 00:00:00,yellows_under_55,73.4,PRO_MEDIUM,
Aris,Volos Nfc,2026-10-11 00:00:00,yellows_under_55,66.8,PRO_MEDIUM,
Benfica,Guimaraes,2026-10-11 00:00:00,yellows_under_55,73.3,PRO_MEDIUM,
Troyes,Marseille,2026-10-11 00:00:00,yellows_under_55,84.0,PRO_STRONG,
Royale Union SG,Leuven,2026-10-11 00:00:00,yellows_under_55,88.8,PRO_STRONG,
Southampton,Portsmouth,2026-10-11 00:00:00,yellows_under_55,82.5,PRO_STRONG,
Rio Ave,Nacional,2026-10-11 00:00:00,yellows_under_55,64.9,PRO_MEDIUM,
Excelsior,Groningen,2026-10-11 00:00:00,yellows_under_55,89.2,PRO_STRONG,
Kifisia,Panetolikos,2026-10-11 00:00:00,yellows_under_55,58.1,PRO_MEDIUM,
Hull,Everton,2026-10-11 00:00:00,yellows_under_55,77.5,PRO_STRONG,
Westerlo,Antwerp,2026-10-11 00:00:00,yellows_under_55,79.2,PRO_STRONG,
Betis,Osasuna,2026-10-11 00:00:00,yellows_under_55,72.4,PRO_MEDIUM,
Sassuolo,Milan,2026-10-11 00:00:00,yellows_under_55,69.8,PRO_MEDIUM,
Mechelen,St Truiden,2026-10-11 00:00:00,yellows_under_55,81.9,PRO_STRONG,
Como,Roma,2026-10-11 00:00:00,yellows_under_55,75.0,PRO_STRONG,
Rennes,Auxerre,2026-10-11 00:00:00,yellows_under_55,82.4,PRO_STRONG,
Iraklis,Levadeiakos,2026-10-11 00:00:00,yellows_under_55,55.7,PRO_MEDIUM,
Fc Koln,M'Gladbach,2026-10-11 00:00:00,yellows_under_55,70.3,PRO_MEDIUM,
Zwolle,Cambuur,2026-10-11 00:00:00,yellows_under_55,87.2,PRO_STRONG,
Racing Santander,Valencia,2026-10-11 00:00:00,yellows_under_55,61.6,PRO_MEDIUM,
Cagliari,Juventus,2026-10-11 00:00:00,yellows_under_55,81.3,PRO_STRONG,
Motherwell,Celtic,2026-10-11 00:00:00,yellows_under_55,78.4,PRO_STRONG,
Freiburg,Schalke 04,2026-10-11 00:00:00,yellows_under_55,83.4,PRO_STRONG,
Telstar,Den Haag,2026-10-11 00:00:00,yellows_under_55,88.3,PRO_STRONG,
Sociedad,La Coruna,2026-10-11 00:00:00,yellows_under_55,65.6,PRO_MEDIUM,
Utrecht,Willem Ii,2026-10-11 00:00:00,yellows_under_55,92.1,PRO_STRONG,
Atalanta,Venezia,2026-10-12 00:00:00,yellows_under_55,83.8,PRO_STRONG,
Coventry,Newcastle,2026-10-12 00:00:00,yellows_under_55,77.4,PRO_STRONG,
Levante,Sevilla,2026-10-12 00:00:00,yellows_under_55,67.8,PRO_MEDIUM,
Eyupspor,Goztep,2026-10-12 00:00:00,yellows_under_55,67.4,PRO_MEDIUM,
Famalicao,Alverca,2026-10-12 00:00:00,yellows_under_55,64.4,PRO_MEDIUM,
Torino,Udinese,2026-10-12 00:00:00,yellows_under_55,82.3,PRO_STRONG,
PAOK,Kalamata,2026-10-12 00:00:00,yellows_under_55,69.6,PRO_MEDIUM,
Wrexham,West Brom,2026-10-13 00:00:00,yellows_under_55,81.7,PRO_STRONG,
Birmingham,Preston,2026-10-13 00:00:00,yellows_under_55,83.6,PRO_STRONG,
Bristol City,Blackburn,2026-10-13 00:00:00,yellows_under_55,77.6,PRO_STRONG,
Millwall,Swansea,2026-10-13 00:00:00,yellows_under_55,80.4,PRO_STRONG,
Cardiff,Watford,2026-10-13 00:00:00,yellows_under_55,76.4,PRO_STRONG,
Wolves,Bolton,2026-10-13 00:00:00,yellows_under_55,86.6,PRO_STRONG,
Stoke,Middlesbrough,2026-10-13 00:00:00,yellows_under_55,80.4,PRO_STRONG,
Burnley,Charlton,2026-10-13 00:00:00,yellows_under_55,79.1,PRO_STRONG,
Norwich,Southampton,2026-10-14 00:00:00,yellows_under_55,72.8,PRO_MEDIUM,
QPR,Derby,2026-10-14 00:00:00,yellows_under_55,77.3,PRO_STRONG,
Lincoln,West Ham,2026-10-14 00:00:00,yellows_under_55,81.2,PRO_STRONG,
Portsmouth,Sheffield United,2026-10-14 00:00:00,yellows_under_55,79.1,PRO_STRONG,
Heerenveen,Excelsior,2026-10-16 00:00:00,yellows_under_55,89.7,PRO_STRONG,
Le Mans,Toulouse,2026-10-16 00:00:00,yellows_under_55,77.8,PRO_STRONG,
Burnley,Wolves,2026-10-16 00:00:00,yellows_under_55,78.2,PRO_STRONG,
La Coruna,Levante,2026-10-16 00:00:00,yellows_under_55,72.2,PRO_MEDIUM,
Corum,Rizespor,2026-10-16 00:00:00,yellows_under_55,77.1,PRO_STRONG,
Frosinone,Sassuolo,2026-10-16 00:00:00,yellows_under_55,71.3,PRO_MEDIUM,
Ein Frankfurt,Fc Koln,2026-10-16 00:00:00,yellows_under_55,78.7,PRO_STRONG,
Erzurum Bb,Eyupspor,2026-10-17 00:00:00,yellows_under_55,73.1,PRO_MEDIUM,
Aberdeen,St Mirren,2026-10-17 00:00:00,yellows_under_55,78.3,PRO_STRONG,
Roma,Genoa,2026-10-17 00:00:00,yellows_under_55,85.0,PRO_STRONG,
Troyes,Lens,2026-10-17 00:00:00,yellows_under_55,87.8,PRO_STRONG,
Schalke 04,Mainz,2026-10-17 00:00:00,yellows_under_55,76.9,PRO_STRONG,
Strasbourg,PSG,2026-10-17 00:00:00,yellows_under_55,86.6,PRO_STRONG,
Telstar,Feyenoord,2026-10-17 00:00:00,yellows_under_55,89.5,PRO_STRONG,
Elversberg,Augsburg,2026-10-17 00:00:00,yellows_under_55,79.8,PRO_STRONG,
Everton,Chelsea,2026-10-17 00:00:00,yellows_under_55,71.3,PRO_MEDIUM,
Fulham,Hull,2026-10-17 00:00:00,yellows_under_55,83.4,PRO_STRONG,
Espanol,Ath Madrid,2026-10-17 00:00:00,yellows_under_55,64.2,PRO_MEDIUM,
Sparta Rotterdam,Willem Ii,2026-10-17 00:00:00,yellows_under_55,89.8,PRO_STRONG,
Amedspor,Konyaspor,2026-10-17 00:00:00,yellows_under_55,69.5,PRO_MEDIUM,
Villarreal,Elche,2026-10-17 00:00:00,yellows_under_55,66.3,PRO_MEDIUM,
Atromitos,AEK Athens,2026-10-17 00:00:00,yellows_under_55,63.9,PRO_MEDIUM,
Hibernian,Falkirk,2026-10-17 00:00:00,yellows_under_55,76.1,PRO_STRONG,
Brentford,Liverpool,2026-10-17 00:00:00,yellows_under_55,72.1,PRO_MEDIUM,
Newcastle,Aston Villa,2026-10-17 00:00:00,yellows_under_55,73.8,PRO_MEDIUM,
Watford,Charlton,2026-10-17 00:00:00,yellows_under_55,74.8,PRO_MEDIUM,
Lille,Brest,2026-10-17 00:00:00,yellows_under_55,84.2,PRO_STRONG,
Derby,Stoke,2026-10-17 00:00:00,yellows_under_55,75.0,PRO_STRONG,
Man City,Ipswich,2026-10-17 00:00:00,yellows_under_55,85.1,PRO_STRONG,
Hamburg,Stuttgart,2026-10-17 00:00:00,yellows_under_55,78.3,PRO_STRONG,
Fenerbahce,Alanyaspor,2026-10-17 00:00:00,yellows_under_55,69.1,PRO_MEDIUM,
Venezia,Napoli,2026-10-17 00:00:00,yellows_under_55,75.8,PRO_STRONG,
Union Berlin,Dortmund,2026-10-17 00:00:00,yellows_under_55,82.4,PRO_STRONG,
Betis,Barcelona,2026-10-17 00:00:00,yellows_under_55,74.2,PRO_MEDIUM,
Wrexham,Preston,2026-10-17 00:00:00,yellows_under_55,86.0,PRO_STRONG,
Den Haag,PSV,2026-10-17 00:00:00,yellows_under_55,89.8,PRO_STRONG,
West Brom,Blackburn,2026-10-17 00:00:00,yellows_under_55,79.0,PRO_STRONG,
Werder Bremen,Paderborn,2026-10-17 00:00:00,yellows_under_55,83.8,PRO_STRONG,
St Johnstone,Dundee United,2026-10-17 00:00:00,yellows_under_55,83.6,PRO_STRONG,
Dundee,Rangers,2026-10-17 00:00:00,yellows_under_55,81.6,PRO_STRONG,
Bologna,Inter,2026-10-17 00:00:00,yellows_under_55,82.8,PRO_STRONG,
Kilmarnock,Motherwell,2026-10-17 00:00:00,yellows_under_55,75.6,PRO_STRONG,
Bristol City,Sheffield United,2026-10-17 00:00:00,yellows_under_55,78.7,PRO_STRONG,
Bayern Munich,Rb Leipzig,2026-10-17 00:00:00,yellows_under_55,90.9,PRO_STRONG,
Valencia,Ath Bilbao,2026-10-17 00:00:00,yellows_under_55,72.1,PRO_MEDIUM,
Middlesbrough,Cardiff,2026-10-17 00:00:00,yellows_under_55,85.8,PRO_STRONG,
Genclerbirligi,Galatasaray,2026-10-17 00:00:00,yellows_under_55,71.0,PRO_MEDIUM,
Birmingham,QPR,2026-10-17 00:00:00,yellows_under_55,80.5,PRO_STRONG,
Nottingham,Arsenal,2026-10-18 00:00:00,yellows_under_55,81.6,PRO_STRONG,
Zwolle,Go Ahead Eagles,2026-10-18 00:00:00,yellows_under_55,89.7,PRO_STRONG,
Fiorentina,Como,2026-10-18 00:00:00,yellows_under_55,78.8,PRO_STRONG,
Groningen,Ajax,2026-10-18 00:00:00,yellows_under_55,88.5,PRO_STRONG,
Kasimpasa,Samsunspor,2026-10-18 00:00:00,yellows_under_55,66.8,PRO_MEDIUM,
Osasuna,Racing Santander,2026-10-18 00:00:00,yellows_under_55,66.4,PRO_MEDIUM,
Brighton,Crystal Palace,2026-10-18 00:00:00,yellows_under_55,82.3,PRO_STRONG,
Bournemouth,Sunderland,2026-10-18 00:00:00,yellows_under_55,74.0,PRO_MEDIUM,
Le Havre,Auxerre,2026-10-18 00:00:00,yellows_under_55,77.2,PRO_STRONG,
Basaksehir,Gaziantep,2026-10-18 00:00:00,yellows_under_55,67.1,PRO_MEDIUM,
M'Gladbach,Hoffenheim,2026-10-18 00:00:00,yellows_under_55,68.6,PRO_MEDIUM,
Nijmegen,For Sittard,2026-10-18 00:00:00,yellows_under_55,88.3,PRO_STRONG,
Panathinaikos,Asteras Tripolis,2026-10-18 00:00:00,yellows_under_55,68.2,PRO_MEDIUM,
Kifisia,Aris,2026-10-18 00:00:00,yellows_under_55,62.2,PRO_MEDIUM,
Angers,Marseille,2026-10-18 00:00:00,yellows_under_55,79.8,PRO_STRONG,
Juventus,Lazio,2026-10-18 00:00:00,yellows_under_55,71.4,PRO_MEDIUM,
PAOK,Iraklis,2026-10-18 00:00:00,yellows_under_55,70.6,PRO_MEDIUM,
Malaga,Sociedad,2026-10-18 00:00:00,yellows_under_55,65.6,PRO_MEDIUM,
Panetolikos,Olympiakos,2026-10-18 00:00:00,yellows_under_55,65.5,PRO_MEDIUM,
Kocaelispor,Goztep,2026-10-18 00:00:00,yellows_under_55,65.5,PRO_MEDIUM,
Paris FC,Rennes,2026-10-18 00:00:00,yellows_under_55,80.2,PRO_STRONG,
Lyon,Nice,2026-10-18 00:00:00,yellows_under_55,85.3,PRO_STRONG,
Lorient,Monaco,2026-10-18 00:00:00,yellows_under_55,83.3,PRO_STRONG,
Udinese,Lecce,2026-10-18 00:00:00,yellows_under_55,81.2,PRO_STRONG,
Celtic,Hearts,2026-10-18 00:00:00,yellows_under_55,70.5,PRO_MEDIUM,
Cambuur,Az Alkmaar,2026-10-18 00:00:00,yellows_under_55,90.6,PRO_STRONG,
Celta,Alaves,2026-10-18 00:00:00,yellows_under_55,65.2,PRO_MEDIUM,
Leeds,Man United,2026-10-18 00:00:00,yellows_under_55,76.3,PRO_STRONG,
Milan,Atalanta,2026-10-18 00:00:00,yellows_under_55,77.3,PRO_STRONG,
Real Madrid,Sevilla,2026-10-18 00:00:00,yellows_under_55,76.0,PRO_STRONG,
Twente,Utrecht,2026-10-18 00:00:00,yellows_under_55,90.0,PRO_STRONG,
Leverkusen,Freiburg,2026-10-18 00:00:00,yellows_under_55,81.7,PRO_STRONG,
Trabzonspor,Besiktas,2026-10-19 00:00:00,yellows_under_55,61.6,PRO_MEDIUM,
Parma,Torino,2026-10-19 00:00:00,yellows_under_55,84.1,PRO_STRONG,
Tottenham,Coventry,2026-10-19 00:00:00,yellows_under_55,77.9,PRO_STRONG,
Monza,Cagliari,2026-10-19 00:00:00,yellows_under_55,80.2,PRO_STRONG,
Wolves,Portsmouth,2026-10-20 00:00:00,yellows_under_55,78.5,PRO_STRONG,
Levante,Ath Bilbao,2026-10-21 00:00:00,yellows_under_55,71.9,PRO_MEDIUM,
Brest,Nice,2026-10-23 00:00:00,yellows_under_55,87.2,PRO_STRONG,
Alaves,Malaga,2026-10-23 00:00:00,yellows_under_55,70.1,PRO_MEDIUM,
Alanyaspor,Kocaelispor,2026-10-23 00:00:00,yellows_under_55,73.0,PRO_MEDIUM,
Guimaraes,Maritimo,2026-10-23 00:00:00,yellows_under_55,59.8,PRO_MEDIUM,
Kortrijk,Mechelen,2026-10-23 00:00:00,yellows_under_55,76.6,PRO_STRONG,
Torino,Monza,2026-10-23 00:00:00,yellows_under_55,80.2,PRO_STRONG,
Bolton,Middlesbrough,2026-10-23 00:00:00,yellows_under_55,86.2,PRO_STRONG,
Ipswich,Nottingham,2026-10-23 00:00:00,yellows_under_55,79.4,PRO_STRONG,
Go Ahead Eagles,Telstar,2026-10-23 00:00:00,yellows_under_55,89.6,PRO_STRONG,
Stuttgart,M'Gladbach,2026-10-23 00:00:00,yellows_under_55,76.7,PRO_STRONG,
Santa Clara,Sp Braga,2026-09-20 00:00:00,sot_under_75,55.2,PRO_MEDIUM,
Casa Pia,Santa Clara,2026-10-10 00:00:00,sot_under_75,57.4,PRO_MEDIUM,
Leuven,RAAL La Louviere,2026-09-19 00:00:00,sot_under_85,58.8,PRO_MEDIUM,
St Johnstone,Falkirk,2026-09-19 00:00:00,sot_under_85,59.7,PRO_MEDIUM,
Stoke,Sheffield United,2026-09-19 00:00:00,sot_under_85,58.1,PRO_MEDIUM,
Ofi Crete,Asteras Tripolis,2026-09-20 00:00:00,sot_under_85,60.8,PRO_MEDIUM,
Levadeiakos,Olympiakos,2026-09-20 00:00:00,sot_under_85,56.0,PRO_MEDIUM,
Santa Clara,Sp Braga,2026-09-20 00:00:00,sot_under_85,68.3,PRO_MEDIUM,
Guimaraes,Moreirense,2026-09-20 00:00:00,sot_under_85,58.5,PRO_MEDIUM,
Estoril,Casa Pia,2026-09-20 00:00:00,sot_under_85,64.5,PRO_MEDIUM,
Nice,Lille,2026-09-20 00:00:00,sot_under_85,55.9,PRO_MEDIUM,
Wolves,West Brom,2026-09-20 00:00:00,sot_under_85,61.9,PRO_MEDIUM,
Getafe,Malaga,2026-09-20 00:00:00,sot_under_85,67.7,PRO_MEDIUM,
Parma,Genoa,2026-09-20 00:00:00,sot_under_85,66.7,PRO_MEDIUM,
Panetolikos,PAOK,2026-09-20 00:00:00,sot_under_85,66.4,PRO_MEDIUM,
Erzurum Bb,Samsunspor,2026-09-20 00:00:00,sot_under_85,58.0,PRO_MEDIUM,
Volos Nfc,AEK Athens,2026-09-20 00:00:00,sot_under_85,58.0,PRO_MEDIUM,
Malaga,Espanol,2026-10-09 00:00:00,sot_under_85,63.1,PRO_MEDIUM,
Moreirense,Gil Vicente,2026-10-09 00:00:00,sot_under_85,67.8,PRO_MEDIUM,
Sp Braga,Sporting CP,2026-10-09 00:00:00,sot_under_85,58.1,PRO_MEDIUM,
Middlesbrough,Wolves,2026-10-10 00:00:00,sot_under_85,58.1,PRO_MEDIUM,
Sunderland,Brighton,2026-10-10 00:00:00,sot_under_85,56.2,PRO_MEDIUM,
Derby,Wrexham,2026-10-10 00:00:00,sot_under_85,55.6,PRO_MEDIUM,
Charlton,Bristol City,2026-10-10 00:00:00,sot_under_85,65.5,PRO_MEDIUM,
Bolton,Stoke,2026-10-10 00:00:00,sot_under_85,56.4,PRO_MEDIUM,
Sheffield United,Lincoln,2026-10-10 00:00:00,sot_under_85,56.7,PRO_MEDIUM,
Preston,Millwall,2026-10-10 00:00:00,sot_under_85,61.8,PRO_MEDIUM,
Falkirk,Dundee,2026-10-10 00:00:00,sot_under_85,57.6,PRO_MEDIUM,
Lille,Le Havre,2026-10-10 00:00:00,sot_under_85,55.5,PRO_MEDIUM,
Genoa,Fiorentina,2026-10-10 00:00:00,sot_under_85,63.4,PRO_MEDIUM,
Casa Pia,Santa Clara,2026-10-10 00:00:00,sot_under_85,70.3,PRO_MEDIUM,
Watford,Burnley,2026-10-10 00:00:00,sot_under_85,59.4,PRO_MEDIUM,
West Brom,Birmingham,2026-10-10 00:00:00,sot_under_85,63.7,PRO_MEDIUM,
Swansea,Norwich,2026-10-10 00:00:00,sot_under_85,55.8,PRO_MEDIUM,
Lorient,Paris FC,2026-10-10 00:00:00,sot_under_85,61.8,PRO_MEDIUM,
Asteras Tripolis,Atromitos,2026-10-10 00:00:00,sot_under_85,58.4,PRO_MEDIUM,
Elche,Celta,2026-10-11 00:00:00,sot_under_85,59.6,PRO_MEDIUM,
Lecce,Bologna,2026-10-11 00:00:00,sot_under_85,63.5,PRO_MEDIUM,
Aberdeen,St Johnstone,2026-10-11 00:00:00,sot_under_85,62.0,PRO_MEDIUM,
Arouca,Estrela,2026-10-11 00:00:00,sot_under_85,59.7,PRO_MEDIUM,
Crystal Palace,Nottingham,2026-10-11 00:00:00,sot_under_85,59.6,PRO_MEDIUM,
Rio Ave,Nacional,2026-10-11 00:00:00,sot_under_85,61.8,PRO_MEDIUM,
Kifisia,Panetolikos,2026-10-11 00:00:00,sot_under_85,64.6,PRO_MEDIUM,
Hull,Everton,2026-10-11 00:00:00,sot_under_85,62.4,PRO_MEDIUM,
Mechelen,St Truiden,2026-10-11 00:00:00,sot_under_85,55.4,PRO_MEDIUM,
Levante,Sevilla,2026-10-12 00:00:00,sot_under_85,59.2,PRO_MEDIUM,
Eyupspor,Goztep,2026-10-12 00:00:00,sot_under_85,57.5,PRO_MEDIUM,
Famalicao,Alverca,2026-10-12 00:00:00,sot_under_85,65.0,PRO_MEDIUM,
Torino,Udinese,2026-10-12 00:00:00,sot_under_85,57.8,PRO_MEDIUM,
PAOK,Kalamata,2026-10-12 00:00:00,sot_under_85,55.5,PRO_MEDIUM,
Wrexham,West Brom,2026-10-13 00:00:00,sot_under_85,62.6,PRO_MEDIUM,
Birmingham,Preston,2026-10-13 00:00:00,sot_under_85,57.2,PRO_MEDIUM,
Bristol City,Blackburn,2026-10-13 00:00:00,sot_under_85,63.3,PRO_MEDIUM,
Millwall,Swansea,2026-10-13 00:00:00,sot_under_85,62.6,PRO_MEDIUM,
Stoke,Middlesbrough,2026-10-13 00:00:00,sot_under_85,63.6,PRO_MEDIUM,
Burnley,Charlton,2026-10-13 00:00:00,sot_under_85,59.3,PRO_MEDIUM,
Portsmouth,Sheffield United,2026-10-14 00:00:00,sot_under_85,59.9,PRO_MEDIUM,
Burnley,Wolves,2026-10-16 00:00:00,sot_under_85,59.4,PRO_MEDIUM,
Erzurum Bb,Eyupspor,2026-10-17 00:00:00,sot_under_85,61.3,PRO_MEDIUM,
Aberdeen,St Mirren,2026-10-17 00:00:00,sot_under_85,63.4,PRO_MEDIUM,
Fulham,Hull,2026-10-17 00:00:00,sot_under_85,59.0,PRO_MEDIUM,
Hibernian,Falkirk,2026-10-17 00:00:00,sot_under_85,59.5,PRO_MEDIUM,
Watford,Charlton,2026-10-17 00:00:00,sot_under_85,63.2,PRO_MEDIUM,
Derby,Stoke,2026-10-17 00:00:00,sot_under_85,63.3,PRO_MEDIUM,
Levadeiakos,Volos Nfc,2026-10-17 00:00:00,sot_under_85,64.9,PRO_MEDIUM,
Wrexham,Preston,2026-10-17 00:00:00,sot_under_85,60.6,PRO_MEDIUM,
West Brom,Blackburn,2026-10-17 00:00:00,sot_under_85,63.6,PRO_MEDIUM,
Bristol City,Sheffield United,2026-10-17 00:00:00,sot_under_85,60.8,PRO_MEDIUM,
Valencia,Ath Bilbao,2026-10-17 00:00:00,sot_under_85,64.1,PRO_MEDIUM,
Birmingham,QPR,2026-10-17 00:00:00,sot_under_85,58.2,PRO_MEDIUM,
Nottingham,Arsenal,2026-10-18 00:00:00,sot_under_85,57.9,PRO_MEDIUM,
Kasimpasa,Samsunspor,2026-10-18 00:00:00,sot_under_85,57.3,PRO_MEDIUM,
Bournemouth,Sunderland,2026-10-18 00:00:00,sot_under_85,59.3,PRO_MEDIUM,
Kalamata,Ofi Crete,2026-10-18 00:00:00,sot_under_85,57.9,PRO_MEDIUM,
Kifisia,Aris,2026-10-18 00:00:00,sot_under_85,57.3,PRO_MEDIUM,
Panetolikos,Olympiakos,2026-10-18 00:00:00,sot_under_85,56.2,PRO_MEDIUM,
Kocaelispor,Goztep,2026-10-18 00:00:00,sot_under_85,64.7,PRO_MEDIUM,
Lorient,Monaco,2026-10-18 00:00:00,sot_under_85,58.7,PRO_MEDIUM,
Celta,Alaves,2026-10-18 00:00:00,sot_under_85,59.2,PRO_MEDIUM,
Parma,Torino,2026-10-19 00:00:00,sot_under_85,64.2,PRO_MEDIUM,
Tottenham,Coventry,2026-10-19 00:00:00,sot_under_85,57.9,PRO_MEDIUM,
Getafe,Vallecano,2026-10-19 00:00:00,sot_under_85,63.1,PRO_MEDIUM,
Wolves,Portsmouth,2026-10-20 00:00:00,sot_under_85,60.7,PRO_MEDIUM,
Levante,Ath Bilbao,2026-10-21 00:00:00,sot_under_85,55.5,PRO_MEDIUM,
Brest,Nice,2026-10-23 00:00:00,sot_under_85,56.3,PRO_MEDIUM,
Alaves,Malaga,2026-10-23 00:00:00,sot_under_85,57.9,PRO_MEDIUM,
Alanyaspor,Kocaelispor,2026-10-23 00:00:00,sot_under_85,60.2,PRO_MEDIUM,
Guimaraes,Maritimo,2026-10-23 00:00:00,sot_under_85,55.6,PRO_MEDIUM,
Kortrijk,Mechelen,2026-10-23 00:00:00,sot_under_85,58.9,PRO_MEDIUM,
Levante,Ath Bilbao,2026-09-16 00:00:00,sot_under_95,62.7,PRO_MEDIUM,
Aris,Iraklis,2026-09-19 00:00:00,sot_under_95,60.0,PRO_MEDIUM,
Leuven,RAAL La Louviere,2026-09-19 00:00:00,sot_under_95,71.2,PRO_MEDIUM,
Newcastle,Hull,2026-09-19 00:00:00,sot_under_95,67.1,PRO_MEDIUM,
St Johnstone,Falkirk,2026-09-19 00:00:00,sot_under_95,72.0,PRO_MEDIUM,
Stoke,Sheffield United,2026-09-19 00:00:00,sot_under_95,70.6,PRO_MEDIUM,
Ofi Crete,Asteras Tripolis,2026-09-20 00:00:00,sot_under_95,73.0,PRO_MEDIUM,
Porto,Benfica,2026-09-20 00:00:00,sot_under_95,60.8,PRO_MEDIUM,
Levadeiakos,Olympiakos,2026-09-20 00:00:00,sot_under_95,68.7,PRO_MEDIUM,
Auxerre,Brest,2026-09-20 00:00:00,sot_under_95,66.0,PRO_MEDIUM,
Santa Clara,Sp Braga,2026-09-20 00:00:00,sot_under_95,79.2,PRO_STRONG,
Guimaraes,Moreirense,2026-09-20 00:00:00,sot_under_95,70.9,PRO_MEDIUM,
Valencia,Sociedad,2026-09-20 00:00:00,sot_under_95,67.0,PRO_MEDIUM,
Fiorentina,Napoli,2026-09-20 00:00:00,sot_under_95,65.8,PRO_MEDIUM,
St Truiden,Westerlo,2026-09-20 00:00:00,sot_under_95,60.7,PRO_MEDIUM,
Amedspor,Besiktas,2026-09-20 00:00:00,sot_under_95,60.5,PRO_MEDIUM,
Frosinone,Como,2026-09-20 00:00:00,sot_under_95,64.0,PRO_MEDIUM,
Goztep,Rizespor,2026-09-20 00:00:00,sot_under_95,62.4,PRO_MEDIUM,
Estoril,Casa Pia,2026-09-20 00:00:00,sot_under_95,76.1,PRO_STRONG,
Nice,Lille,2026-09-20 00:00:00,sot_under_95,68.6,PRO_MEDIUM,
Wolves,West Brom,2026-09-20 00:00:00,sot_under_95,73.9,PRO_MEDIUM,
Bournemouth,Liverpool,2026-09-20 00:00:00,sot_under_95,61.3,PRO_MEDIUM,
Getafe,Malaga,2026-09-20 00:00:00,sot_under_95,78.7,PRO_STRONG,
Parma,Genoa,2026-09-20 00:00:00,sot_under_95,77.9,PRO_STRONG,
Leeds,Crystal Palace,2026-09-20 00:00:00,sot_under_95,64.6,PRO_MEDIUM,
Fulham,Man United,2026-09-20 00:00:00,sot_under_95,65.6,PRO_MEDIUM,
Milan,Lecce,2026-09-20 00:00:00,sot_under_95,64.1,PRO_MEDIUM,
Kortrijk,Waasland-Beveren,2026-09-20 00:00:00,sot_under_95,62.8,PRO_MEDIUM,
Panetolikos,PAOK,2026-09-20 00:00:00,sot_under_95,77.7,PRO_STRONG,
Erzurum Bb,Samsunspor,2026-09-20 00:00:00,sot_under_95,70.5,PRO_MEDIUM,
Volos Nfc,AEK Athens,2026-09-20 00:00:00,sot_under_95,70.5,PRO_MEDIUM,
Kalamata,Panathinaikos,2026-09-20 00:00:00,sot_under_95,67.1,PRO_MEDIUM,
West Ham,QPR,2026-10-09 00:00:00,sot_under_95,58.6,PRO_MEDIUM,
Malaga,Espanol,2026-10-09 00:00:00,sot_under_95,74.9,PRO_MEDIUM,
Waasland-Beveren,Lommel SK,2026-10-09 00:00:00,sot_under_95,63.2,PRO_MEDIUM,
Moreirense,Gil Vicente,2026-10-09 00:00:00,sot_under_95,78.8,PRO_STRONG,
Sp Braga,Sporting CP,2026-10-09 00:00:00,sot_under_95,70.6,PRO_MEDIUM,
Lens,Lyon,2026-10-09 00:00:00,sot_under_95,55.4,PRO_MEDIUM,
Vallecano,Ath Bilbao,2026-10-10 00:00:00,sot_under_95,62.5,PRO_MEDIUM,
Napoli,Frosinone,2026-10-10 00:00:00,sot_under_95,59.7,PRO_MEDIUM,
Maritimo,Porto,2026-10-10 00:00:00,sot_under_95,62.4,PRO_MEDIUM,
Middlesbrough,Wolves,2026-10-10 00:00:00,sot_under_95,70.6,PRO_MEDIUM,
Samsunspor,Trabzonspor,2026-10-10 00:00:00,sot_under_95,55.4,PRO_MEDIUM,
Monaco,Toulouse,2026-10-10 00:00:00,sot_under_95,56.2,PRO_MEDIUM,
Sunderland,Brighton,2026-10-10 00:00:00,sot_under_95,68.9,PRO_MEDIUM,
Derby,Wrexham,2026-10-10 00:00:00,sot_under_95,68.4,PRO_MEDIUM,
Waregem,Gent,2026-10-10 00:00:00,sot_under_95,60.3,PRO_MEDIUM,
Genk,Kortrijk,2026-10-10 00:00:00,sot_under_95,56.8,PRO_MEDIUM,
Charlton,Bristol City,2026-10-10 00:00:00,sot_under_95,76.9,PRO_STRONG,
Blackburn,Cardiff,2026-10-10 00:00:00,sot_under_95,64.3,PRO_MEDIUM,
Bolton,Stoke,2026-10-10 00:00:00,sot_under_95,69.0,PRO_MEDIUM,
Alaves,Ath Madrid,2026-10-10 00:00:00,sot_under_95,62.9,PRO_MEDIUM,
Man United,Tottenham,2026-10-10 00:00:00,sot_under_95,55.8,PRO_MEDIUM,
Sheffield United,Lincoln,2026-10-10 00:00:00,sot_under_95,69.3,PRO_MEDIUM,
Ipswich,Fulham,2026-10-10 00:00:00,sot_under_95,65.0,PRO_MEDIUM,
Preston,Millwall,2026-10-10 00:00:00,sot_under_95,73.8,PRO_MEDIUM,
Hearts,St Mirren,2026-10-10 00:00:00,sot_under_95,66.1,PRO_MEDIUM,
Falkirk,Dundee,2026-10-10 00:00:00,sot_under_95,70.2,PRO_MEDIUM,
Chelsea,Bournemouth,2026-10-10 00:00:00,sot_under_95,57.3,PRO_MEDIUM,
Lille,Le Havre,2026-10-10 00:00:00,sot_under_95,68.2,PRO_MEDIUM,
Arsenal,Leeds,2026-10-10 00:00:00,sot_under_95,61.3,PRO_MEDIUM,
Genoa,Fiorentina,2026-10-10 00:00:00,sot_under_95,75.1,PRO_STRONG,
Alanyaspor,Erzurum Bb,2026-10-10 00:00:00,sot_under_95,64.3,PRO_MEDIUM,
Genclerbirligi,Amedspor,2026-10-10 00:00:00,sot_under_95,66.3,PRO_MEDIUM,
Brest,Angers,2026-10-10 00:00:00,sot_under_95,67.0,PRO_MEDIUM,
Casa Pia,Santa Clara,2026-10-10 00:00:00,sot_under_95,80.8,PRO_STRONG,
Watford,Burnley,2026-10-10 00:00:00,sot_under_95,71.7,PRO_MEDIUM,
West Brom,Birmingham,2026-10-10 00:00:00,sot_under_95,75.4,PRO_STRONG,
Swansea,Norwich,2026-10-10 00:00:00,sot_under_95,68.5,PRO_MEDIUM,
Lorient,Paris FC,2026-10-10 00:00:00,sot_under_95,73.8,PRO_MEDIUM,
Asteras Tripolis,Atromitos,2026-10-10 00:00:00,sot_under_95,70.9,PRO_MEDIUM,
Aston Villa,Brentford,2026-10-10 00:00:00,sot_under_95,64.8,PRO_MEDIUM,
Dundee United,Hibernian,2026-10-10 00:00:00,sot_under_95,67.3,PRO_MEDIUM,
AEK Athens,Ofi Crete,2026-10-10 00:00:00,sot_under_95,56.5,PRO_MEDIUM,
Elche,Celta,2026-10-11 00:00:00,sot_under_95,71.9,PRO_MEDIUM,
Lecce,Bologna,2026-10-11 00:00:00,sot_under_95,75.2,PRO_STRONG,
Nice,Strasbourg,2026-10-11 00:00:00,sot_under_95,59.5,PRO_MEDIUM,
Gaziantep,Corum,2026-10-11 00:00:00,sot_under_95,58.6,PRO_MEDIUM,
St. Liege,Charleroi,2026-10-11 00:00:00,sot_under_95,63.8,PRO_MEDIUM,
Besiktas,Kocaelispor,2026-10-11 00:00:00,sot_under_95,58.4,PRO_MEDIUM,
Lazio,Monza,2026-10-11 00:00:00,sot_under_95,61.7,PRO_MEDIUM,
Aberdeen,St Johnstone,2026-10-11 00:00:00,sot_under_95,74.0,PRO_MEDIUM,
Konyaspor,Basaksehir,2026-10-11 00:00:00,sot_under_95,65.2,PRO_MEDIUM,
Arouca,Estrela,2026-10-11 00:00:00,sot_under_95,72.0,PRO_MEDIUM,
Crystal Palace,Nottingham,2026-10-11 00:00:00,sot_under_95,71.9,PRO_MEDIUM,
Liverpool,Man City,2026-10-11 00:00:00,sot_under_95,55.2,PRO_MEDIUM,
Aris,Volos Nfc,2026-10-11 00:00:00,sot_under_95,60.9,PRO_MEDIUM,
Troyes,Marseille,2026-10-11 00:00:00,sot_under_95,60.6,PRO_MEDIUM,
Southampton,Portsmouth,2026-10-11 00:00:00,sot_under_95,63.0,PRO_MEDIUM,
Rio Ave,Nacional,2026-10-11 00:00:00,sot_under_95,73.8,PRO_MEDIUM,
Kifisia,Panetolikos,2026-10-11 00:00:00,sot_under_95,76.2,PRO_STRONG,
Hull,Everton,2026-10-11 00:00:00,sot_under_95,74.3,PRO_MEDIUM,
Betis,Osasuna,2026-10-11 00:00:00,sot_under_95,55.0,PRO_MEDIUM,
Sassuolo,Milan,2026-10-11 00:00:00,sot_under_95,66.1,PRO_MEDIUM,
Mechelen,St Truiden,2026-10-11 00:00:00,sot_under_95,68.1,PRO_MEDIUM,
Como,Roma,2026-10-11 00:00:00,sot_under_95,64.1,PRO_MEDIUM,
Iraklis,Levadeiakos,2026-10-11 00:00:00,sot_under_95,67.6,PRO_MEDIUM,
Olympiakos,Panathinaikos,2026-10-11 00:00:00,sot_under_95,64.2,PRO_MEDIUM,
Zwolle,Cambuur,2026-10-11 00:00:00,sot_under_95,59.5,PRO_MEDIUM,
Racing Santander,Valencia,2026-10-11 00:00:00,sot_under_95,60.0,PRO_MEDIUM,
Cagliari,Juventus,2026-10-11 00:00:00,sot_under_95,66.7,PRO_MEDIUM,
Telstar,Den Haag,2026-10-11 00:00:00,sot_under_95,55.8,PRO_MEDIUM,
Sociedad,La Coruna,2026-10-11 00:00:00,sot_under_95,60.1,PRO_MEDIUM,
Coventry,Newcastle,2026-10-12 00:00:00,sot_under_95,66.2,PRO_MEDIUM,
Levante,Sevilla,2026-10-12 00:00:00,sot_under_95,71.6,PRO_MEDIUM,
Eyupspor,Goztep,2026-10-12 00:00:00,sot_under_95,70.1,PRO_MEDIUM,
Famalicao,Alverca,2026-10-12 00:00:00,sot_under_95,76.5,PRO_STRONG,
Torino,Udinese,2026-10-12 00:00:00,sot_under_95,70.3,PRO_MEDIUM,
PAOK,Kalamata,2026-10-12 00:00:00,sot_under_95,68.3,PRO_MEDIUM,
Wrexham,West Brom,2026-10-13 00:00:00,sot_under_95,74.5,PRO_MEDIUM,
Birmingham,Preston,2026-10-13 00:00:00,sot_under_95,69.8,PRO_MEDIUM,
Bristol City,Blackburn,2026-10-13 00:00:00,sot_under_95,75.0,PRO_STRONG,
Millwall,Swansea,2026-10-13 00:00:00,sot_under_95,74.5,PRO_MEDIUM,
Cardiff,Watford,2026-10-13 00:00:00,sot_under_95,56.6,PRO_MEDIUM,
Wolves,Bolton,2026-10-13 00:00:00,sot_under_95,65.2,PRO_MEDIUM,
Stoke,Middlesbrough,2026-10-13 00:00:00,sot_under_95,75.4,PRO_STRONG,
Burnley,Charlton,2026-10-13 00:00:00,sot_under_95,71.7,PRO_MEDIUM,
Norwich,Southampton,2026-10-14 00:00:00,sot_under_95,61.9,PRO_MEDIUM,
QPR,Derby,2026-10-14 00:00:00,sot_under_95,65.0,PRO_MEDIUM,
Lincoln,West Ham,2026-10-14 00:00:00,sot_under_95,65.1,PRO_MEDIUM,
Portsmouth,Sheffield United,2026-10-14 00:00:00,sot_under_95,72.1,PRO_MEDIUM,
Le Mans,Toulouse,2026-10-16 00:00:00,sot_under_95,59.3,PRO_MEDIUM,
Burnley,Wolves,2026-10-16 00:00:00,sot_under_95,71.7,PRO_MEDIUM,
La Coruna,Levante,2026-10-16 00:00:00,sot_under_95,65.7,PRO_MEDIUM,
Frosinone,Sassuolo,2026-10-16 00:00:00,sot_under_95,61.1,PRO_MEDIUM,
Erzurum Bb,Eyupspor,2026-10-17 00:00:00,sot_under_95,73.4,PRO_MEDIUM,
Aberdeen,St Mirren,2026-10-17 00:00:00,sot_under_95,75.1,PRO_STRONG,
Roma,Genoa,2026-10-17 00:00:00,sot_under_95,60.9,PRO_MEDIUM,
Everton,Chelsea,2026-10-17 00:00:00,sot_under_95,62.8,PRO_MEDIUM,
Fulham,Hull,2026-10-17 00:00:00,sot_under_95,71.4,PRO_MEDIUM,
Espanol,Ath Madrid,2026-10-17 00:00:00,sot_under_95,56.6,PRO_MEDIUM,
Amedspor,Konyaspor,2026-10-17 00:00:00,sot_under_95,62.0,PRO_MEDIUM,
Atromitos,AEK Athens,2026-10-17 00:00:00,sot_under_95,67.0,PRO_MEDIUM,
Hibernian,Falkirk,2026-10-17 00:00:00,sot_under_95,71.8,PRO_MEDIUM,
Brentford,Liverpool,2026-10-17 00:00:00,sot_under_95,59.7,PRO_MEDIUM,
Newcastle,Aston Villa,2026-10-17 00:00:00,sot_under_95,60.7,PRO_MEDIUM,
Watford,Charlton,2026-10-17 00:00:00,sot_under_95,75.0,PRO_STRONG,
Lille,Brest,2026-10-17 00:00:00,sot_under_95,65.3,PRO_MEDIUM,
Derby,Stoke,2026-10-17 00:00:00,sot_under_95,75.1,PRO_STRONG,
Levadeiakos,Volos Nfc,2026-10-17 00:00:00,sot_under_95,76.4,PRO_STRONG,
Venezia,Napoli,2026-10-17 00:00:00,sot_under_95,62.5,PRO_MEDIUM,
Wrexham,Preston,2026-10-17 00:00:00,sot_under_95,72.8,PRO_MEDIUM,
West Brom,Blackburn,2026-10-17 00:00:00,sot_under_95,75.4,PRO_STRONG,
St Johnstone,Dundee United,2026-10-17 00:00:00,sot_under_95,62.9,PRO_MEDIUM,
Bologna,Inter,2026-10-17 00:00:00,sot_under_95,63.8,PRO_MEDIUM,
Kilmarnock,Motherwell,2026-10-17 00:00:00,sot_under_95,59.7,PRO_MEDIUM,
Bristol City,Sheffield United,2026-10-17 00:00:00,sot_under_95,73.0,PRO_MEDIUM,
Valencia,Ath Bilbao,2026-10-17 00:00:00,sot_under_95,75.8,PRO_STRONG,
Middlesbrough,Cardiff,2026-10-17 00:00:00,sot_under_95,56.1,PRO_MEDIUM,
Birmingham,QPR,2026-10-17 00:00:00,sot_under_95,70.7,PRO_MEDIUM,
Nottingham,Arsenal,2026-10-18 00:00:00,sot_under_95,70.4,PRO_MEDIUM,
Fiorentina,Como,2026-10-18 00:00:00,sot_under_95,58.9,PRO_MEDIUM,
Kasimpasa,Samsunspor,2026-10-18 00:00:00,sot_under_95,69.8,PRO_MEDIUM,
Osasuna,Racing Santander,2026-10-18 00:00:00,sot_under_95,59.1,PRO_MEDIUM,
Brighton,Crystal Palace,2026-10-18 00:00:00,sot_under_95,58.4,PRO_MEDIUM,
Bournemouth,Sunderland,2026-10-18 00:00:00,sot_under_95,71.6,PRO_MEDIUM,
Le Havre,Auxerre,2026-10-18 00:00:00,sot_under_95,63.1,PRO_MEDIUM,
Basaksehir,Gaziantep,2026-10-18 00:00:00,sot_under_95,60.5,PRO_MEDIUM,
Kalamata,Ofi Crete,2026-10-18 00:00:00,sot_under_95,70.4,PRO_MEDIUM,
Panathinaikos,Asteras Tripolis,2026-10-18 00:00:00,sot_under_95,62.1,PRO_MEDIUM,
Kifisia,Aris,2026-10-18 00:00:00,sot_under_95,69.9,PRO_MEDIUM,
Angers,Marseille,2026-10-18 00:00:00,sot_under_95,57.4,PRO_MEDIUM,
Juventus,Lazio,2026-10-18 00:00:00,sot_under_95,55.1,PRO_MEDIUM,
PAOK,Iraklis,2026-10-18 00:00:00,sot_under_95,59.7,PRO_MEDIUM,
Malaga,Sociedad,2026-10-18 00:00:00,sot_under_95,63.7,PRO_MEDIUM,
Panetolikos,Olympiakos,2026-10-18 00:00:00,sot_under_95,68.9,PRO_MEDIUM,
Kocaelispor,Goztep,2026-10-18 00:00:00,sot_under_95,76.3,PRO_STRONG,
Paris FC,Rennes,2026-10-18 00:00:00,sot_under_95,61.9,PRO_MEDIUM,
Lyon,Nice,2026-10-18 00:00:00,sot_under_95,56.1,PRO_MEDIUM,
Lorient,Monaco,2026-10-18 00:00:00,sot_under_95,71.1,PRO_MEDIUM,
Udinese,Lecce,2026-10-18 00:00:00,sot_under_95,64.6,PRO_MEDIUM,
Celtic,Hearts,2026-10-18 00:00:00,sot_under_95,55.0,PRO_MEDIUM,
Celta,Alaves,2026-10-18 00:00:00,sot_under_95,71.5,PRO_MEDIUM,
Leeds,Man United,2026-10-18 00:00:00,sot_under_95,62.7,PRO_MEDIUM,
Milan,Atalanta,2026-10-18 00:00:00,sot_under_95,64.0,PRO_MEDIUM,
Parma,Torino,2026-10-19 00:00:00,sot_under_95,75.8,PRO_STRONG,
Tottenham,Coventry,2026-10-19 00:00:00,sot_under_95,70.4,PRO_MEDIUM,
Monza,Cagliari,2026-10-19 00:00:00,sot_under_95,67.3,PRO_MEDIUM,
Getafe,Vallecano,2026-10-19 00:00:00,sot_under_95,74.9,PRO_MEDIUM,
Wolves,Portsmouth,2026-10-20 00:00:00,sot_under_95,72.8,PRO_MEDIUM,
Levante,Ath Bilbao,2026-10-21 00:00:00,sot_under_95,68.3,PRO_MEDIUM,
Brest,Nice,2026-10-23 00:00:00,sot_under_95,68.9,PRO_MEDIUM,
Alaves,Malaga,2026-10-23 00:00:00,sot_under_95,70.4,PRO_MEDIUM,
Alanyaspor,Kocaelispor,2026-10-23 00:00:00,sot_under_95,72.4,PRO_MEDIUM,
Guimaraes,Maritimo,2026-10-23 00:00:00,sot_under_95,68.3,PRO_MEDIUM,
Kortrijk,Mechelen,2026-10-23 00:00:00,sot_under_95,71.3,PRO_MEDIUM,
Torino,Monza,2026-10-23 00:00:00,sot_under_95,66.8,PRO_MEDIUM,
Bolton,Middlesbrough,2026-10-23 00:00:00,sot_under_95,63.8,PRO_MEDIUM,
Ipswich,Nottingham,2026-10-23 00:00:00,sot_under_95,64.5,PRO_MEDIUM,
